,ί–Ό,θϋ,Ηx@i”­¶’nj,Ηπ”ΤE’“έi”­¶’nj,s‹ζ’¬‘ΊƒR[ƒhi”­¶’nj,“s“Ή•{§i”­¶’nj,s‹ζ’¬‘Ίi”­¶’nj,’¬’–Ϊi”­¶’nj,”­¶”N“ϊinϊj,”­¶inϊj,”­¶κ‚Μ‘®«,»‹ΰ”νQ‚Μ—L–³
0,ή“,©“®”Μ”„‹@‚Λ‚η‚Ά,’†‰›,“ϊ–{‹΄π”Τ,131024,“‹“s,’†‰›‹ζ,“ϊ–{‹΄¬M’¬,2019-07-30,15,“ΉHγ,‚ ‚θ
1,ή“,©“®”Μ”„‹@‚Λ‚η‚Ά,’†‰›,”dF’Κπ”Τ,131024,“‹“s,’†‰›‹ζ,‹‹΄‚P’–Ϊ,2019-07-19,14,“ΉHγ,‚ ‚θ
2,ή“,©“®”Μ”„‹@‚Λ‚η‚Ά,’†‰›,”dF’Κπ”Τ,131024,“‹“s,’†‰›‹ζ,“ϊ–{‹΄‚R’–Ϊ,2019-07-25,11,“ΉHγ,‚ ‚θ
3,ή“,©“®”Μ”„‹@‚Λ‚η‚Ά,’†‰›,”dF’Κπ”Τ,131024,“‹“s,’†‰›‹ζ,”dF‚Q’–Ϊ,2019-07-23,17,“ΉHγ,‚ ‚θ
4,ή“,©“®”Μ”„‹@‚Λ‚η‚Ά,’†‰›,”dF’Κπ”Τ,131024,“‹“s,’†‰›‹ζ,”dF‚Q’–Ϊ,2019-07-25,15,’“Τi—Φjκ,‚ ‚θ
5,ή“,©“®”Μ”„‹@‚Λ‚η‚Ά,’†‰›,”dF’Κπ”Τ,131024,“‹“s,’†‰›‹ζ,”dF‚Q’–Ϊ,2019-07-26,18,“ΉHγ,‚ ‚θ
6,ή“,©“®”Μ”„‹@‚Λ‚η‚Ά,’†‰›,”’–xπ”Τ,131024,“‹“s,’†‰›‹ζ,”’–x‚P’–Ϊ,2019-07-19,14,“ΉHγ,‚ ‚θ
7,ή“,©“®”Μ”„‹@‚Λ‚η‚Ά,’†‰›,”’–xπ”Τ,131024,“‹“s,’†‰›‹ζ,”’–x‚P’–Ϊ,2019-07-29,12,“ΉHγ,‚ ‚θ
8,ή“,©“®”Μ”„‹@‚Λ‚η‚Ά,’†‰›,”’–xπ”Τ,131024,“‹“s,’†‰›‹ζ,”’–x‚R’–Ϊ,2019-08-05,05,“ΉHγ,‚ ‚θ
9,ή“,©“®”Μ”„‹@‚Λ‚η‚Ά,’†‰›,‚‹΄π”Τ,131024,“‹“s,’†‰›‹ζ,Vμ‚Q’–Ϊ,2019-07-23,12,“ΉHγ,‚ ‚θ
10,ή“,©“®”Μ”„‹@‚Λ‚η‚Ά,’†‰›,‚‹΄π”Τ,131024,“‹“s,’†‰›‹ζ,Vμ‚Q’–Ϊ,2019-07-23,12,“ΉHγ,‚ ‚θ
11,ή“,©“®”Μ”„‹@‚Λ‚η‚Ά,’†‰›,‚‹΄π”Τ,131024,“‹“s,’†‰›‹ζ,Vμ‚Q’–Ϊ,2019-07-23,17,“ΉHγ,‚ ‚θ
12,ή“,©“®”Μ”„‹@‚Λ‚η‚Ά,[μ,X‰Ίπ”Τ,131083,“‹“s,]“‹ζ,V‘ε‹΄‚R’–Ϊ,2019-03-04,20,“ΉHγ,‚ ‚θ
13,ή“,©“®”Μ”„‹@‚Λ‚η‚Ά,[μ,X‰Ίπ”Τ,131083,“‹“s,]“‹ζ,ν”Υ‚Q’–Ϊ,2019-11-14,12,“ΉHγ,‚ ‚θ
14,ή“,©“®”Μ”„‹@‚Λ‚η‚Ά,[μ,Z‹gπ”Τ,131083,“‹“s,]“‹ζ,ξ‹΄‚R’–Ϊ,2019-08-23,16,“ΉHγ,‚ ‚θ
15,ή“,©“®”Μ”„‹@‚Λ‚η‚Ά,[μ,η“cπ”Τ,131083,“‹“s,]“‹ζ,η“c,2019-01-01,00,’“Τi—Φjκ,‚ ‚θ
16,ή“,©“®”Μ”„‹@‚Λ‚η‚Ά,’¬,sƒP’J©•tπ”Τ,131016,“‹“s,η‘γ“c‹ζ,‹γ’i–k‚S’–Ϊ,2019-07-31,12,“ΉHγ,‚ ‚θ
17,ή“,©“®”Μ”„‹@‚Λ‚η‚Ά,Ϋ‚Μ“ΰ,“ϊ”δ’Jφ‰€‘Oπ”Τ,131016,“‹“s,η‘γ“c‹ζ,c‹O‰‘,2019-02-21,21,‚»‚Μ‘Ό,‚ ‚θ
18,ή“,©“®”Μ”„‹@‚Λ‚η‚Ά,Ϋ‚Μ“ΰ,“‹‰w‘Oπ”Τ,131016,“‹“s,η‘γ“c‹ζ,Ϋ‚Μ“ΰ‚P’–Ϊ,2019-02-15,15,‚»‚Μ‘Ό,‚Θ‚µ
19,ή“,©“®”Μ”„‹@‚Λ‚η‚Ά,Ϋ‚Μ“ΰ,”dFϋπ”Τ,131016,“‹“s,η‘γ“c‹ζ,Ϋ‚Μ“ΰ‚P’–Ϊ,2019-08-31,16,‚»‚Μ‘Ό,‚ ‚θ
20,ή“,©“®”Μ”„‹@‚Λ‚η‚Ά,_“c,i’¬π”Τ,131016,“‹“s,η‘γ“c‹ζ,_“c‘½’¬‚Q’–Ϊ,2019-07-12,14,“ΉHγ,‚ ‚θ
21,ή“,©“®”Μ”„‹@‚Λ‚η‚Ά,_“c,i’¬π”Τ,131016,“‹“s,η‘γ“c‹ζ,_“c‘½’¬‚Q’–Ϊ,2019-07-16,16,“ΉHγ,‚ ‚θ
22,ή“,©“®”Μ”„‹@‚Λ‚η‚Ά,_“c,i’¬π”Τ,131016,“‹“s,η‘γ“c‹ζ,_“c‘½’¬‚Q’–Ϊ,2019-07-18,15,‚»‚Μ‘Ό,‚ ‚θ
23,ή“,©“®”Μ”„‹@‚Λ‚η‚Ά,_“c,_•Ϋ’¬π”Τ,131016,“‹“s,η‘γ“c‹ζ,_“c_•Ϋ’¬‚P’–Ϊ,2019-07-20,06,‚»‚Μ‘Ό,‚ ‚θ
24,ή“,©“®”Μ”„‹@‚Λ‚η‚Ά,_“c,_•Ϋ’¬π”Τ,131016,“‹“s,η‘γ“c‹ζ,_“c_•Ϋ’¬‚Q’–Ϊ,2019-10-08,08,“ΉHγ,‚ ‚θ
25,ή“,©“®”Μ”„‹@‚Λ‚η‚Ά,_“c,…“Ή‹΄‰w‘Oπ”Τ,131016,“‹“s,η‘γ“c‹ζ,Ό_“c‚P’–Ϊ,2019-07-24,13,‚»‚Μ‘Ό,‚ ‚θ
26,ή“,©“®”Μ”„‹@‚Λ‚η‚Ά,–Ά‹΄,_“c‰wπ”Τ,131016,“‹“s,η‘γ“c‹ζ,’b–θ’¬‚P’–Ϊ,2019-12-13,09,‚»‚Μ‘Ό,‚ ‚θ
27,ή“,©“®”Μ”„‹@‚Λ‚η‚Ά,–Ά‹΄,_“c‰wπ”Τ,131016,“‹“s,η‘γ“c‹ζ,_“c’b–θ’¬‚R’–Ϊ,2019-07-18,15,’“Τi—Φjκ,‚ ‚θ
28,ή“,©“®”Μ”„‹@‚Λ‚η‚Ά,–Ά‹΄,_“c‰wπ”Τ,131016,“‹“s,η‘γ“c‹ζ,_“c®‰®’¬,2019-07-19,09,‚»‚Μ‘Ό,‚ ‚θ
29,ή“,©“®”Μ”„‹@‚Λ‚η‚Ά,–Ά‹΄,_“c‰wπ”Τ,131016,“‹“s,η‘γ“c‹ζ,_“c{“c’¬‚Q’–Ϊ,2019-07-29,15,“ΉHγ,‚ ‚θ
30,ή“,©“®”Μ”„‹@‚Λ‚η‚Ά,–Ά‹΄,β–{’¬π”Τ,131016,“‹“s,η‘γ“c‹ζ,β–{’¬‚Q’–Ϊ,2019-07-19,15,‚»‚Μ‘Ό,‚ ‚θ
31,ή“,©“®”Μ”„‹@‚Λ‚η‚Ά,–Ά‹΄,”ό‘q‹΄π”Τ,131016,“‹“s,η‘γ“c‹ζ,_“c²‹vΤ’¬‚S’–Ϊ,2019-07-31,12,‚»‚Μ‘Ό,‚ ‚θ
32,ή“,©“®”Μ”„‹@‚Λ‚η‚Ά,–Ά‹΄,H—t΄π”Τ,131016,“‹“s,η‘γ“c‹ζ,O_“c‚P’–Ϊ,2019-11-30,23,“ΉHγ,‚Θ‚µ
33,ή“,©“®”Μ”„‹@‚Λ‚η‚Ά,–Ά‹΄,H—t΄π”Τ,131016,“‹“s,η‘γ“c‹ζ,O_“c‚T’–Ϊ,2019-06-24,13,‚»‚Μ‘Ό,‚ ‚θ
34,ή“,©“®”Μ”„‹@‚Λ‚η‚Ά,–Ά‹΄,H—t΄π”Τ,131016,“‹“s,η‘γ“c‹ζ,O_“c‚U’–Ϊ,2019-07-10,09,‚»‚Μ‘Ό,‚ ‚θ
35,ή“,©“®”Μ”„‹@‚Λ‚η‚Ά,‹vΌ,” θπ”Τ,131024,“‹“s,’†‰›‹ζ,“ϊ–{‹΄”n‹ς’¬‚Q’–Ϊ,2019-07-11,06,“ΉHγ,‚ ‚θ
36,ή“,©“®”Μ”„‹@‚Λ‚η‚Ά,‹vΌ,““ϊ–{‹΄π”Τ,131024,“‹“s,’†‰›‹ζ,““ϊ–{‹΄‚P’–Ϊ,2019-07-31,08,“ΉHγ,‚ ‚θ
37,ή“,©“®”Μ”„‹@‚Λ‚η‚Ά,‹vΌ,–β‰®‹΄π”Τ,131024,“‹“s,’†‰›‹ζ,“ϊ–{‹΄l`’¬‚Q’–Ϊ,2019-07-26,09,“ΉHγ,‚ ‚θ
38,ή“,©“®”Μ”„‹@‚Λ‚η‚Ά,‹vΌ,–β‰®‹΄π”Τ,131024,“‹“s,’†‰›‹ζ,“ϊ–{‹΄l`’¬‚R’–Ϊ,2019-07-18,15,“ΉHγ,‚ ‚θ
39,ή“,©“®”Μ”„‹@‚Λ‚η‚Ά,’z’n,‹βΐκ’–Ϊπ”Τ,131024,“‹“s,’†‰›‹ζ,‹βΐ‚Q’–Ϊ,2019-07-12,10,‚»‚Μ‘Ό,‚ ‚θ
40,ή“,©“®”Μ”„‹@‚Λ‚η‚Ά,’z’n,‹βΐκ’–Ϊπ”Τ,131024,“‹“s,’†‰›‹ζ,‹βΐ‚Q’–Ϊ,2019-07-26,06,’“Τi—Φjκ,‚ ‚θ
41,ή“,©“®”Μ”„‹@‚Λ‚η‚Ά,’z’n,¬“c΄’¬π”Τ,131024,“‹“s,’†‰›‹ζ,’z’n‚U’–Ϊ,2019-07-22,09,“ΉHγ,‚ ‚θ
42,ή“,©“®”Μ”„‹@‚Λ‚η‚Ά,’z’n,–©π”Τ,131024,“‹“s,’†‰›‹ζ,–©‚R’–Ϊ,2019-02-20,12,’“Τi—Φjκ,‚ ‚θ
43,ή“,©“®”Μ”„‹@‚Λ‚η‚Ά,’z’n,–©π”Τ,131024,“‹“s,’†‰›‹ζ,–©‚R’–Ϊ,2019-12-04,12,’“Τi—Φjκ,‚ ‚θ
44,ή“,©“®”Μ”„‹@‚Λ‚η‚Ά,¤“†,V‹΄‰w‘Oπ”Τ,131032,“‹“s,`‹ζ,ΌV‹΄‚P’–Ϊ,2019-12-30,17,‚»‚Μ‘Ό,‚ ‚θ
45,ή“,©“®”Μ”„‹@‚Λ‚η‚Ά,–ƒ•z,·‰’¬π”Τ,131032,“‹“s,`‹ζ,³–ƒ•z‚Q’–Ϊ,2019-01-20,15,’“Τi—Φjκ,‚Θ‚µ
46,ή“,©“®”Μ”„‹@‚Λ‚η‚Ά,Τβ,•\Q“Ήπ”Τ,131032,“‹“s,`‹ζ,–kΒR‚R’–Ϊ,2019-07-21,13,‚»‚Μ‘Ό,‚ ‚θ
47,ή“,©“®”Μ”„‹@‚Λ‚η‚Ά,“‹pέ,“s‹΄π”Τ,131083,“‹“s,]“‹ζ,“‰_‚P’–Ϊ,2019-09-27,19,‚»‚Μ‘Ό,‚ ‚θ
48,ή“,©“®”Μ”„‹@‚Λ‚η‚Ά,•iμ,‘δκπ”Τ,131091,“‹“s,•iμ‹ζ,–k•iμ‚P’–Ϊ,2019-07-14,06,“ΉHγ,‚ ‚θ
49,ή“,©“®”Μ”„‹@‚Λ‚η‚Ά,•iμ,‘δκπ”Τ,131091,“‹“s,•iμ‹ζ,“μ•iμ‚P’–Ϊ,2019-10-24,13,“ΉHγ,‚ ‚θ
50,ή“,©“®”Μ”„‹@‚Λ‚η‚Ά,•iμ,δ“aRπ”Τ,131091,“‹“s,•iμ‹ζ,“ά”½“c‚Q’–Ϊ,2019-02-06,13,’“Τi—Φjκ,‚ ‚θ
51,ή“,©“®”Μ”„‹@‚Λ‚η‚Ά,•iμ,Β•¨‰΅’‰w‘Oπ”Τ,131091,“‹“s,•iμ‹ζ,–k•iμ‚R’–Ϊ,2019-11-07,12,“ΉHγ,‚ ‚θ
52,ή“,©“®”Μ”„‹@‚Λ‚η‚Ά,‘εδ,—§‰ομπ”Τ,131091,“‹“s,•iμ‹ζ,“‘εδ‚Q’–Ϊ,2019-12-24,09,“ΉHγ,‚ ‚θ
53,ή“,©“®”Μ”„‹@‚Λ‚η‚Ά,‰`΄,‰`΄’†‰„‰w‘Oπ”Τ,131091,“‹“s,•iμ‹ζ,Ό’†‰„‚R’–Ϊ,2018-12-28,09,“ΉHγ,‚ ‚θ
54,ή“,©“®”Μ”„‹@‚Λ‚η‚Ά,‰`΄,•½’Λ‹΄π”Τ,131091,“‹“s,•iμ‹ζ,•½’Λ‚R’–Ϊ,2019-01-19,10,’“Τi—Φjκ,‚Θ‚µ
55,ή“,©“®”Μ”„‹@‚Λ‚η‚Ά,‰`΄,Λ‰zπ”Τ,131091,“‹“s,•iμ‹ζ,Λ‰z‚S’–Ϊ,2019-11-27,15,’“Τi—Φjκ,‚ ‚θ
56,ή“,©“®”Μ”„‹@‚Λ‚η‚Ά,‰`΄,‹{‘Oπ”Τ,131091,“‹“s,•iμ‹ζ,–L’¬‚Q’–Ϊ,2019-02-13,10,‚»‚Μ‘Ό,‚ ‚θ
57,ή“,©“®”Μ”„‹@‚Λ‚η‚Ά,‰`΄,–L’¬π”Τ,131091,“‹“s,•iμ‹ζ,Λ‰z‚T’–Ϊ,2019-08-29,02,‚»‚Μ‘Ό,‚ ‚θ
58,ή“,©“®”Μ”„‹@‚Λ‚η‚Ά,‰`΄,Ή‘Oπ”Τ,131091,“‹“s,•iμ‹ζ,’†‰„‚S’–Ϊ,2018-12-24,09,“ΉHγ,‚ ‚θ
59,ή“,©“®”Μ”„‹@‚Λ‚η‚Ά,‘εX,XƒPθπ”Τ,131113,“‹“s,‘ε“c‹ζ,‘εX“‚R’–Ϊ,2019-06-27,20,‚»‚Μ‘Ό,‚ ‚θ
60,ή“,©“®”Μ”„‹@‚Λ‚η‚Ά,‘εX,XƒPθπ”Τ,131113,“‹“s,‘ε“c‹ζ,‘εX“‚R’–Ϊ,2019-07-07,12,‚»‚Μ‘Ό,‚ ‚θ
61,ή“,©“®”Μ”„‹@‚Λ‚η‚Ά,‘εX,‘εXCέπ”Τ,131113,“‹“s,‘ε“c‹ζ,‘εX–k‚R’–Ϊ,2019-06-26,11,“ΉHγ,‚ ‚θ
62,ή“,©“®”Μ”„‹@‚Λ‚η‚Ά,‘εX,‘εXCέπ”Τ,131113,“‹“s,‘ε“c‹ζ,‘εX–k‚U’–Ϊ,2019-06-25,16,’“Τi—Φjκ,‚ ‚θ
63,ή“,©“®”Μ”„‹@‚Λ‚η‚Ά,‘εX,‘εXCέπ”Τ,131113,“‹“s,‘ε“c‹ζ,•½a“‡‚P’–Ϊ,2019-01-09,16,‚»‚Μ‘Ό,‚ ‚θ
64,ή“,©“®”Μ”„‹@‚Λ‚η‚Ά,‘εX,‘εX‰w‘Oπ”Τ,131113,“‹“s,‘ε“c‹ζ,‘εX–k‚P’–Ϊ,2019-06-28,12,‚»‚Μ‘Ό,‚ ‚θ
65,ή“,©“®”Μ”„‹@‚Λ‚η‚Ά,‘εX,‘εX‰w‘Oπ”Τ,131113,“‹“s,‘ε“c‹ζ,‘εX–k‚P’–Ϊ,2019-06-28,12,“ΉHγ,‚ ‚θ
66,ή“,©“®”Μ”„‹@‚Λ‚η‚Ά,‘εX,‘εX‰w‘Oπ”Τ,131113,“‹“s,‘ε“c‹ζ,‘εX–k‚S’–Ϊ,2019-06-18,14,‚»‚Μ‘Ό,‚ ‚θ
67,ή“,©“®”Μ”„‹@‚Λ‚η‚Ά,‘εX,‘εX‰w‘Oπ”Τ,131113,“‹“s,‘ε“c‹ζ,‘εX–k‚S’–Ϊ,2019-06-25,17,‚»‚Μ‘Ό,‚ ‚θ
68,ή“,©“®”Μ”„‹@‚Λ‚η‚Ά,‘εX,‘εX‰w‘Oπ”Τ,131113,“‹“s,‘ε“c‹ζ,‘εX–k‚S’–Ϊ,2019-07-02,14,“ΉHγ,‚ ‚θ
69,ή“,©“®”Μ”„‹@‚Λ‚η‚Ά,‘εX,‘εX‰w‘Oπ”Τ,131113,“‹“s,‘ε“c‹ζ,‘εX–k‚T’–Ϊ,2019-06-25,12,‚»‚Μ‘Ό,‚ ‚θ
70,ή“,©“®”Μ”„‹@‚Λ‚η‚Ά,“c‰€’²•z,τ‘«’rπ”Τ,131113,“‹“s,‘ε“c‹ζ,γ’r‘δ‚S’–Ϊ,2019-06-19,04,‚»‚Μ‘Ό,‚ ‚θ
71,ή“,©“®”Μ”„‹@‚Λ‚η‚Ά,“c‰€’²•z,“c‰€’²•z‰w‘Oπ”Τ,131113,“‹“s,‘ε“c‹ζ,“c‰€’²•z‚Q’–Ϊ,2019-02-18,21,‚»‚Μ‘Ό,‚ ‚θ
72,ή“,©“®”Μ”„‹@‚Λ‚η‚Ά,“c‰€’²•z,‰L‚Μ–Ψ‰w‘Oπ”Τ,131113,“‹“s,‘ε“c‹ζ,‰L‚Μ–Ψ‚P’–Ϊ,2019-11-05,02,‚»‚Μ‘Ό,‚ ‚θ
73,ή“,©“®”Μ”„‹@‚Λ‚η‚Ά,“c‰€’²•z,‰L‚Μ–Ψ‰w‘Oπ”Τ,131113,“‹“s,‘ε“c‹ζ,‰L‚Μ–Ψ‚P’–Ϊ,2019-11-12,10,‚»‚Μ‘Ό,‚Θ‚µ
74,ή“,©“®”Μ”„‹@‚Λ‚η‚Ά,“c‰€’²•z,‘½–€μ‘δ’“έ,131113,“‹“s,‘ε“c‹ζ,“c‰€’²•z‚T’–Ϊ,2019-02-09,16,‚»‚Μ‘Ό,‚ ‚θ
75,ή“,©“®”Μ”„‹@‚Λ‚η‚Ά,“c‰€’²•z,Ϋq‹΄π”Τ,131113,“‹“s,‘ε“c‹ζ,“c‰€’²•z“μ,2019-01-14,17,‚»‚Μ‘Ό,‚ ‚θ
76,ή“,©“®”Μ”„‹@‚Λ‚η‚Ά,“c‰€’²•z,Ϋq‹΄π”Τ,131113,“‹“s,‘ε“c‹ζ,Ό—δ’¬,2019-02-21,11,‚»‚Μ‘Ό,‚ ‚θ
77,ή“,©“®”Μ”„‹@‚Λ‚η‚Ά,—“c,—“c‰w“ϋπ”Τ,131113,“‹“s,‘ε“c‹ζ,—“c‚T’–Ϊ,2019-01-01,20,’“Τi—Φjκ,‚ ‚θ
78,ή“,©“®”Μ”„‹@‚Λ‚η‚Ά,—“c,—“c‰wΌϋπ”Τ,131113,“‹“s,‘ε“c‹ζ,Ό—“c‚V’–Ϊ,2019-02-10,09,‚»‚Μ‘Ό,‚ ‚θ
79,ή“,©“®”Μ”„‹@‚Λ‚η‚Ά,—“c,GFπ”Τ,131113,“‹“s,‘ε“c‹ζ,’‡Z‹½‚P’–Ϊ,2019-08-24,21,‚»‚Μ‘Ό,‚ ‚θ
80,ή“,©“®”Μ”„‹@‚Λ‚η‚Ά,—“c,GFπ”Τ,131113,“‹“s,‘ε“c‹ζ,’‡Z‹½‚P’–Ϊ,2019-09-28,12,‚»‚Μ‘Ό,‚ ‚θ
81,ή“,©“®”Μ”„‹@‚Λ‚η‚Ά,—“c,–{‰H“cπ”Τ,131113,“‹“s,‘ε“c‹ζ,–{‰H“c‚P’–Ϊ,2019-05-10,10,“ΉHγ,‚ ‚θ
82,ή“,©“®”Μ”„‹@‚Λ‚η‚Ά,’rγ,s–μ‘qπ”Τ,131113,“‹“s,‘ε“c‹ζ,’†‰›‚U’–Ϊ,2019-11-19,14,’“Τi—Φjκ,‚ ‚θ
83,ή“,©“®”Μ”„‹@‚Λ‚η‚Ά,’rγ,“μ”nπ”Τ,131113,“‹“s,‘ε“c‹ζ,“μ”n‚T’–Ϊ,2019-06-27,21,‚»‚Μ‘Ό,‚ ‚θ
84,ή“,©“®”Μ”„‹@‚Λ‚η‚Ά,Ά“c’J,O¬’ƒ‰®π”Τ,131121,“‹“s,Ά“c’J‹ζ,‘Ύq“°‚S’–Ϊ,2019-11-03,12,‚»‚Μ‘Ό,‚ ‚θ
85,ή“,©“®”Μ”„‹@‚Λ‚η‚Ά,Ά“c’J,Ohπ”Τ,131121,“‹“s,Ά“c’J‹ζ,Oh‚Q’–Ϊ,2019-06-26,14,“ΉHγ,‚ ‚θ
86,ή“,©“®”Μ”„‹@‚Λ‚η‚Ά,Ά“c’J,γ”nπ”Τ,131121,“‹“s,Ά“c’J‹ζ,·‚Q’–Ϊ,2019-01-10,15,‚»‚Μ‘Ό,‚ ‚θ
87,ή“,©“®”Μ”„‹@‚Λ‚η‚Ά,Ά“c’J,χ‹uπ”Τ,131121,“‹“s,Ά“c’J‹ζ,χ‹u‚R’–Ϊ,2019-08-31,10,‚»‚Μ‘Ό,‚ ‚θ
88,ή“,©“®”Μ”„‹@‚Λ‚η‚Ά,–k‘ς,o“°‰w‘Oπ”Τ,131121,“‹“s,Ά“c’J‹ζ,o“°‚S’–Ϊ,2019-07-26,11,‚»‚Μ‘Ό,‚ ‚θ
89,ή“,©“®”Μ”„‹@‚Λ‚η‚Ά,–k‘ς,o“°‰w‘Oπ”Τ,131121,“‹“s,Ά“c’J‹ζ,o“°‚S’–Ϊ,2019-07-27,21,‚»‚Μ‘Ό,‚ ‚θ
90,ή“,©“®”Μ”„‹@‚Λ‚η‚Ά,–k‘ς,‹{‘O‹΄π”Τ,131121,“‹“s,Ά“c’J‹ζ,‘γ“c‚P’–Ϊ,2019-06-14,10,‚»‚Μ‘Ό,‚ ‚θ
91,ή“,©“®”Μ”„‹@‚Λ‚η‚Ά,–k‘ς,’W“‡’Κπ”Τ,131121,“‹“s,Ά“c’J‹ζ,‘γ“c‚P’–Ϊ,2019-04-26,02,‚»‚Μ‘Ό,‚Θ‚µ
92,ή“,©“®”Μ”„‹@‚Λ‚η‚Ά,–k‘ς,‰Ί–k‘ςπ”Τ,131121,“‹“s,Ά“c’J‹ζ,–k‘ς‚Q’–Ϊ,2019-07-29,13,“ΉHγ,‚ ‚θ
93,ή“,©“®”Μ”„‹@‚Λ‚η‚Ά,–k‘ς,‰Ί–k‘ςπ”Τ,131121,“‹“s,Ά“c’J‹ζ,–k‘ς‚T’–Ϊ,2019-07-18,14,‚»‚Μ‘Ό,‚ ‚θ
94,ή“,©“®”Μ”„‹@‚Λ‚η‚Ά,–k‘ς,‰Ί–k‘ςπ”Τ,131121,“‹“s,Ά“c’J‹ζ,‘γ“c‚U’–Ϊ,2019-07-30,15,“ΉHγ,‚ ‚θ
95,ή“,©“®”Μ”„‹@‚Λ‚η‚Ά,–k‘ς,–Ύ‘ε‘O‰w‘Oπ”Τ,131121,“‹“s,Ά“c’J‹ζ,Ό΄‚Q’–Ϊ,2019-11-17,19,‚»‚Μ‘Ό,‚ ‚θ
96,ή“,©“®”Μ”„‹@‚Λ‚η‚Ά,‹Κμ,“ρq‹Κμπ”Τ,131121,“‹“s,Ά“c’J‹ζ,‹Κμ‚Q’–Ϊ,2019-08-15,23,‚»‚Μ‘Ό,‚Θ‚µ
97,ή“,©“®”Μ”„‹@‚Λ‚η‚Ά,‹Κμ,—p‰κπ”Τ,131121,“‹“s,Ά“c’J‹ζ,—p‰κ‚Q’–Ϊ,2019-04-18,08,‚»‚Μ‘Ό,‚ ‚θ
98,ή“,©“®”Μ”„‹@‚Λ‚η‚Ά,‹Κμ,[‘ςπ”Τ,131121,“‹“s,Ά“c’J‹ζ,[‘ς‚R’–Ϊ,2019-04-20,05,‚»‚Μ‘Ό,‚ ‚θ
99,ή“,©“®”Μ”„‹@‚Λ‚η‚Ά,‹Κμ,[‘ςπ”Τ,131121,“‹“s,Ά“c’J‹ζ,[‘ς‚U’–Ϊ,2019-06-26,15,’“Τi—Φjκ,‚ ‚θ
100,ή“,©“®”Μ”„‹@‚Λ‚η‚Ά,‹Κμ,”n–φ‰‘‘O’“έ,131121,“‹“s,Ά“c’J‹ζ,γ—p‰κ‚P’–Ϊ,2019-06-13,08,‚»‚Μ‘Ό,‚ ‚θ
101,ή“,©“®”Μ”„‹@‚Λ‚η‚Ά,‹Κμ,”φR‘δ’“έ,131121,“‹“s,Ά“c’J‹ζ,‹Κ’η‚P’–Ϊ,2019-04-08,17,‚»‚Μ‘Ό,‚ ‚θ
102,ή“,©“®”Μ”„‹@‚Λ‚η‚Ά,‹Κμ,”φR‘δ’“έ,131121,“‹“s,Ά“c’J‹ζ,‹Κ’η‚Q’–Ϊ,2019-04-08,22,‚»‚Μ‘Ό,‚ ‚θ
103,ή“,©“®”Μ”„‹@‚Λ‚η‚Ά,¬ι,¬ιπ”Τ,131121,“‹“s,Ά“c’J‹ζ,¬ι‚P’–Ϊ,2019-11-16,23,‚»‚Μ‘Ό,‚ ‚θ
104,ή“,©“®”Μ”„‹@‚Λ‚η‚Ά,¬ι,‰GRπ”Τ,131121,“‹“s,Ά“c’J‹ζ,–k‰GR‚P’–Ϊ,2019-09-05,09,“ΉHγ,‚ ‚θ
105,ή“,©“®”Μ”„‹@‚Λ‚η‚Ά,¬ι,ηΞ‘D‹΄‰w‘Oπ”Τ,131121,“‹“s,Ά“c’J‹ζ,ηΞ‘δ‚Q’–Ϊ,2019-04-30,10,’“Τi—Φjκ,‚ ‚θ
106,ή“,©“®”Μ”„‹@‚Λ‚η‚Ά,¬ι,“•σ‘Oπ”Τ,131121,“‹“s,Ά“c’J‹ζ,‘ε‘ ‚U’–Ϊ,2019-04-18,22,‚»‚Μ‘Ό,‚ ‚θ
107,ή“,©“®”Μ”„‹@‚Λ‚η‚Ά,¬ι,™“c’“έ,131121,“‹“s,Ά“c’J‹ζ,‰F“ή‚P’–Ϊ,2019-07-03,03,‚»‚Μ‘Ό,‚ ‚θ
108,ή“,©“®”Μ”„‹@‚Λ‚η‚Ά,¬ι,™“c’“έ,131121,“‹“s,Ά“c’J‹ζ,™“c‚P’–Ϊ,2019-07-02,18,‚»‚Μ‘Ό,‚ ‚θ
109,ή“,©“®”Μ”„‹@‚Λ‚η‚Ά,¬ι,™“c’“έ,131121,“‹“s,Ά“c’J‹ζ,™“c‚Q’–Ϊ,2019-03-25,09,“ΉHγ,‚ ‚θ
110,ή“,©“®”Μ”„‹@‚Λ‚η‚Ά,¬ι,–k‰GR’“έ,131121,“‹“s,Ά“c’J‹ζ,–k‰GR‚T’–Ϊ,2019-03-14,12,‚»‚Μ‘Ό,‚ ‚θ
111,ή“,©“®”Μ”„‹@‚Λ‚η‚Ά,¬ι,–k‰GR’“έ,131121,“‹“s,Ά“c’J‹ζ,–k‰GR‚T’–Ϊ,2019-03-19,09,‚»‚Μ‘Ό,‚ ‚θ
112,ή“,©“®”Μ”„‹@‚Λ‚η‚Ά,¬ι,χγ…π”Τ,131121,“‹“s,Ά“c’J‹ζ,χγ…‚R’–Ϊ,2019-06-21,15,‚»‚Μ‘Ό,‚ ‚θ
113,ή“,©“®”Μ”„‹@‚Λ‚η‚Ά,–Ϊ•,‰Ί–Ϊ•π”Τ,131105,“‹“s,–Ϊ•‹ζ,‰Ί–Ϊ•‚Q’–Ϊ,2019-12-10,18,‚»‚Μ‘Ό,‚ ‚θ
114,ή“,©“®”Μ”„‹@‚Λ‚η‚Ά,–Ϊ•,hRπ”Τ,131105,“‹“s,–Ϊ•‹ζ,γ–Ϊ•‚T’–Ϊ,2019-03-05,23,‚»‚Μ‘Ό,‚ ‚θ
115,ή“,©“®”Μ”„‹@‚Λ‚η‚Ά,–Ϊ•,‘ε‹΄π”Τ,131105,“‹“s,–Ϊ•‹ζ,‹ξκ‚R’–Ϊ,2019-08-16,13,‚»‚Μ‘Ό,‚ ‚θ
116,ή“,©“®”Μ”„‹@‚Λ‚η‚Ά,–Ϊ•,‘ε‹΄π”Τ,131105,“‹“s,–Ϊ•‹ζ,‹ξκ‚R’–Ϊ,2019-08-16,13,‚»‚Μ‘Ό,‚ ‚θ
117,ή“,©“®”Μ”„‹@‚Λ‚η‚Ά,”θ•¶’J,`‚Μ–Ψβπ”Τ,131105,“‹“s,–Ϊ•‹ζ,”‰_‚P’–Ϊ,2019-04-21,16,‚»‚Μ‘Ό,‚ ‚θ
118,ή“,©“®”Μ”„‹@‚Λ‚η‚Ά,”θ•¶’J,΄’¬π”Τ,131105,“‹“s,–Ϊ•‹ζ,τ‘«‚Q’–Ϊ,2019-09-19,05,‚»‚Μ‘Ό,‚ ‚θ
119,ή“,©“®”Μ”„‹@‚Λ‚η‚Ά,a’J,‰F“cμπ”Τ,131130,“‹“s,a’J‹ζ,‰F“cμ’¬,2019-01-29,10,“ΉHγ,‚ ‚θ
120,ή“,©“®”Μ”„‹@‚Λ‚η‚Ά,a’J,‰F“cμπ”Τ,131130,“‹“s,a’J‹ζ,‰~R’¬,2019-06-13,17,’“Τi—Φjκ,‚ ‚θ
121,ή“,©“®”Μ”„‹@‚Λ‚η‚Ά,a’J,b”δυ‰w‘Oπ”Τ,131130,“‹“s,a’J‹ζ,b”δυ‚S’–Ϊ,2019-07-13,12,“ΉHγ,‚ ‚θ
122,ή“,©“®”Μ”„‹@‚Λ‚η‚Ά,a’J,b”δυ‰w‘Oπ”Τ,131130,“‹“s,a’J‹ζ,b”δυ“μ‚Q’–Ϊ,2019-07-31,13,“ΉHγ,‚ ‚θ
123,ή“,©“®”Μ”„‹@‚Λ‚η‚Ά,a’J,b”δυ‰w‘Oπ”Τ,131130,“‹“s,a’J‹ζ,b”δυ“μ‚Q’–Ϊ,2019-08-02,12,“ΉHγ,‚ ‚θ
124,ή“,©“®”Μ”„‹@‚Λ‚η‚Ά,a’J,b”δυ‰w‘Oπ”Τ,131130,“‹“s,a’J‹ζ,L”φ‚P’–Ϊ,2019-07-21,15,“ΉHγ,‚ ‚θ
125,ή“,©“®”Μ”„‹@‚Λ‚η‚Ά,a’J,L”φά’–Ϊπ”Τ,131130,“‹“s,a’J‹ζ,L”φ‚P’–Ϊ,2019-07-20,11,“ΉHγ,‚ ‚θ
126,ή“,©“®”Μ”„‹@‚Λ‚η‚Ά,a’J,L”φά’–Ϊπ”Τ,131130,“‹“s,a’J‹ζ,L”φ‚T’–Ϊ,2019-07-22,13,“ΉHγ,‚ ‚θ
127,ή“,©“®”Μ”„‹@‚Λ‚η‚Ά,a’J,b”δυl’–Ϊπ”Τ,131130,“‹“s,a’J‹ζ,b”δυ‚P’–Ϊ,2019-07-19,12,“ΉHγ,‚ ‚θ
128,ή“,©“®”Μ”„‹@‚Λ‚η‚Ά,΄h,‘γX–Ψ“ρ’–Ϊπ”Τ,131130,“‹“s,a’J‹ζ,‘γX–Ψ‚Q’–Ϊ,2019-05-31,09,‚»‚Μ‘Ό,‚ ‚θ
129,ή“,©“®”Μ”„‹@‚Λ‚η‚Ά,΄h,‘γX–Ψ“ρ’–Ϊπ”Τ,131130,“‹“s,a’J‹ζ,‘γX–Ψ‚Q’–Ϊ,2019-07-04,09,‚»‚Μ‘Ό,‚ ‚θ
130,ή“,©“®”Μ”„‹@‚Λ‚η‚Ά,΄h,η‘ΚƒP’Jά’–Ϊπ”Τ,131130,“‹“s,a’J‹ζ,η‘Κƒ–’J‚T’–Ϊ,2019-05-04,11,‚»‚Μ‘Ό,‚ ‚θ
131,ή“,©“®”Μ”„‹@‚Λ‚η‚Ά,΄h,η‘ΚƒP’Jά’–Ϊπ”Τ,131130,“‹“s,a’J‹ζ,η‘Κƒ–’J‚T’–Ϊ,2019-05-29,11,‚»‚Μ‘Ό,‚ ‚θ
132,ή“,©“®”Μ”„‹@‚Λ‚η‚Ά,΄h,η‘ΚƒP’Jά’–Ϊπ”Τ,131130,“‹“s,a’J‹ζ,η‘Κƒ–’J‚T’–Ϊ,2019-06-02,14,‚»‚Μ‘Ό,‚ ‚θ
133,ή“,©“®”Μ”„‹@‚Λ‚η‚Ά,΄h,η‘ΚƒP’J‰w‘Oπ”Τ,131130,“‹“s,a’J‹ζ,η‘Κƒ–’J‚Q’–Ϊ,2019-11-07,19,‚»‚Μ‘Ό,‚ ‚θ
134,ή“,©“®”Μ”„‹@‚Λ‚η‚Ά,‘γX–Ψ,‰‘δ‰w‘Oπ”Τ,131130,“‹“s,a’J‹ζ,–{’¬‚Q’–Ϊ,2019-07-27,20,‚»‚Μ‘Ό,‚ ‚θ
135,ή“,©“®”Μ”„‹@‚Λ‚η‚Ά,‘γX–Ψ,΄…‹΄π”Τ,131130,“‹“s,a’J‹ζ,–{’¬‚R’–Ϊ,2018-12-27,15,“ΉHγ,‚ ‚θ
136,ή“,©“®”Μ”„‹@‚Λ‚η‚Ά,‘γX–Ψ,΄…‹΄π”Τ,131130,“‹“s,a’J‹ζ,–{’¬‚R’–Ϊ,2019-08-16,19,‚»‚Μ‘Ό,‚ ‚θ
137,ή“,©“®”Μ”„‹@‚Λ‚η‚Ά,‘γX–Ψ,‰‘δ“ρ’–Ϊπ”Τ,131130,“‹“s,a’J‹ζ,³‘γX–Ψ’¬,2019-08-24,17,‚»‚Μ‘Ό,‚ ‚θ
138,ή“,©“®”Μ”„‹@‚Λ‚η‚Ά,‘γX–Ψ,‘γX–Ψφ‰€π”Τ,131130,“‹“s,a’J‹ζ,γ΄‚Q’–Ϊ,2019-01-18,•s–Ύ,’“Τi—Φjκ,‚Θ‚µ
139,ή“,©“®”Μ”„‹@‚Λ‚η‚Ά,‹,‰Ν“c’¬π”Τ,131041,“‹“s,Vh‹ζ,—]’’¬,2019-09-03,13,“ΉHγ,‚ ‚θ
140,ή“,©“®”Μ”„‹@‚Λ‚η‚Ά,‹,‰Ν“c’¬π”Τ,131041,“‹“s,Vh‹ζ,αΌ’¬,2019-06-12,14,“ΉHγ,‚ ‚θ
141,ή“,©“®”Μ”„‹@‚Λ‚η‚Ά,‹,‰Ν“c’¬π”Τ,131041,“‹“s,Vh‹ζ,αΌ’¬,2019-09-09,12,“ΉHγ,‚ ‚θ
142,ή“,©“®”Μ”„‹@‚Λ‚η‚Ά,‹,‰Ν“c’¬π”Τ,131041,“‹“s,Vh‹ζ,ΛR‚Q’–Ϊ,2019-06-16,12,“ΉHγ,‚ ‚θ
143,ή“,©“®”Μ”„‹@‚Λ‚η‚Ά,‹,’ί’¬π”Τ,131041,“‹“s,Vh‹ζ,“ά¬’¬,2019-06-05,08,“ΉHγ,‚ ‚θ
144,ή“,©“®”Μ”„‹@‚Λ‚η‚Ά,‹,’ί’¬π”Τ,131041,“‹“s,Vh‹ζ,R’¬,2019-05-28,10,‚»‚Μ‘Ό,‚ ‚θ
145,ή“,©“®”Μ”„‹@‚Λ‚η‚Ά,‹,’ί’¬π”Τ,131041,“‹“s,Vh‹ζ,‘ξ“c’ί’¬,2019-06-13,10,“ΉHγ,‚ ‚θ
146,ή“,©“®”Μ”„‹@‚Λ‚η‚Ά,‹,‘ε‹Θπ”Τ,131041,“‹“s,Vh‹ζ,‰ό‘γ’¬,2019-06-06,11,“ΉHγ,‚ ‚θ
147,ή“,©“®”Μ”„‹@‚Λ‚η‚Ά,‹,‘ε‹Θπ”Τ,131041,“‹“s,Vh‹ζ,V¬μ’¬,2019-06-02,08,“ΉHγ,‚ ‚θ
148,ή“,©“®”Μ”„‹@‚Λ‚η‚Ά,‹,‘ε‹Θπ”Τ,131041,“‹“s,Vh‹ζ,…“Ή’¬,2019-05-30,08,’“Τi—Φjκ,‚ ‚θ
149,ή“,©“®”Μ”„‹@‚Λ‚η‚Ά,‹,‘ε‹Θπ”Τ,131041,“‹“s,Vh‹ζ,…“Ή’¬,2019-06-10,10,“ΉHγ,‚ ‚θ
150,ή“,©“®”Μ”„‹@‚Λ‚η‚Ά,‹,_yβγπ”Τ,131041,“‹“s,Vh‹ζ,‰Ί‹{”δ’¬,2019-11-20,15,‚»‚Μ‘Ό,‚ ‚θ
151,ή“,©“®”Μ”„‹@‚Λ‚η‚Ά,Vh,Vh‰wΌϋπ”Τ,131041,“‹“s,Vh‹ζ,ΌVh‚P’–Ϊ,2019-06-20,10,‚»‚Μ‘Ό,‚ ‚θ
152,ή“,©“®”Μ”„‹@‚Λ‚η‚Ά,Vh,¬qβπ”Τ,131041,“‹“s,Vh‹ζ,ΌVh‚V’–Ϊ,2019-05-30,16,‚»‚Μ‘Ό,‚ ‚θ
153,ή“,©“®”Μ”„‹@‚Λ‚η‚Ά,Vh,¬qβπ”Τ,131041,“‹“s,Vh‹ζ,ΌVh‚V’–Ϊ,2019-05-31,10,‚»‚Μ‘Ό,‚ ‚θ
154,ή“,©“®”Μ”„‹@‚Λ‚η‚Ά,Vh,¬qβπ”Τ,131041,“‹“s,Vh‹ζ,ΌVh‚V’–Ϊ,2019-06-03,17,‚»‚Μ‘Ό,‚ ‚θ
155,ή“,©“®”Μ”„‹@‚Λ‚η‚Ά,Vh,¬qβπ”Τ,131041,“‹“s,Vh‹ζ,ΌVh‚V’–Ϊ,2019-06-11,19,‚»‚Μ‘Ό,‚ ‚θ
156,ή“,©“®”Μ”„‹@‚Λ‚η‚Ά,Vh,—„‹΄sκ‘Oπ”Τ,131041,“‹“s,Vh‹ζ,–kVh‚S’–Ϊ,2019-08-28,09,’“Τi—Φjκ,‚ ‚θ
157,ή“,©“®”Μ”„‹@‚Λ‚η‚Ά,Vh,•Sl’¬π”Τ,131041,“‹“s,Vh‹ζ,•Sl’¬‚P’–Ϊ,2019-06-06,10,“ΉHγ,‚ ‚θ
158,ή“,©“®”Μ”„‹@‚Λ‚η‚Ά,Vh,•Sl’¬π”Τ,131041,“‹“s,Vh‹ζ,•Sl’¬‚Q’–Ϊ,2019-03-15,14,“ΉHγ,‚ ‚θ
159,ή“,©“®”Μ”„‹@‚Λ‚η‚Ά,Vh,•Sl’¬π”Τ,131041,“‹“s,Vh‹ζ,•Sl’¬‚Q’–Ϊ,2019-05-05,09,‚»‚Μ‘Ό,‚ ‚θ
160,ή“,©“®”Μ”„‹@‚Λ‚η‚Ά,Vh,‘ε‹v•Ϋπ”Τ,131041,“‹“s,Vh‹ζ,‘ε‹v•Ϋ‚P’–Ϊ,2019-07-16,10,“ΉHγ,‚ ‚θ
161,ή“,©“®”Μ”„‹@‚Λ‚η‚Ά,Vh,‘ε‹v•Ϋπ”Τ,131041,“‹“s,Vh‹ζ,‘ε‹v•Ϋ‚Q’–Ϊ,2018-12-31,20,’“Τi—Φjκ,‚ ‚θ
162,ή“,©“®”Μ”„‹@‚Λ‚η‚Ά,Vh,‘ε‹v•Ϋπ”Τ,131041,“‹“s,Vh‹ζ,‘ε‹v•Ϋ‚Q’–Ϊ,2019-01-19,22,’“Τi—Φjκ,‚Θ‚µ
163,ή“,©“®”Μ”„‹@‚Λ‚η‚Ά,Vh,‘ε‹v•Ϋπ”Τ,131041,“‹“s,Vh‹ζ,Vh‚V’–Ϊ,2019-06-13,11,‚»‚Μ‘Ό,‚ ‚θ
164,ή“,©“®”Μ”„‹@‚Λ‚η‚Ά,Vh,VhZ’–Ϊπ”Τ,131041,“‹“s,Vh‹ζ,Vh‚U’–Ϊ,2019-06-12,14,‚»‚Μ‘Ό,‚ ‚θ
165,ή“,©“®”Μ”„‹@‚Λ‚η‚Ά,Vh,VhZ’–Ϊπ”Τ,131041,“‹“s,Vh‹ζ,Vh‚U’–Ϊ,2019-06-12,15,‚»‚Μ‘Ό,‚ ‚θ
166,ή“,©“®”Μ”„‹@‚Λ‚η‚Ά,Vh,VhZ’–Ϊπ”Τ,131041,“‹“s,Vh‹ζ,Vh‚V’–Ϊ,2019-06-12,11,‚»‚Μ‘Ό,‚ ‚θ
167,ή“,©“®”Μ”„‹@‚Λ‚η‚Ά,Vh,‰Μ•‘κ’¬π”Τ,131041,“‹“s,Vh‹ζ,‰Μ•‘κ’¬‚P’–Ϊ,2019-02-27,11,“ΉHγ,‚ ‚θ
168,ή“,©“®”Μ”„‹@‚Λ‚η‚Ά,Vh,‰Μ•‘κ’¬π”Τ,131041,“‹“s,Vh‹ζ,‰Μ•‘κ’¬‚Q’–Ϊ,2019-05-07,14,“ΉHγ,‚ ‚θ
169,ή“,©“®”Μ”„‹@‚Λ‚η‚Ά,Vh,‰Μ•‘κ’¬π”Τ,131041,“‹“s,Vh‹ζ,‰Μ•‘κ’¬‚Q’–Ϊ,2019-06-13,08,“ΉHγ,‚ ‚θ
170,ή“,©“®”Μ”„‹@‚Λ‚η‚Ά,Vh,‰Μ•‘κ’¬π”Τ,131041,“‹“s,Vh‹ζ,‰Μ•‘κ’¬‚Q’–Ϊ,2019-06-20,09,“ΉHγ,‚ ‚θ
171,ή“,©“®”Μ”„‹@‚Λ‚η‚Ά,Vh,‰Μ•‘κ’¬π”Τ,131041,“‹“s,Vh‹ζ,‰Μ•‘κ’¬‚Q’–Ϊ,2019-07-22,11,“ΉHγ,‚ ‚θ
172,ή“,©“®”Μ”„‹@‚Λ‚η‚Ά,Vh,Vh‰w“ϋπ”Τ,131041,“‹“s,Vh‹ζ,Vh‚R’–Ϊ,2019-02-11,22,‚»‚Μ‘Ό,‚ ‚θ
173,ή“,©“®”Μ”„‹@‚Λ‚η‚Ά,Vh,Vh‰w“ϋπ”Τ,131041,“‹“s,Vh‹ζ,Vh‚R’–Ϊ,2019-06-02,10,‚»‚Μ‘Ό,‚ ‚θ
174,ή“,©“®”Μ”„‹@‚Λ‚η‚Ά,Λ’Λ,Λ’Λκ’–Ϊπ”Τ,131041,“‹“s,Vh‹ζ,Ό‘ξ“c‚P’–Ϊ,2019-06-11,08,‚»‚Μ‘Ό,‚ ‚θ
175,ή“,©“®”Μ”„‹@‚Λ‚η‚Ά,Λ’Λ,Λ’Λκ’–Ϊπ”Τ,131041,“‹“s,Vh‹ζ,Ό‘ξ“c‚P’–Ϊ,2019-06-11,16,“ΉHγ,‚ ‚θ
176,ή“,©“®”Μ”„‹@‚Λ‚η‚Ά,Λ’Λ,‚“c”nκ‰w‘Oπ”Τ,131041,“‹“s,Vh‹ζ,‚“c”nκ‚P’–Ϊ,2019-02-20,22,‚»‚Μ‘Ό,‚ ‚θ
177,ή“,©“®”Μ”„‹@‚Λ‚η‚Ά,Λ’Λ,‚“c”nκ‰w‘Oπ”Τ,131041,“‹“s,Vh‹ζ,‚“c”nκ‚Q’–Ϊ,2019-04-25,09,“ΉHγ,‚ ‚θ
178,ή“,©“®”Μ”„‹@‚Λ‚η‚Ά,Λ’Λ,‚“c”nκ‰w‘Oπ”Τ,131041,“‹“s,Vh‹ζ,‚“c”nκ‚Q’–Ϊ,2019-08-08,16,‚»‚Μ‘Ό,‚Θ‚µ
179,ή“,©“®”Μ”„‹@‚Λ‚η‚Ά,Λ’Λ,‚“c”nκ‰w‘Oπ”Τ,131041,“‹“s,Vh‹ζ,‚“c”nκ‚R’–Ϊ,2019-06-12,17,“ΉHγ,‚ ‚θ
180,ή“,©“®”Μ”„‹@‚Λ‚η‚Ά,Λ’Λ,‚“c”nκ‰w‘Oπ”Τ,131041,“‹“s,Vh‹ζ,‚“c”nκ‚R’–Ϊ,2019-06-18,16,“ΉHγ,‚ ‚θ
181,ή“,©“®”Μ”„‹@‚Λ‚η‚Ά,Λ’Λ,‚“c”nκ‰w‘Oπ”Τ,131041,“‹“s,Vh‹ζ,‚“c”nκ‚R’–Ϊ,2019-06-19,16,“ΉHγ,‚ ‚θ
182,ή“,©“®”Μ”„‹@‚Λ‚η‚Ά,Λ’Λ,‚“c”nκ‰w‘Oπ”Τ,131041,“‹“s,Vh‹ζ,‚“c”nκ‚R’–Ϊ,2019-06-22,06,“ΉHγ,‚ ‚θ
183,ή“,©“®”Μ”„‹@‚Λ‚η‚Ά,Λ’Λ,‚“c”nκ‰w‘Oπ”Τ,131041,“‹“s,Vh‹ζ,‚“c”nκ‚R’–Ϊ,2019-06-23,14,“ΉHγ,‚ ‚θ
184,ή“,©“®”Μ”„‹@‚Λ‚η‚Ά,Λ’Λ,‚“c”nκ‰w‘Oπ”Τ,131041,“‹“s,Vh‹ζ,‚“c”nκ‚S’–Ϊ,2019-06-17,06,“ΉHγ,‚ ‚θ
185,ή“,©“®”Μ”„‹@‚Λ‚η‚Ά,Λ’Λ,‰Ί—‡‰w‘Oπ”Τ,131041,“‹“s,Vh‹ζ,‰Ί—‡‚P’–Ϊ,2019-06-12,13,“ΉHγ,‚ ‚θ
186,ή“,©“®”Μ”„‹@‚Λ‚η‚Ά,l’J,l’J©•π”Τ,131041,“‹“s,Vh‹ζ,,2019-07-11,15,“ΉHγ,‚ ‚θ
187,ή“,©“®”Μ”„‹@‚Λ‚η‚Ά,l’J,l’J©•π”Τ,131041,“‹“s,Vh‹ζ,,2019-03-22,13,‚»‚Μ‘Ό,‚ ‚θ
188,ή“,©“®”Μ”„‹@‚Λ‚η‚Ά,l’J,l’J©•π”Τ,131041,“‹“s,Vh‹ζ,l’J–{‰–’¬,2019-06-17,13,“ΉHγ,‚ ‚θ
189,ή“,©“®”Μ”„‹@‚Λ‚η‚Ά,l’J,Vhπ”Τ,131041,“‹“s,Vh‹ζ,Vh‚P’–Ϊ,2019-06-06,10,’“Τi—Φjκ,‚ ‚θ
190,ή“,©“®”Μ”„‹@‚Λ‚η‚Ά,l’J,Vhl’–Ϊπ”Τ,131041,“‹“s,Vh‹ζ,Vh‚Q’–Ϊ,2019-05-29,12,‚»‚Μ‘Ό,‚ ‚θ
191,ή“,©“®”Μ”„‹@‚Λ‚η‚Ά,’†–μ,’†–μβγπ”Τ,131148,“‹“s,’†–μ‹ζ,–{’¬‚Q’–Ϊ,2019-01-16,12,“ΉHγ,‚ ‚θ
192,ή“,©“®”Μ”„‹@‚Λ‚η‚Ά,’†–μ,’†–μ‰w‘Oπ”Τ,131148,“‹“s,’†–μ‹ζ,’†–μ‚R’–Ϊ,2018-11-15,14,“ΉHγ,‚ ‚θ
193,ή“,©“®”Μ”„‹@‚Λ‚η‚Ά,’†–μ,’†–μ‰w‘Oπ”Τ,131148,“‹“s,’†–μ‹ζ,’†–μ‚T’–Ϊ,2019-06-27,09,“ΉHγ,‚ ‚θ
194,ή“,©“®”Μ”„‹@‚Λ‚η‚Ά,’†–μ,–{‹½’Κπ”Τ,131148,“‹“s,’†–μ‹ζ,–ν¶’¬‚P’–Ϊ,2019-09-20,05,“ΉHγ,‚ ‚θ
195,ή“,©“®”Μ”„‹@‚Λ‚η‚Ά,’†–μ,–{‹½’Κπ”Τ,131148,“‹“s,’†–μ‹ζ,–ν¶’¬‚R’–Ϊ,2019-08-05,19,‚»‚Μ‘Ό,‚ ‚θ
196,ή“,©“®”Μ”„‹@‚Λ‚η‚Ά,’†–μ,“η‰®‰΅’π”Τ,131148,“‹“s,’†–μ‹ζ,’†‰›‚R’–Ϊ,2019-03-13,13,“ΉHγ,‚ ‚θ
197,ή“,©“®”Μ”„‹@‚Λ‚η‚Ά,’†–μ,“η‰®‰΅’π”Τ,131148,“‹“s,’†–μ‹ζ,’†‰›‚R’–Ϊ,2019-08-19,12,‚»‚Μ‘Ό,‚ ‚θ
198,ή“,©“®”Μ”„‹@‚Λ‚η‚Ά,’†–μ,“μ‘δπ”Τ,131148,“‹“s,’†–μ‹ζ,“μ‘δ‚P’–Ϊ,2019-11-01,15,‚»‚Μ‘Ό,‚ ‚θ
199,ή“,©“®”Μ”„‹@‚Λ‚η‚Ά,’†–μ,“μ‘δπ”Τ,131148,“‹“s,’†–μ‹ζ,“μ‘δ‚S’–Ϊ,2019-08-10,13,’“Τi—Φjκ,‚ ‚θ
200,ή“,©“®”Μ”„‹@‚Λ‚η‚Ά,’†–μ,“μ‘δπ”Τ,131148,“‹“s,’†–μ‹ζ,“μ‘δ‚T’–Ϊ,2019-06-14,13,“ΉHγ,‚ ‚θ
201,ή“,©“®”Μ”„‹@‚Λ‚η‚Ά,’†–μ,’†‰›ά’–Ϊπ”Τ,131148,“‹“s,’†–μ‹ζ,’†‰›‚S’–Ϊ,2019-03-12,12,“ΉHγ,‚ ‚θ
202,ή“,©“®”Μ”„‹@‚Λ‚η‚Ά,’†–μ,’†‰›ά’–Ϊπ”Τ,131148,“‹“s,’†–μ‹ζ,–{’¬‚U’–Ϊ,2019-08-19,17,‚»‚Μ‘Ό,‚ ‚θ
203,ή“,©“®”Μ”„‹@‚Λ‚η‚Ά,–μ•ϋ,–μ•ϋ‰w‘Oπ”Τ,131148,“‹“s,’†–μ‹ζ,–μ•ϋ‚T’–Ϊ,2019-10-16,17,‚»‚Μ‘Ό,‚ ‚θ
204,ή“,©“®”Μ”„‹@‚Λ‚η‚Ά,–μ•ϋ,‰Ζ­’Κπ”Τ,131148,“‹“s,’†–μ‹ζ,α‹{‚P’–Ϊ,2019-03-24,00,‚»‚Μ‘Ό,‚ ‚θ
205,ή“,©“®”Μ”„‹@‚Λ‚η‚Ά,–μ•ϋ,λ‹{‰w‘Oπ”Τ,131148,“‹“s,’†–μ‹ζ,λ‹{‚S’–Ϊ,2019-01-27,15,‚»‚Μ‘Ό,‚ ‚θ
206,ή“,©“®”Μ”„‹@‚Λ‚η‚Ά,–μ•ϋ,λ‹{‰w‘Oπ”Τ,131148,“‹“s,’†–μ‹ζ,λ‹{‚S’–Ϊ,2019-03-20,15,‚»‚Μ‘Ό,‚ ‚θ
207,ή“,©“®”Μ”„‹@‚Λ‚η‚Ά,–μ•ϋ,λ‹{‰w‘Oπ”Τ,131148,“‹“s,’†–μ‹ζ,λ‹{‚S’–Ϊ,2019-04-29,09,‚»‚Μ‘Ό,‚ ‚θ
208,ή“,©“®”Μ”„‹@‚Λ‚η‚Ά,–μ•ϋ,λ‹{‰w‘Oπ”Τ,131148,“‹“s,’†–μ‹ζ,”’λ‚Q’–Ϊ,2019-03-05,10,“ΉHγ,‚ ‚θ
209,ή“,©“®”Μ”„‹@‚Λ‚η‚Ά,–μ•ϋ,–μ•ϋκ’–Ϊπ”Τ,131148,“‹“s,’†–μ‹ζ,’†–μ‚S’–Ϊ,2019-05-10,14,“ΉHγ,‚ ‚θ
210,ή“,©“®”Μ”„‹@‚Λ‚η‚Ά,–μ•ϋ,–μ•ϋκ’–Ϊπ”Τ,131148,“‹“s,’†–μ‹ζ,‘εa’¬‚Q’–Ϊ,2019-09-05,02,‚»‚Μ‘Ό,‚ ‚θ
211,ή“,©“®”Μ”„‹@‚Λ‚η‚Ά,–μ•ϋ,”’λ’“έ,131148,“‹“s,’†–μ‹ζ,”’λ‚P’–Ϊ,2019-03-12,14,‚»‚Μ‘Ό,‚ ‚θ
212,ή“,©“®”Μ”„‹@‚Λ‚η‚Ά,–μ•ϋ,λ‹{Z’–Ϊπ”Τ,131148,“‹“s,’†–μ‹ζ,λ‹{‚T’–Ϊ,2019-05-06,17,“ΉHγ,‚ ‚θ
213,ή“,©“®”Μ”„‹@‚Λ‚η‚Ά,™•ΐ,““c’¬π”Τ,131156,“‹“s,™•ΐ‹ζ,¬“c“‚S’–Ϊ,2019-02-26,09,‚»‚Μ‘Ό,‚ ‚θ
214,ή“,©“®”Μ”„‹@‚Λ‚η‚Ά,™•ΐ,““c’¬π”Τ,131156,“‹“s,™•ΐ‹ζ,¬“c“‚S’–Ϊ,2019-05-08,09,‚»‚Μ‘Ό,‚ ‚θ
215,ή“,©“®”Μ”„‹@‚Λ‚η‚Ά,™•ΐ,V‚‰~›‰w‘Oπ”Τ,131156,“‹“s,™•ΐ‹ζ,Ά²’J–k‚T’–Ϊ,2019-03-09,12,‚»‚Μ‘Ό,‚ ‚θ
216,ή“,©“®”Μ”„‹@‚Λ‚η‚Ά,™•ΐ,V‚‰~›‰w‘Oπ”Τ,131156,“‹“s,™•ΐ‹ζ,‚‰~›“μ‚R’–Ϊ,2019-05-27,12,“ΉHγ,‚ ‚θ
217,ή“,©“®”Μ”„‹@‚Λ‚η‚Ά,™•ΐ,a“c–{’¬π”Τ,131156,“‹“s,™•ΐ‹ζ,a“c‚Q’–Ϊ,2019-03-04,00,‚»‚Μ‘Ό,‚ ‚θ
218,ή“,©“®”Μ”„‹@‚Λ‚η‚Ά,™•ΐ,‚‰~›π”Τ,131156,“‹“s,™•ΐ‹ζ,a“c‚R’–Ϊ,2019-02-28,09,“ΉHγ,‚ ‚θ
219,ή“,©“®”Μ”„‹@‚Λ‚η‚Ά,™•ΐ,‚‰~›π”Τ,131156,“‹“s,™•ΐ‹ζ,a“c‚R’–Ϊ,2019-06-20,11,“ΉHγ,‚ ‚θ
220,ή“,©“®”Μ”„‹@‚Λ‚η‚Ά,™•ΐ,‚‰~›“μl’–Ϊπ”Τ,131156,“‹“s,™•ΐ‹ζ,‚‰~›“μ‚S’–Ϊ,2018-11-08,10,“ΉHγ,‚ ‚θ
221,ή“,©“®”Μ”„‹@‚Λ‚η‚Ά,™•ΐ,‚‰~›“μl’–Ϊπ”Τ,131156,“‹“s,™•ΐ‹ζ,‚‰~›“μ‚S’–Ϊ,2018-11-14,10,“ΉHγ,‚ ‚θ
222,ή“,©“®”Μ”„‹@‚Λ‚η‚Ά,™•ΐ,‚‰~›‰w‘Oπ”Τ,131156,“‹“s,™•ΐ‹ζ,‚‰~›–k‚R’–Ϊ,2019-03-11,08,‚»‚Μ‘Ό,‚ ‚θ
223,ή“,©“®”Μ”„‹@‚Λ‚η‚Ά,™•ΐ,‚‰~›‰w‘Oπ”Τ,131156,“‹“s,™•ΐ‹ζ,‚‰~›–k‚R’–Ϊ,2019-03-12,10,‚»‚Μ‘Ό,‚ ‚θ
224,ή“,©“®”Μ”„‹@‚Λ‚η‚Ά,™•ΐ,‚‰~›‰w‘Oπ”Τ,131156,“‹“s,™•ΐ‹ζ,‚‰~›–k‚R’–Ϊ,2019-03-18,09,‚»‚Μ‘Ό,‚ ‚θ
225,ή“,©“®”Μ”„‹@‚Λ‚η‚Ά,™•ΐ,‚‰~›‰w‘Oπ”Τ,131156,“‹“s,™•ΐ‹ζ,‚‰~›–k‚S’–Ϊ,2019-07-05,14,“ΉHγ,‚ ‚θ
226,ή“,©“®”Μ”„‹@‚Λ‚η‚Ά,™•ΐ,‚‰~›‰w‘Oπ”Τ,131156,“‹“s,™•ΐ‹ζ,‚‰~›“μ‚S’–Ϊ,2019-07-10,19,‚»‚Μ‘Ό,‚ ‚θ
227,ή“,©“®”Μ”„‹@‚Λ‚η‚Ά,™•ΐ,Ά²’J–kπ”Τ,131156,“‹“s,™•ΐ‹ζ,Ά²’J–k‚P’–Ϊ,2019-05-06,08,‚»‚Μ‘Ό,‚ ‚θ
228,ή“,©“®”Μ”„‹@‚Λ‚η‚Ά,™•ΐ,Ά²’J‰w‘Oπ”Τ,131156,“‹“s,™•ΐ‹ζ,Ά²’J–k‚P’–Ϊ,2019-02-05,12,‚»‚Μ‘Ό,‚ ‚θ
229,ή“,©“®”Μ”„‹@‚Λ‚η‚Ά,™•ΐ,Ά²’J‰w‘Oπ”Τ,131156,“‹“s,™•ΐ‹ζ,Ά²’J–k‚P’–Ϊ,2019-02-05,18,“ΉHγ,‚ ‚θ
230,ή“,©“®”Μ”„‹@‚Λ‚η‚Ά,™•ΐ,Ά²’J‰w‘Oπ”Τ,131156,“‹“s,™•ΐ‹ζ,Ά²’J–k‚P’–Ϊ,2019-04-27,13,‚»‚Μ‘Ό,‚ ‚θ
231,ή“,©“®”Μ”„‹@‚Λ‚η‚Ά,™•ΐ,Ά²’J‰w‘Oπ”Τ,131156,“‹“s,™•ΐ‹ζ,Ά²’J–k‚Q’–Ϊ,2019-05-17,18,“ΉHγ,‚ ‚θ
232,ή“,©“®”Μ”„‹@‚Λ‚η‚Ά,™•ΐ,Ά²’J‰w‘Oπ”Τ,131156,“‹“s,™•ΐ‹ζ,Ά²’J–k‚Q’–Ϊ,2019-07-02,16,‚»‚Μ‘Ό,‚ ‚θ
233,ή“,©“®”Μ”„‹@‚Λ‚η‚Ά,™•ΐ,Ά²’J‰w‘Oπ”Τ,131156,“‹“s,™•ΐ‹ζ,Ά²’J“μ‚R’–Ϊ,2019-02-27,12,’“Τi—Φjκ,‚ ‚θ
234,ή“,©“®”Μ”„‹@‚Λ‚η‚Ά,‚δΛ,ς“μπ”Τ,131156,“‹“s,™•ΐ‹ζ,•ϋ“μ‚P’–Ϊ,2019-06-05,16,“ΉHγ,‚ ‚θ
235,ή“,©“®”Μ”„‹@‚Λ‚η‚Ά,‚δΛ,‹v‰δRπ”Τ,131156,“‹“s,™•ΐ‹ζ,‹v‰δR‚P’–Ϊ,2019-03-18,12,‚»‚Μ‘Ό,‚ ‚θ
236,ή“,©“®”Μ”„‹@‚Λ‚η‚Ά,‚δΛ,‹v‰δRπ”Τ,131156,“‹“s,™•ΐ‹ζ,‹{‘O‚T’–Ϊ,2019-03-23,22,‚»‚Μ‘Ό,‚ ‚θ
237,ή“,©“®”Μ”„‹@‚Λ‚η‚Ά,‚δΛ,‰Ί‚δΛπ”Τ,131156,“‹“s,™•ΐ‹ζ,‰Ί‚δΛ‚Q’–Ϊ,2019-11-15,12,“ΉHγ,‚ ‚θ
238,ή“,©“®”Μ”„‹@‚Λ‚η‚Ά,‚δΛ,γ‚δΛπ”Τ,131156,“‹“s,™•ΐ‹ζ,γ‚δΛ‚P’–Ϊ,2019-11-13,15,‚»‚Μ‘Ό,‚ ‚θ
239,ή“,©“®”Μ”„‹@‚Λ‚η‚Ά,‚δΛ,•l“cRπ”Τ,131156,“‹“s,™•ΐ‹ζ,‚δΛ“‚R’–Ϊ,2019-09-05,02,‚»‚Μ‘Ό,‚ ‚θ
240,ή“,©“®”Μ”„‹@‚Λ‚η‚Ά,‚δΛ,•l“cRπ”Τ,131156,“‹“s,™•ΐ‹ζ,‚δΛ“‚R’–Ϊ,2019-09-17,22,‚»‚Μ‘Ό,‚ ‚θ
241,ή“,©“®”Μ”„‹@‚Λ‚η‚Ά,‚δΛ,•l“cRπ”Τ,131156,“‹“s,™•ΐ‹ζ,•l“cR‚R’–Ϊ,2019-03-12,12,‚»‚Μ‘Ό,‚ ‚θ
242,ή“,©“®”Μ”„‹@‚Λ‚η‚Ά,‰¬E,Ό‰¬Eπ”Τ,131156,“‹“s,™•ΐ‹ζ,Ό‰¬–k‚Q’–Ϊ,2019-09-24,11,“ΉHγ,‚ ‚θ
243,ή“,©“®”Μ”„‹@‚Λ‚η‚Ά,‰¬E,‰¬Eά’–Ϊπ”Τ,131156,“‹“s,™•ΐ‹ζ,“μ‰¬E‚P’–Ϊ,2019-10-01,23,‚»‚Μ‘Ό,‚ ‚θ
244,ή“,©“®”Μ”„‹@‚Λ‚η‚Ά,‰¬E,‰¬E‰w–kϋπ”Τ,131156,“‹“s,™•ΐ‹ζ,γ‰¬‚P’–Ϊ,2019-04-30,08,‚»‚Μ‘Ό,‚ ‚θ
245,ή“,©“®”Μ”„‹@‚Λ‚η‚Ά,‰¬E,‰¬E‰w–kϋπ”Τ,131156,“‹“s,™•ΐ‹ζ,γ‰¬‚P’–Ϊ,2019-05-02,07,‚»‚Μ‘Ό,‚Θ‚µ
246,ή“,©“®”Μ”„‹@‚Λ‚η‚Ά,‰¬E,“Vΐπ”Τ,131156,“‹“s,™•ΐ‹ζ,“Vΐ‚Q’–Ϊ,2019-05-06,09,“ΉHγ,‚ ‚θ
247,ή“,©“®”Μ”„‹@‚Λ‚η‚Ά,‰¬E,“Vΐπ”Τ,131156,“‹“s,™•ΐ‹ζ,–{“Vΐ‚R’–Ϊ,2019-08-16,14,’“Τi—Φjκ,‚ ‚θ
248,ή“,©“®”Μ”„‹@‚Λ‚η‚Ά,‰¬E,‰Ίδ‘‰w‘Oπ”Τ,131156,“‹“s,™•ΐ‹ζ,‰Ίδ‘‚Q’–Ϊ,2019-04-26,00,‚»‚Μ‘Ό,‚Θ‚µ
249,ή“,©“®”Μ”„‹@‚Λ‚η‚Ά,‰¬E,‰Ίδ‘‰w‘Oπ”Τ,131156,“‹“s,™•ΐ‹ζ,‰Ίδ‘‚Q’–Ϊ,2019-05-26,20,‚»‚Μ‘Ό,‚ ‚θ
250,ή“,©“®”Μ”„‹@‚Λ‚η‚Ά,‰¬E,_–Ύ’“έ,131156,“‹“s,™•ΐ‹ζ,“μ‰¬E‚Q’–Ϊ,2018-12-01,11,‚»‚Μ‘Ό,‚ ‚θ
251,ή“,©“®”Μ”„‹@‚Λ‚η‚Ά,‘ε’Λ,μ‘›‘Oπ”Τ,131059,“‹“s,•¶‹‹ζ,‰Ή‰H‚Q’–Ϊ,2019-06-06,10,‚»‚Μ‘Ό,‚ ‚θ
252,ή“,©“®”Μ”„‹@‚Λ‚η‚Ά,‘ε’Λ,]Λμ‹΄π”Τ,131059,“‹“s,•¶‹‹ζ,¬“ϊό‚P’–Ϊ,2019-09-06,17,“ΉHγ,‚ ‚θ
253,ή“,©“®”Μ”„‹@‚Λ‚η‚Ά,–{•xm,–{‹½π”Τ,131059,“‹“s,•¶‹‹ζ,–{‹½‚S’–Ϊ,2019-01-25,17,‚»‚Μ‘Ό,‚ ‚θ
254,ή“,©“®”Μ”„‹@‚Λ‚η‚Ά,‘ƒ›,‘ƒ›‰w‘Oπ”Τ,131164,“‹“s,–L“‡‹ζ,‘ƒ›‚P’–Ϊ,2019-07-17,12,“ΉHγ,‚ ‚θ
255,ή“,©“®”Μ”„‹@‚Λ‚η‚Ά,‘ƒ›,‹ξ‰w‘Oπ”Τ,131164,“‹“s,–L“‡‹ζ,‹ξ‚P’–Ϊ,2019-05-11,14,“ΉHγ,‚ ‚θ
256,ή“,©“®”Μ”„‹@‚Λ‚η‚Ά,‘ƒ›,M\’Λπ”Τ,131164,“‹“s,–L“‡‹ζ,Ό‘ƒ›‚Q’–Ϊ,2019-07-15,11,’“Τi—Φjκ,‚ ‚θ
257,ή“,©“®”Μ”„‹@‚Λ‚η‚Ά,‘ƒ›,‘ε’Λ‰w‘Oπ”Τ,131164,“‹“s,–L“‡‹ζ,“μ‘ε’Λ‚P’–Ϊ,2019-04-10,09,’“Τi—Φjκ,‚ ‚θ
258,ή“,©“®”Μ”„‹@‚Λ‚η‚Ά,‘ƒ›,‘ƒ›V“cπ”Τ,131164,“‹“s,–L“‡‹ζ,–k‘ε’Λ‚R’–Ϊ,2019-07-11,11,‚»‚Μ‘Ό,‚ ‚θ
259,ή“,©“®”Μ”„‹@‚Λ‚η‚Ά,’r‘ά,Z‚Β–”π”Τ,131164,“‹“s,–L“‡‹ζ,γ’r‘ά‚Q’–Ϊ,2019-05-19,16,‚»‚Μ‘Ό,‚ ‚θ
260,ή“,©“®”Μ”„‹@‚Λ‚η‚Ά,’r‘ά,Z‚Β–”π”Τ,131164,“‹“s,–L“‡‹ζ,“’r‘ά‚P’–Ϊ,2019-01-08,06,“ΉHγ,‚ ‚θ
261,ή“,©“®”Μ”„‹@‚Λ‚η‚Ά,’r‘ά,Z‚Β–”π”Τ,131164,“‹“s,–L“‡‹ζ,“’r‘ά‚P’–Ϊ,2019-05-21,12,“ΉHγ,‚ ‚θ
262,ή“,©“®”Μ”„‹@‚Λ‚η‚Ά,’r‘ά,Z‚Β–”π”Τ,131164,“‹“s,–L“‡‹ζ,“’r‘ά‚P’–Ϊ,2019-07-14,10,’“Τi—Φjκ,‚ ‚θ
263,ή“,©“®”Μ”„‹@‚Λ‚η‚Ά,’r‘ά,’r‘ά“ρ–”π”Τ,131164,“‹“s,–L“‡‹ζ,Ό’r‘ά‚P’–Ϊ,2019-03-29,12,“ΉHγ,‚ ‚θ
264,ή“,©“®”Μ”„‹@‚Λ‚η‚Ά,’r‘ά,’r‘ά“ρ–”π”Τ,131164,“‹“s,–L“‡‹ζ,Ό’r‘ά‚R’–Ϊ,2019-01-23,13,“ΉHγ,‚ ‚θ
265,ή“,©“®”Μ”„‹@‚Λ‚η‚Ά,’r‘ά,’r‘ά“ρ–”π”Τ,131164,“‹“s,–L“‡‹ζ,Ό’r‘ά‚R’–Ϊ,2019-01-28,14,‚»‚Μ‘Ό,‚ ‚θ
266,ή“,©“®”Μ”„‹@‚Λ‚η‚Ά,’r‘ά,’r‘ά–{’¬π”Τ,131164,“‹“s,–L“‡‹ζ,’r‘ά–{’¬‚Q’–Ϊ,2019-01-16,11,“ΉHγ,‚ ‚θ
267,ή“,©“®”Μ”„‹@‚Λ‚η‚Ά,’r‘ά,’r‘ά–{’¬π”Τ,131164,“‹“s,–L“‡‹ζ,’r‘ά–{’¬‚R’–Ϊ,2019-05-12,17,‚»‚Μ‘Ό,‚ ‚θ
268,ή“,©“®”Μ”„‹@‚Λ‚η‚Ά,’r‘ά,’r‘ά‰w“ϋπ”Τ,131164,“‹“s,–L“‡‹ζ,“’r‘ά‚P’–Ϊ,2019-01-21,06,“ΉHγ,‚ ‚θ
269,ή“,©“®”Μ”„‹@‚Λ‚η‚Ά,’r‘ά,’r‘ά‰w“ϋπ”Τ,131164,“‹“s,–L“‡‹ζ,“’r‘ά‚P’–Ϊ,2019-01-21,06,’“Τi—Φjκ,‚ ‚θ
270,ή“,©“®”Μ”„‹@‚Λ‚η‚Ά,’r‘ά,’r‘ά‰w“ϋπ”Τ,131164,“‹“s,–L“‡‹ζ,“’r‘ά‚P’–Ϊ,2019-06-06,10,‚»‚Μ‘Ό,‚Θ‚µ
271,ή“,©“®”Μ”„‹@‚Λ‚η‚Ά,’r‘ά,’r‘ά‰w“ϋπ”Τ,131164,“‹“s,–L“‡‹ζ,“μ’r‘ά‚P’–Ϊ,2018-12-08,17,‚»‚Μ‘Ό,‚Θ‚µ
272,ή“,©“®”Μ”„‹@‚Λ‚η‚Ά,’r‘ά,’r‘ά‰wΌϋπ”Τ,131164,“‹“s,–L“‡‹ζ,Ό’r‘ά‚R’–Ϊ,2019-02-01,13,’“Τi—Φjκ,‚ ‚θ
273,ή“,©“®”Μ”„‹@‚Λ‚η‚Ά,’r‘ά,μ‰z’Κπ”Τ,131164,“‹“s,–L“‡‹ζ,’r‘ά‚Q’–Ϊ,2019-04-30,15,‚»‚Μ‘Ό,‚ ‚θ
274,ή“,©“®”Μ”„‹@‚Λ‚η‚Ά,’r‘ά,μ‰z’Κπ”Τ,131164,“‹“s,–L“‡‹ζ,’r‘ά‚R’–Ϊ,2019-01-12,07,“ΉHγ,‚ ‚θ
275,ή“,©“®”Μ”„‹@‚Λ‚η‚Ά,’r‘ά,μ‰z’Κπ”Τ,131164,“‹“s,–L“‡‹ζ,’r‘ά‚R’–Ϊ,2019-04-30,07,“ΉHγ,‚ ‚θ
276,ή“,©“®”Μ”„‹@‚Λ‚η‚Ά,’r‘ά,μ‰z’Κπ”Τ,131164,“‹“s,–L“‡‹ζ,’r‘ά‚S’–Ϊ,2019-01-21,14,’“Τi—Φjκ,‚ ‚θ
277,ή“,©“®”Μ”„‹@‚Λ‚η‚Ά,’r‘ά,μ‰z’Κπ”Τ,131164,“‹“s,–L“‡‹ζ,’r‘ά‚S’–Ϊ,2019-05-12,00,‚»‚Μ‘Ό,‚ ‚θ
278,ή“,©“®”Μ”„‹@‚Λ‚η‚Ά,’r‘ά,μ‰z’Κπ”Τ,131164,“‹“s,–L“‡‹ζ,’r‘ά–{’¬‚P’–Ϊ,2019-04-03,02,“ΉHγ,‚ ‚θ
279,ή“,©“®”Μ”„‹@‚Λ‚η‚Ά,’r‘ά,“’r‘άπ”Τ,131164,“‹“s,–L“‡‹ζ,“’r‘ά‚P’–Ϊ,2019-05-31,12,“ΉHγ,‚ ‚θ
280,ή“,©“®”Μ”„‹@‚Λ‚η‚Ά,’r‘ά,“’r‘άπ”Τ,131164,“‹“s,–L“‡‹ζ,“’r‘ά‚Q’–Ϊ,2019-05-04,09,‚»‚Μ‘Ό,‚ ‚θ
281,ή“,©“®”Μ”„‹@‚Λ‚η‚Ά,’r‘ά,“’r‘άπ”Τ,131164,“‹“s,–L“‡‹ζ,“’r‘ά‚R’–Ϊ,2019-10-23,08,‚»‚Μ‘Ό,‚ ‚θ
282,ή“,©“®”Μ”„‹@‚Λ‚η‚Ά,–Ϊ”’,–Ϊ”’‰w‘Oπ”Τ,131164,“‹“s,–L“‡‹ζ,Ό’r‘ά‚Q’–Ϊ,2019-01-22,10,’“Τi—Φjκ,‚ ‚θ
283,ή“,©“®”Μ”„‹@‚Λ‚η‚Ά,–Ϊ”’,–Ϊ”’‰w‘Oπ”Τ,131164,“‹“s,–L“‡‹ζ,Ό’r‘ά‚Q’–Ϊ,2019-02-24,13,’“Τi—Φjκ,‚ ‚θ
284,ή“,©“®”Μ”„‹@‚Λ‚η‚Ά,–Ϊ”’,–Ϊ”’‰w‘Oπ”Τ,131164,“‹“s,–L“‡‹ζ,–Ϊ”’‚T’–Ϊ,2019-09-03,11,’“Τi—Φjκ,‚ ‚θ
285,ή“,©“®”Μ”„‹@‚Λ‚η‚Ά,–Ϊ”’,“’·θ‰w‘Oπ”Τ,131164,“‹“s,–L“‡‹ζ,“μ’·θ‚S’–Ϊ,2019-01-21,•s–Ύ,‚»‚Μ‘Ό,‚ ‚θ
286,ή“,©“®”Μ”„‹@‚Λ‚η‚Ά,–Ϊ”’,“’·θ‰w‘Oπ”Τ,131164,“‹“s,–L“‡‹ζ,“μ’·θ‚T’–Ϊ,2019-07-03,09,“ΉHγ,‚ ‚θ
287,ή“,©“®”Μ”„‹@‚Λ‚η‚Ά,–Ϊ”’,“’·θ‰w‘Oπ”Τ,131164,“‹“s,–L“‡‹ζ,“μ’·θ‚T’–Ϊ,2019-09-24,09,“ΉHγ,‚ ‚θ
288,ή“,©“®”Μ”„‹@‚Λ‚η‚Ά,–Ϊ”’,—v’¬π”Τ,131164,“‹“s,–L“‡‹ζ,η‘‚P’–Ϊ,2019-07-12,11,‚»‚Μ‘Ό,‚ ‚θ
289,ή“,©“®”Μ”„‹@‚Λ‚η‚Ά,–Ϊ”’,ημπ”Τ,131164,“‹“s,–L“‡‹ζ,ημ‚P’–Ϊ,2019-04-27,10,‚»‚Μ‘Ό,‚ ‚θ
290,ή“,©“®”Μ”„‹@‚Λ‚η‚Ά,‘κ–μμ,”Β‹΄‰w“ϋπ”Τ,131172,“‹“s,–k‹ζ,‘κ–μμ‚V’–Ϊ,2019-07-15,13,“ΉHγ,‚ ‚θ
291,ή“,©“®”Μ”„‹@‚Λ‚η‚Ά,‘κ–μμ,ΌƒP΄π”Τ,131172,“‹“s,–k‹ζ,’†—Ά‚R’–Ϊ,2019-06-05,12,“ΉHγ,‚ ‚θ
292,ή“,©“®”Μ”„‹@‚Λ‚η‚Ά,‘κ–μμ,ΌƒP΄π”Τ,131172,“‹“s,–k‹ζ,ΌƒP΄‚P’–Ϊ,2019-09-24,15,“ΉHγ,‚ ‚θ
293,ή“,©“®”Μ”„‹@‚Λ‚η‚Ά,‘κ–μμ,ΌƒP΄π”Τ,131172,“‹“s,–k‹ζ,ΌƒP΄‚P’–Ϊ,2019-10-18,11,“ΉHγ,‚ ‚θ
294,ή“,©“®”Μ”„‹@‚Λ‚η‚Ά,‘κ–μμ,“c’[‚‘δπ”Τ,131172,“‹“s,–k‹ζ,“c’[‚T’–Ϊ,2019-06-15,15,‚»‚Μ‘Ό,‚ ‚θ
295,ή“,©“®”Μ”„‹@‚Λ‚η‚Ά,‘κ–μμ,’†—Άπ”Τ,131172,“‹“s,–k‹ζ,’†—Ά‚P’–Ϊ,2019-09-13,14,“ΉHγ,‚ ‚θ
296,ή“,©“®”Μ”„‹@‚Λ‚η‚Ά,‰¤q,‰¤q‰w‘Oπ”Τ,131172,“‹“s,–k‹ζ,‰¤q‚Q’–Ϊ,2019-09-30,13,“ΉHγ,‚ ‚θ
297,ή“,©“®”Μ”„‹@‚Λ‚η‚Ά,‰¤q,‰¤q‰w‘Oπ”Τ,131172,“‹“s,–k‹ζ,‰¤q‚R’–Ϊ,2019-01-20,19,’“Τi—Φjκ,‚ ‚θ
298,ή“,©“®”Μ”„‹@‚Λ‚η‚Ά,‰¤q,’†\ππ”Τ,131172,“‹“s,–k‹ζ,’†\π‚P’–Ϊ,2019-01-25,17,“ΉHγ,‚ ‚θ
299,ή“,©“®”Μ”„‹@‚Λ‚η‚Ά,‰¤q,\π’‡΄π”Τ,131172,“‹“s,–k‹ζ,γ\π‚R’–Ϊ,2019-09-06,18,‚»‚Μ‘Ό,‚ ‚θ
300,ή“,©“®”Μ”„‹@‚Λ‚η‚Ά,‰¤q,\π’‡΄π”Τ,131172,“‹“s,–k‹ζ,“\π‚T’–Ϊ,2019-07-19,08,“ΉHγ,‚ ‚θ
301,ή“,©“®”Μ”„‹@‚Λ‚η‚Ά,‰¤q,\π‰w‘Oπ”Τ,131172,“‹“s,–k‹ζ,γ\π‚Q’–Ϊ,2019-07-08,10,“ΉHγ,‚ ‚θ
302,ή“,©“®”Μ”„‹@‚Λ‚η‚Ά,‰¤q,\π‰w‘Oπ”Τ,131172,“‹“s,–k‹ζ,γ\π‚R’–Ϊ,2019-09-01,03,‚»‚Μ‘Ό,‚ ‚θ
303,ή“,©“®”Μ”„‹@‚Λ‚η‚Ά,‰¤q,\π‰w‘Oπ”Τ,131172,“‹“s,–k‹ζ,γ\π‚R’–Ϊ,2019-10-02,03,‚»‚Μ‘Ό,‚ ‚θ
304,ή“,©“®”Μ”„‹@‚Λ‚η‚Ά,‰¤q,‰¤q–{’¬π”Τ,131172,“‹“s,–k‹ζ,’†\π‚P’–Ϊ,2019-03-06,15,‚»‚Μ‘Ό,‚ ‚θ
305,ή“,©“®”Μ”„‹@‚Λ‚η‚Ά,Τ‰H,β•£π”Τ,131172,“‹“s,–k‹ζ,Τ‰H‚R’–Ϊ,2019-06-14,08,“ΉHγ,‚ ‚θ
306,ή“,©“®”Μ”„‹@‚Λ‚η‚Ά,Τ‰H,‹{–xπ”Τ,131172,“‹“s,–k‹ζ,_’J‚P’–Ϊ,2019-08-01,12,‚»‚Μ‘Ό,‚ ‚θ
307,ή“,©“®”Μ”„‹@‚Λ‚η‚Ά,Τ‰H,‹{–xπ”Τ,131172,“‹“s,–k‹ζ,_’J‚Q’–Ϊ,2019-09-11,12,’“Τi—Φjκ,‚ ‚θ
308,ή“,©“®”Μ”„‹@‚Λ‚η‚Ά,Τ‰H,Τ‰HΌπ”Τ,131172,“‹“s,–k‹ζ,Τ‰HΌ‚S’–Ϊ,2019-11-21,12,“ΉHγ,‚ ‚θ
309,ή“,©“®”Μ”„‹@‚Λ‚η‚Ά,”Β‹΄,•½”φπ”Τ,131199,“‹“s,”Β‹΄‹ζ,”Β‹΄‚P’–Ϊ,2019-01-14,09,“ΉHγ,‚ ‚θ
310,ή“,©“®”Μ”„‹@‚Λ‚η‚Ά,”Β‹΄,•½”φπ”Τ,131199,“‹“s,”Β‹΄‹ζ,”Β‹΄‚P’–Ϊ,2019-01-21,11,“ΉHγ,‚ ‚θ
311,ή“,©“®”Μ”„‹@‚Λ‚η‚Ά,”Β‹΄,•½”φπ”Τ,131199,“‹“s,”Β‹΄‹ζ,”Β‹΄‚Q’–Ϊ,2019-01-25,08,“ΉHγ,‚ ‚θ
312,ή“,©“®”Μ”„‹@‚Λ‚η‚Ά,”Β‹΄,•½”φπ”Τ,131199,“‹“s,”Β‹΄‹ζ,”Β‹΄‚Q’–Ϊ,2019-12-02,12,“ΉHγ,‚ ‚θ
313,ή“,©“®”Μ”„‹@‚Λ‚η‚Ά,”Β‹΄,•½”φπ”Τ,131199,“‹“s,”Β‹΄‹ζ,”Β‹΄‚R’–Ϊ,2019-09-21,16,“ΉHγ,‚ ‚θ
314,ή“,©“®”Μ”„‹@‚Λ‚η‚Ά,”Β‹΄,•½”φπ”Τ,131199,“‹“s,”Β‹΄‹ζ,”Β‹΄‚S’–Ϊ,2019-12-28,14,‚»‚Μ‘Ό,‚ ‚θ
315,ή“,©“®”Μ”„‹@‚Λ‚η‚Ά,”Β‹΄,F–μ’¬π”Τ,131199,“‹“s,”Β‹΄‹ζ,‘εR‹ΰδ’¬,2018-12-24,10,“ΉHγ,‚ ‚θ
316,ή“,©“®”Μ”„‹@‚Λ‚η‚Ά,”Β‹΄,F–μ’¬π”Τ,131199,“‹“s,”Β‹΄‹ζ,‘εR‹ΰδ’¬,2018-12-28,13,“ΉHγ,‚ ‚θ
317,ή“,©“®”Μ”„‹@‚Λ‚η‚Ά,”Β‹΄,F–μ’¬π”Τ,131199,“‹“s,”Β‹΄‹ζ,‘εR‹ΰδ’¬,2019-01-15,13,“ΉHγ,‚ ‚θ
318,ή“,©“®”Μ”„‹@‚Λ‚η‚Ά,”Β‹΄,F–μ’¬π”Τ,131199,“‹“s,”Β‹΄‹ζ,‘εR‹ΰδ’¬,2019-01-22,15,“ΉHγ,‚ ‚θ
319,ή“,©“®”Μ”„‹@‚Λ‚η‚Ά,”Β‹΄,F–μ’¬π”Τ,131199,“‹“s,”Β‹΄‹ζ,‘εR‹ΰδ’¬,2019-01-31,13,“ΉHγ,‚ ‚θ
320,ή“,©“®”Μ”„‹@‚Λ‚η‚Ά,”Β‹΄,F–μ’¬π”Τ,131199,“‹“s,”Β‹΄‹ζ,F–μ’¬,2019-01-07,09,“ΉHγ,‚ ‚θ
321,ή“,©“®”Μ”„‹@‚Λ‚η‚Ά,”Β‹΄,F–μ’¬π”Τ,131199,“‹“s,”Β‹΄‹ζ,F–μ’¬,2019-01-16,14,“ΉHγ,‚ ‚θ
322,ή“,©“®”Μ”„‹@‚Λ‚η‚Ά,”Β‹΄,F–μ’¬π”Τ,131199,“‹“s,”Β‹΄‹ζ,F–μ’¬,2019-09-21,11,‚»‚Μ‘Ό,‚ ‚θ
323,ή“,©“®”Μ”„‹@‚Λ‚η‚Ά,”Β‹΄,F–μ’¬π”Τ,131199,“‹“s,”Β‹΄‹ζ,F–μ’¬,2019-09-26,11,‚»‚Μ‘Ό,‚ ‚θ
324,ή“,©“®”Μ”„‹@‚Λ‚η‚Ά,”Β‹΄,F–μ’¬π”Τ,131199,“‹“s,”Β‹΄‹ζ,’†Ϋ’¬,2019-02-02,13,“ΉHγ,‚ ‚θ
325,ή“,©“®”Μ”„‹@‚Λ‚η‚Ά,”Β‹΄,F–μ’¬π”Τ,131199,“‹“s,”Β‹΄‹ζ,“μ’¬,2019-01-27,13,“ΉHγ,‚ ‚θ
326,ή“,©“®”Μ”„‹@‚Λ‚η‚Ά,”Β‹΄,F–μ’¬π”Τ,131199,“‹“s,”Β‹΄‹ζ,“μ’¬,2019-09-12,13,‚»‚Μ‘Ό,‚ ‚θ
327,ή“,©“®”Μ”„‹@‚Λ‚η‚Ά,”Β‹΄,—{η‰@‘Oπ”Τ,131199,“‹“s,”Β‹΄‹ζ,‘εR“’¬,2018-12-29,08,’“Τi—Φjκ,‚ ‚θ
328,ή“,©“®”Μ”„‹@‚Λ‚η‚Ά,”Β‹΄,—{η‰@‘Oπ”Τ,131199,“‹“s,”Β‹΄‹ζ,‘εR“’¬,2019-07-17,16,“ΉHγ,‚ ‚θ
329,ή“,©“®”Μ”„‹@‚Λ‚η‚Ά,”Β‹΄,—{η‰@‘Oπ”Τ,131199,“‹“s,”Β‹΄‹ζ,’‡h,2019-08-13,23,“ΉHγ,‚ ‚θ
330,ή“,©“®”Μ”„‹@‚Λ‚η‚Ά,”Β‹΄,—{η‰@‘Oπ”Τ,131199,“‹“s,”Β‹΄‹ζ,•Xμ’¬,2019-01-20,17,’“Τi—Φjκ,‚ ‚θ
331,ή“,©“®”Μ”„‹@‚Λ‚η‚Ά,”Β‹΄,‘εR’¬π”Τ,131199,“‹“s,”Β‹΄‹ζ,‘εR‹ΰδ’¬,2019-03-28,12,“ΉHγ,‚ ‚θ
332,ή“,©“®”Μ”„‹@‚Λ‚η‚Ά,”Β‹΄,‘εR’¬π”Τ,131199,“‹“s,”Β‹΄‹ζ,‘εR’¬,2019-09-27,11,“ΉHγ,‚ ‚θ
333,ή“,©“®”Μ”„‹@‚Λ‚η‚Ά,”Β‹΄,•xm©π”Τ,131199,“‹“s,”Β‹΄‹ζ,•xm©’¬,2019-09-28,08,“ΉHγ,‚ ‚θ
334,ή“,©“®”Μ”„‹@‚Λ‚η‚Ά,”Β‹΄,ν”Υ‘δπ”Τ,131199,“‹“s,”Β‹΄‹ζ,“μν”Υ‘δ‚P’–Ϊ,2019-09-01,02,‚»‚Μ‘Ό,‚ ‚θ
335,ή“,©“®”Μ”„‹@‚Λ‚η‚Ά,”Β‹΄,γ”Β‹΄‰w‘Oπ”Τ,131199,“‹“s,”Β‹΄‹ζ,γ”Β‹΄‚P’–Ϊ,2019-09-26,16,‚»‚Μ‘Ό,‚ ‚θ
336,ή“,©“®”Μ”„‹@‚Λ‚η‚Ά,”Β‹΄,γ”Β‹΄‰w‘Oπ”Τ,131199,“‹“s,”Β‹΄‹ζ,γ”Β‹΄‚R’–Ϊ,2019-08-27,10,‚»‚Μ‘Ό,‚ ‚θ
337,ή“,©“®”Μ”„‹@‚Λ‚η‚Ά,”Β‹΄,γ”Β‹΄‰w‘Oπ”Τ,131199,“‹“s,”Β‹΄‹ζ,γ”Β‹΄‚R’–Ϊ,2019-09-12,•s–Ύ,‚»‚Μ‘Ό,‚ ‚θ
338,ή“,©“®”Μ”„‹@‚Λ‚η‚Ά,”Β‹΄,γ”Β‹΄‰w‘Oπ”Τ,131199,“‹“s,”Β‹΄‹ζ,ν”Υ‘δ‚S’–Ϊ,2019-10-01,15,‚»‚Μ‘Ό,‚ ‚θ
339,ή“,©“®”Μ”„‹@‚Λ‚η‚Ά,”Β‹΄,γ”Β‹΄‰w‘Oπ”Τ,131199,“‹“s,”Β‹΄‹ζ,ν”Υ‘δ‚S’–Ϊ,2019-10-02,10,‚»‚Μ‘Ό,‚ ‚θ
340,ή“,©“®”Μ”„‹@‚Λ‚η‚Ά,”Β‹΄,γ”Β‹΄‰w‘Oπ”Τ,131199,“‹“s,”Β‹΄‹ζ,ν”Υ‘δ‚S’–Ϊ,2019-10-02,14,‚»‚Μ‘Ό,‚ ‚θ
341,ή“,©“®”Μ”„‹@‚Λ‚η‚Ά,”Β‹΄,γ”Β‹΄‰w‘Oπ”Τ,131199,“‹“s,”Β‹΄‹ζ,ν”Υ‘δ‚S’–Ϊ,2019-10-07,12,‚»‚Μ‘Ό,‚Θ‚µ
342,ή“,©“®”Μ”„‹@‚Λ‚η‚Ά,u‘Ί,β‰Ίπ”Τ,131199,“‹“s,”Β‹΄‹ζ,β‰Ί‚Q’–Ϊ,2019-05-23,20,“ΉHγ,‚ ‚θ
343,ή“,©“®”Μ”„‹@‚Λ‚η‚Ά,u‘Ί,@π”Τ,131199,“‹“s,”Β‹΄‹ζ,@‚R’–Ϊ,2019-09-09,11,‚»‚Μ‘Ό,‚ ‚θ
344,ή“,©“®”Μ”„‹@‚Λ‚η‚Ά,u‘Ί,‘O–μ’¬π”Τ,131199,“‹“s,”Β‹΄‹ζ,‘O–μ’¬‚P’–Ϊ,2019-09-14,10,“ΉHγ,‚ ‚θ
345,ή“,©“®”Μ”„‹@‚Λ‚η‚Ά,—ϋ”n,–L‹Κπ”Τ,131202,“‹“s,—ϋ”n‹ζ,–L‹Κ–k‚T’–Ϊ,2019-09-28,21,“ΉHγ,‚ ‚θ
346,ή“,©“®”Μ”„‹@‚Λ‚η‚Ά,—ϋ”n,χ‘δπ”Τ,131202,“‹“s,—ϋ”n‹ζ,χ‘δ‚S’–Ϊ,2019-09-19,15,’“Τi—Φjκ,‚ ‚θ
347,ή“,©“®”Μ”„‹@‚Λ‚η‚Ά,—ϋ”n,χ‘δπ”Τ,131202,“‹“s,—ϋ”n‹ζ,χ‘δ‚S’–Ϊ,2019-09-30,17,’“Τi—Φjκ,‚ ‚θ
348,ή“,©“®”Μ”„‹@‚Λ‚η‚Ά,—ϋ”n,]Γ“c‰w‘Oπ”Τ,131202,“‹“s,—ϋ”n‹ζ,®‹u‚P’–Ϊ,2019-08-29,11,‚»‚Μ‘Ό,‚ ‚θ
349,ή“,©“®”Μ”„‹@‚Λ‚η‚Ά,—ϋ”n,]Γ“c‰w‘Oπ”Τ,131202,“‹“s,—ϋ”n‹ζ,®‹u‚P’–Ϊ,2019-10-01,08,‚»‚Μ‘Ό,‚ ‚θ
350,ή“,©“®”Μ”„‹@‚Λ‚η‚Ά,—ϋ”n,•xm©‘δ‰w‘Oπ”Τ,131202,“‹“s,—ϋ”n‹ζ,Ρδ‚Q’–Ϊ,2019-09-17,12,‚»‚Μ‘Ό,‚ ‚θ
351,ή“,©“®”Μ”„‹@‚Λ‚η‚Ά,Ξ_δ,•‘ Φ‰w‘Oπ”Τ,131202,“‹“s,—ϋ”n‹ζ,Φ’¬–k‚Q’–Ϊ,2019-09-07,04,‚»‚Μ‘Ό,‚Θ‚µ
352,ή“,©“®”Μ”„‹@‚Λ‚η‚Ά,Ξ_δ,γΞ_δ‰w‘Oπ”Τ,131202,“‹“s,—ϋ”n‹ζ,γΞ_δ‚P’–Ϊ,2019-07-02,05,‚»‚Μ‘Ό,‚ ‚θ
353,ή“,©“®”Μ”„‹@‚Λ‚η‚Ά,Ξ_δ,–k‘εςπ”Τ,131202,“‹“s,—ϋ”n‹ζ,‘ες’¬‚T’–Ϊ,2019-09-07,04,‚»‚Μ‘Ό,‚ ‚θ
354,ή“,©“®”Μ”„‹@‚Λ‚η‚Ά,Ξ_δ,•xmX“Ήπ”Τ,131202,“‹“s,—ϋ”n‹ζ,Ξ_δ‘δ‚R’–Ϊ,2019-10-02,00,‚»‚Μ‘Ό,‚ ‚θ
355,ή“,©“®”Μ”„‹@‚Λ‚η‚Ά,‚“‡•½,Ό‘δ‰w‘Oπ”Τ,131199,“‹“s,”Β‹΄‹ζ,‚“‡•½‚P’–Ϊ,2019-09-21,08,‚»‚Μ‘Ό,‚ ‚θ
356,ή“,©“®”Μ”„‹@‚Λ‚η‚Ά,‚“‡•½,Ό‘δ‰w‘Oπ”Τ,131199,“‹“s,”Β‹΄‹ζ,‚“‡•½‚X’–Ϊ,2019-08-03,22,“ΉHγ,‚ ‚θ
357,ή“,©“®”Μ”„‹@‚Λ‚η‚Ά,‚“‡•½,–k–μπ”Τ,131199,“‹“s,”Β‹΄‹ζ,“ΏΫ‚Q’–Ϊ,2019-07-09,12,‚»‚Μ‘Ό,‚ ‚θ
358,ή“,©“®”Μ”„‹@‚Λ‚η‚Ά,‚“‡•½,–k–μπ”Τ,131199,“‹“s,”Β‹΄‹ζ,“ΏΫ‚Q’–Ϊ,2019-09-03,08,‚»‚Μ‘Ό,‚ ‚θ
359,ή“,©“®”Μ”„‹@‚Λ‚η‚Ά,‚“‡•½,–k–μπ”Τ,131199,“‹“s,”Β‹΄‹ζ,“ΏΫ‚S’–Ϊ,2019-09-23,08,’“Τi—Φjκ,‚ ‚θ
360,ή“,©“®”Μ”„‹@‚Λ‚η‚Ά,‚“‡•½,‰ΊΤ’Λπ”Τ,131199,“‹“s,”Β‹΄‹ζ,Τ’Λ‚P’–Ϊ,2019-09-25,09,‚»‚Μ‘Ό,‚ ‚θ
361,ή“,©“®”Μ”„‹@‚Λ‚η‚Ά,υ‚‹u,“c•Ώπ”Τ,131202,“‹“s,—ϋ”n‹ζ,–k’¬‚V’–Ϊ,2019-07-09,12,‚»‚Μ‘Ό,‚ ‚θ
362,ή“,©“®”Μ”„‹@‚Λ‚η‚Ά,υ‚‹u,“yx“cπ”Τ,131202,“‹“s,—ϋ”n‹ζ,“yx“c‚P’–Ϊ,2019-04-24,22,‚»‚Μ‘Ό,‚ ‚θ
363,ή“,©“®”Μ”„‹@‚Λ‚η‚Ά,υ‚‹u,‚Ό’“έ,131202,“‹“s,—ϋ”n‹ζ,‚Ό‚Q’–Ϊ,2019-11-14,06,‚»‚Μ‘Ό,‚Θ‚µ
364,ή“,©“®”Μ”„‹@‚Λ‚η‚Ά,γ–μ,‘δ“π”Τ,131067,“‹“s,‘δ“‹ζ,‘δ“‚R’–Ϊ,2019-11-13,11,“ΉHγ,‚ ‚θ
365,ή“,©“®”Μ”„‹@‚Λ‚η‚Ά,γ–μ,δ“k’¬π”Τ,131067,“‹“s,‘δ“‹ζ,“γ–μ‚P’–Ϊ,2019-07-17,09,‚»‚Μ‘Ό,‚ ‚θ
366,ή“,©“®”Μ”„‹@‚Λ‚η‚Ά,γ–μ,φ‰€‘Oπ”Τ,131067,“‹“s,‘δ“‹ζ,γ–μ‚S’–Ϊ,2019-07-05,11,“ΉHγ,‚ ‚θ
367,ή“,©“®”Μ”„‹@‚Λ‚η‚Ά,γ–μ,γ–μ‰wπ”Τ,131067,“‹“s,‘δ“‹ζ,γ–μ‚V’–Ϊ,2019-02-10,16,‚»‚Μ‘Ό,‚ ‚θ
368,ή“,©“®”Μ”„‹@‚Λ‚η‚Ά,‰Ί’J,ις’J‰w‘Oπ”Τ,131067,“‹“s,‘δ“‹ζ,‰Ί’J‚Q’–Ϊ,2019-07-09,08,‚»‚Μ‘Ό,‚ ‚θ
369,ή“,©“®”Μ”„‹@‚Λ‚η‚Ά,‰Ί’J,ις’J‰w‘Oπ”Τ,131067,“‹“s,‘δ“‹ζ,έ‚Q’–Ϊ,2019-10-11,10,“ΉHγ,‚ ‚θ
370,ή“,©“®”Μ”„‹@‚Λ‚η‚Ά,‰Ί’J,‰‰Ήπ”Τ,131067,“‹“s,‘δ“‹ζ,’J’†‚R’–Ϊ,2019-01-16,12,‚»‚Μ‘Ό,‚ ‚θ
371,ή“,©“®”Μ”„‹@‚Λ‚η‚Ά,σ‘,“ϊ–{’ηπ”Τ,131067,“‹“s,‘δ“‹ζ,΄μ‚Q’–Ϊ,2019-07-22,12,‚»‚Μ‘Ό,‚ ‚θ
372,ή“,©“®”Μ”„‹@‚Λ‚η‚Ά,σ‘,‹g΄π”Τ,131067,“‹“s,‘δ“‹ζ,η‘©‚R’–Ϊ,2018-12-26,12,’“Τi—Φjκ,‚ ‚θ
373,ή“,©“®”Μ”„‹@‚Λ‚η‚Ά,σ‘,‹g΄π”Τ,131067,“‹“s,‘δ“‹ζ,η‘©‚S’–Ϊ,2019-05-06,08,‚»‚Μ‘Ό,‚ ‚θ
374,ή“,©“®”Μ”„‹@‚Λ‚η‚Ά,σ‘,Ή“V’¬π”Τ,131067,“‹“s,‘δ“‹ζ,σ‘‚U’–Ϊ,2019-09-12,17,‚»‚Μ‘Ό,‚ ‚θ
375,ή“,©“®”Μ”„‹@‚Λ‚η‚Ά,‘ ‘O,‹e‰®‹΄π”Τ,131067,“‹“s,‘δ“‹ζ,³σ‘‚P’–Ϊ,2019-07-10,10,’“Τi—Φjκ,‚ ‚θ
376,ή“,©“®”Μ”„‹@‚Λ‚η‚Ά,‘ ‘O,‘ ‘O“ρ’–Ϊπ”Τ,131067,“‹“s,‘δ“‹ζ,υ‚S’–Ϊ,2019-07-10,11,“ΉHγ,‚ ‚θ
377,ή“,©“®”Μ”„‹@‚Λ‚η‚Ά,‘ ‘O,‘ ‘O“ρ’–Ϊπ”Τ,131067,“‹“s,‘δ“‹ζ,‹ξ`‚P’–Ϊ,2019-07-13,12,’“Τi—Φjκ,‚ ‚θ
378,ή“,©“®”Μ”„‹@‚Λ‚η‚Ά,‘ ‘O,‘ ‘O“ρ’–Ϊπ”Τ,131067,“‹“s,‘δ“‹ζ,‹ξ`‚P’–Ϊ,2019-07-18,09,‚»‚Μ‘Ό,‚ ‚θ
379,ή“,©“®”Μ”„‹@‚Λ‚η‚Ά,rμ,O‰Ν“‡‰w‘Oπ”Τ,131181,“‹“s,rμ‹ζ,““ϊ•ι—Ά‚R’–Ϊ,2019-01-29,02,‚»‚Μ‘Ό,‚ ‚θ
380,ή“,©“®”Μ”„‹@‚Λ‚η‚Ά,rμ,“ϊ•ι—Ά‰w‘Oπ”Τ,131181,“‹“s,rμ‹ζ,Ό“ϊ•ι—Ά‚Q’–Ϊ,2019-07-16,08,“ΉHγ,‚ ‚θ
381,ή“,©“®”Μ”„‹@‚Λ‚η‚Ά,rμ,“ϊ•ι—Ά‰w‘Oπ”Τ,131181,“‹“s,rμ‹ζ,Ό“ϊ•ι—Ά‚Q’–Ϊ,2019-07-18,09,“ΉHγ,‚ ‚θ
382,ή“,©“®”Μ”„‹@‚Λ‚η‚Ά,rμ,Ό“ϊ•ι—Ά‰w‘Oπ”Τ,131181,“‹“s,rμ‹ζ,Ό“ϊ•ι—Ά‚R’–Ϊ,2019-08-10,10,“ΉHγ,‚ ‚θ
383,ή“,©“®”Μ”„‹@‚Λ‚η‚Ά,ΌVδ,”~“cµ’–Ϊπ”Τ,131211,“‹“s,‘«—§‹ζ,”~“c‚V’–Ϊ,2019-12-11,08,“ΉHγ,‚ ‚θ
384,ή“,©“®”Μ”„‹@‚Λ‚η‚Ά,ΌVδ,ΌVδ‰w‘Oπ”Τ,131211,“‹“s,‘«—§‹ζ,”~“‡‚R’–Ϊ,2019-06-05,09,‚»‚Μ‘Ό,‚ ‚θ
385,ή“,©“®”Μ”„‹@‚Λ‚η‚Ά,ΌVδ,‹{ιπ”Τ,131211,“‹“s,‘«—§‹ζ,‹{ι‚P’–Ϊ,2019-10-17,11,‚»‚Μ‘Ό,‚ ‚θ
386,ή“,©“®”Μ”„‹@‚Λ‚η‚Ά,ΌVδ,­•lπ”Τ,131211,“‹“s,‘«—§‹ζ,­•l‚S’–Ϊ,2019-09-09,16,“ΉHγ,‚ ‚θ
387,ή“,©“®”Μ”„‹@‚Λ‚η‚Ά,»£,‘ε’J“cπ”Τ,131211,“‹“s,‘«—§‹ζ,‘ε’J“c‚P’–Ϊ,2019-07-06,05,“ΉHγ,‚ ‚θ
388,ή“,©“®”Μ”„‹@‚Λ‚η‚Ά,»£,‘ε’J“cπ”Τ,131211,“‹“s,‘«—§‹ζ,‘ε’J“c‚R’–Ϊ,2019-06-22,12,‚»‚Μ‘Ό,‚ ‚θ
389,ή“,©“®”Μ”„‹@‚Λ‚η‚Ά,»£,‘ε’J“cπ”Τ,131211,“‹“s,‘«—§‹ζ,‘ε’J“c‚T’–Ϊ,2019-07-06,10,“ΉHγ,‚ ‚θ
390,ή“,©“®”Μ”„‹@‚Λ‚η‚Ά,»£,’†μπ”Τ,131211,“‹“s,‘«—§‹ζ,’†μ‚S’–Ϊ,2019-07-03,07,‚»‚Μ‘Ό,‚ ‚θ
391,ή“,©“®”Μ”„‹@‚Λ‚η‚Ά,»£,O“Ήπ”Τ,131211,“‹“s,‘«—§‹ζ,O“Ή‚Q’–Ϊ,2019-11-20,14,‚»‚Μ‘Ό,‚ ‚θ
392,ή“,©“®”Μ”„‹@‚Λ‚η‚Ά,»£,O“Ήπ”Τ,131211,“‹“s,‘«—§‹ζ,Ό»£‚Q’–Ϊ,2019-07-26,14,“ΉHγ,‚ ‚θ
393,ή“,©“®”Μ”„‹@‚Λ‚η‚Ά,»£,’†‰›–{’¬π”Τ,131211,“‹“s,‘«—§‹ζ,•Ϋ’Λ’¬,2019-07-07,12,’“Τi—Φjκ,‚ ‚θ
394,ή“,©“®”Μ”„‹@‚Λ‚η‚Ά,»£,»£‰w“ϋπ”Τ,131211,“‹“s,‘«—§‹ζ,“»£‚P’–Ϊ,2019-07-15,07,‚»‚Μ‘Ό,‚ ‚θ
395,ή“,©“®”Μ”„‹@‚Λ‚η‚Ά,’|‚Μ’Λ,•Ϋ–ΨΤπ”Τ,131211,“‹“s,‘«—§‹ζ,•Ϋ–ΨΤ‚P’–Ϊ,2019-08-05,16,‚»‚Μ‘Ό,‚ ‚θ
396,ή“,©“®”Μ”„‹@‚Λ‚η‚Ά,’|‚Μ’Λ,•Ϋ–ΨΤπ”Τ,131211,“‹“s,‘«—§‹ζ,•Ϋ–ΨΤ‚Q’–Ϊ,2019-05-14,17,‚»‚Μ‘Ό,‚ ‚θ
397,ή“,©“®”Μ”„‹@‚Λ‚η‚Ά,’|‚Μ’Λ,•Ϋ–ΨΤπ”Τ,131211,“‹“s,‘«—§‹ζ,•Ϋ–ΨΤ‚R’–Ϊ,2019-06-24,13,’“Τi—Φjκ,‚ ‚θ
398,ή“,©“®”Μ”„‹@‚Λ‚η‚Ά,’|‚Μ’Λ,Ό•Ϋ–ΨΤπ”Τ,131211,“‹“s,‘«—§‹ζ,•Ϋ–ΨΤ‚S’–Ϊ,2019-07-01,14,‚»‚Μ‘Ό,‚ ‚θ
399,ή“,©“®”Μ”„‹@‚Λ‚η‚Ά,’|‚Μ’Λ,Ό•Ϋ–ΨΤπ”Τ,131211,“‹“s,‘«—§‹ζ,•Ϋ–ΨΤ‚S’–Ϊ,2019-07-27,22,“ΉHγ,‚ ‚θ
400,ή“,©“®”Μ”„‹@‚Λ‚η‚Ά,’|‚Μ’Λ,Ό•Ϋ–ΨΤπ”Τ,131211,“‹“s,‘«—§‹ζ,•Ϋ–ΨΤ‚S’–Ϊ,2019-08-16,13,‚»‚Μ‘Ό,‚ ‚θ
401,ή“,©“®”Μ”„‹@‚Λ‚η‚Ά,’|‚Μ’Λ,Ι‹»’¬π”Τ,131211,“‹“s,‘«—§‹ζ,“ό’J‚T’–Ϊ,2019-04-29,14,‚»‚Μ‘Ό,‚ ‚θ
402,ή“,©“®”Μ”„‹@‚Λ‚η‚Ά,’|‚Μ’Λ,“ό’J’¬π”Τ,131211,“‹“s,‘«—§‹ζ,“ό’J‚P’–Ϊ,2019-06-29,21,‚»‚Μ‘Ό,‚ ‚θ
403,ή“,©“®”Μ”„‹@‚Λ‚η‚Ά,’|‚Μ’Λ,“ό’J’¬π”Τ,131211,“‹“s,‘«—§‹ζ,“ό’J‚U’–Ϊ,2019-05-30,07,‚»‚Μ‘Ό,‚ ‚θ
404,ή“,©“®”Μ”„‹@‚Λ‚η‚Ά,’|‚Μ’Λ,“ό’J’¬π”Τ,131211,“‹“s,‘«—§‹ζ,“ό’J‚U’–Ϊ,2019-06-24,07,“ΉHγ,‚ ‚θ
405,ή“,©“®”Μ”„‹@‚Λ‚η‚Ά,’|‚Μ’Λ,“ό’J’¬π”Τ,131211,“‹“s,‘«—§‹ζ,“ό’J‚U’–Ϊ,2019-08-15,07,’“Τi—Φjκ,‚ ‚θ
406,ή“,©“®”Μ”„‹@‚Λ‚η‚Ά,’|‚Μ’Λ,“ό’J’¬π”Τ,131211,“‹“s,‘«—§‹ζ,“ό’J‚V’–Ϊ,2019-05-11,23,‚»‚Μ‘Ό,‚ ‚θ
407,ή“,©“®”Μ”„‹@‚Λ‚η‚Ά,’|‚Μ’Λ,“ό’J’¬π”Τ,131211,“‹“s,‘«—§‹ζ,“ό’J‚V’–Ϊ,2019-05-28,19,‚»‚Μ‘Ό,‚ ‚θ
408,ή“,©“®”Μ”„‹@‚Λ‚η‚Ά,’|‚Μ’Λ,“ό’J’¬π”Τ,131211,“‹“s,‘«—§‹ζ,“ό’J‚V’–Ϊ,2019-07-24,02,“ΉHγ,‚ ‚θ
409,ή“,©“®”Μ”„‹@‚Λ‚η‚Ά,’|‚Μ’Λ,“ό’J’¬π”Τ,131211,“‹“s,‘«—§‹ζ,“ό’J‚V’–Ϊ,2019-08-27,18,“ΉHγ,‚ ‚θ
410,ή“,©“®”Μ”„‹@‚Λ‚η‚Ά,ι“,iJ‹΄π”Τ,131083,“‹“s,]“‹ζ,‘ε“‡‚S’–Ϊ,2019-03-26,11,‚»‚Μ‘Ό,‚ ‚θ
411,ή“,©“®”Μ”„‹@‚Λ‚η‚Ά,ι“,‘ε“‡π”Τ,131083,“‹“s,]“‹ζ,‘ε“‡‚U’–Ϊ,2019-04-17,07,‚»‚Μ‘Ό,‚ ‚θ
412,ή“,©“®”Μ”„‹@‚Λ‚η‚Ά,–{,‹eμ“ρ’–Ϊπ”Τ,131075,“‹“s,–n“c‹ζ,‹eμ‚P’–Ϊ,2019-02-13,15,’“Τi—Φjκ,‚ ‚θ
413,ή“,©“®”Μ”„‹@‚Λ‚η‚Ά,–{,‹Ρ…’¬‰w“μϋπ”Τ,131075,“‹“s,–n“c‹ζ,]“‹΄‚S’–Ϊ,2018-12-31,23,’“Τi—Φjκ,‚ ‚θ
414,ή“,©“®”Μ”„‹@‚Λ‚η‚Ά,ό“‡,‹“‡“ρ’–Ϊπ”Τ,131075,“‹“s,–n“c‹ζ,•¶‰Τ‚R’–Ϊ,2019-10-28,11,’“Τi—Φjκ,‚ ‚θ
415,ή“,©“®”Μ”„‹@‚Λ‚η‚Ά,‹T—L,‹ΰ’¬‰w“μϋπ”Τ,131229,“‹“s,‹ό‹ζ,‹ΰ’¬‚S’–Ϊ,2019-10-22,13,“ΉHγ,‚ ‚θ
416,ή“,©“®”Μ”„‹@‚Λ‚η‚Ά,‹T—L,Δ–”π”Τ,131229,“‹“s,‹ό‹ζ,Δ–”‚V’–Ϊ,2019-12-06,12,‚»‚Μ‘Ό,‚ ‚θ
417,ή“,©“®”Μ”„‹@‚Λ‚η‚Ά,‹T—L,Ό‹T—Lπ”Τ,131229,“‹“s,‹ό‹ζ,Ό‹T—L‚R’–Ϊ,2019-05-15,07,‚»‚Μ‘Ό,‚ ‚θ
418,ή“,©“®”Μ”„‹@‚Λ‚η‚Ά,‹T—L,‹ΰ’¬‰w–kϋπ”Τ,131229,“‹“s,‹ό‹ζ,“‹ΰ’¬‚P’–Ϊ,2019-05-02,16,‚»‚Μ‘Ό,‚ ‚θ
419,ή“,©“®”Μ”„‹@‚Λ‚η‚Ά,‹ό,•σ’¬π”Τ,131229,“‹“s,‹ό‹ζ,l‚Β–Ψ‚T’–Ϊ,2019-09-23,04,‚»‚Μ‘Ό,‚ ‚θ
420,ή“,©“®”Μ”„‹@‚Λ‚η‚Ά,‹ό,—§Ξ‰w‘Oπ”Τ,131229,“‹“s,‹ό‹ζ,“—§Ξ‚S’–Ϊ,2019-04-20,09,’“Τi—Φjκ,‚ ‚θ
421,ή“,©“®”Μ”„‹@‚Λ‚η‚Ά,‹ό,Β“u‰w‘Oπ”Τ,131229,“‹“s,‹ό‹ζ,ΒΛ‚R’–Ϊ,2019-01-12,14,‚»‚Μ‘Ό,‚ ‚θ
422,ή“,©“®”Μ”„‹@‚Λ‚η‚Ά,‹ό,γ•½δπ”Τ,131229,“‹“s,‹ό‹ζ,“V¬β‚T’–Ϊ,2019-09-23,05,‚»‚Μ‘Ό,‚ ‚θ
423,ή“,©“®”Μ”„‹@‚Λ‚η‚Ά,¬Όμ,κ”V]π”Τ,131237,“‹“s,]Λμ‹ζ,κ”V]‚Q’–Ϊ,2019-04-10,10,“ΉHγ,‚ ‚θ
424,ή“,©“®”Μ”„‹@‚Λ‚η‚Ά,¬Όμ,Βθ‰w‘Oπ”Τ,131237,“‹“s,]Λμ‹ζ,’J‰Ν“ΰ‚Q’–Ϊ,2019-04-04,13,“ΉHγ,‚ ‚θ
425,ή“,©“®”Μ”„‹@‚Λ‚η‚Ά,¬β,]Λμπ”Τ,131237,“‹“s,]Λμ‹ζ,–k¬β‚R’–Ϊ,2019-03-22,00,’“Τi—Φjκ,‚Θ‚µ
426,ή“,©“®”Μ”„‹@‚Λ‚η‚Ά,¬β,­π”Τ,131237,“‹“s,]Λμ‹ζ,­‚Q’–Ϊ,2019-05-08,10,‚»‚Μ‘Ό,‚ ‚θ
427,ή“,©“®”Μ”„‹@‚Λ‚η‚Ά,‹Ό,‘D–x‰w‘Oπ”Τ,131237,“‹“s,]Λμ‹ζ,‘D–x‚Q’–Ϊ,2019-10-03,14,“ΉHγ,‚ ‚θ
428,ή“,©“®”Μ”„‹@‚Λ‚η‚Ά,‹Ό,‘D–x‰w‘Oπ”Τ,131237,“‹“s,]Λμ‹ζ,‘D–x‚R’–Ϊ,2019-09-26,15,“ΉHγ,‚ ‚θ
429,ή“,©“®”Μ”„‹@‚Λ‚η‚Ά,‹Ό,‹Ό‹΄“π”Τ,131237,“‹“s,]Λμ‹ζ,–k‹Ό‚Q’–Ϊ,2019-05-29,13,‚»‚Μ‘Ό,‚ ‚θ
430,ή“,©“®”Μ”„‹@‚Λ‚η‚Ά,‹Ό,“‹Ό‹γ’–Ϊ’“έ,131237,“‹“s,]Λμ‹ζ,“‹Ό‚W’–Ϊ,2019-05-20,14,’“Τi—Φjκ,‚ ‚θ
431,ή“,©“®”Μ”„‹@‚Λ‚η‚Ά,‹Ό,΄V’¬π”Τ,131237,“‹“s,]Λμ‹ζ,Ό‹Ό‚W’–Ϊ,2019-02-11,20,“ΉHγ,‚Θ‚µ
432,ή“,©“®”Μ”„‹@‚Λ‚η‚Ά,‹Ό,΄V’¬π”Τ,131237,“‹“s,]Λμ‹ζ,΄V’¬‚Q’–Ϊ,2019-02-07,14,‚»‚Μ‘Ό,‚Θ‚µ
433,ή“,©“®”Μ”„‹@‚Λ‚η‚Ά,‹Ό,΄V’¬π”Τ,131237,“‹“s,]Λμ‹ζ,΄V’¬‚Q’–Ϊ,2019-05-28,15,‚»‚Μ‘Ό,‚Θ‚µ
434,ή“,©“®”Μ”„‹@‚Λ‚η‚Ά,“μ‘ε‘ς,–k–μ‰w‘Oπ”Τ,132012,“‹“s,”‰¤qs,¦ƒP‹u‚Q’–Ϊ,2019-11-15,14,‚»‚Μ‘Ό,‚ ‚θ
435,ή“,©“®”Μ”„‹@‚Λ‚η‚Ά,“μ‘ε‘ς,‚έ‚Θ‚έ–μπ”Τ,132012,“‹“s,”‰¤qs,•Π‘q’¬,2019-03-10,07,‚»‚Μ‘Ό,‚ ‚θ
436,ή“,©“®”Μ”„‹@‚Λ‚η‚Ά,“μ‘ε‘ς,‚έ‚Θ‚έ–μπ”Τ,132012,“‹“s,”‰¤qs,‚έ‚Θ‚έ–μ‚R’–Ϊ,2019-11-16,01,‚»‚Μ‘Ό,‚ ‚θ
437,ή“,©“®”Μ”„‹@‚Λ‚η‚Ά,“μ‘ε‘ς,‘΄‰w‘Oπ”Τ,132098,“‹“s,’¬“cs,‘΄’¬,2019-11-17,09,‚»‚Μ‘Ό,‚ ‚θ
438,ή“,©“®”Μ”„‹@‚Λ‚η‚Ά,‚”φ,‚”φ‰w‘Oπ”Τ,132012,“‹“s,”‰¤qs,‚”φ’¬,2019-06-27,10,“ΉHγ,‚ ‚θ
439,ή“,©“®”Μ”„‹@‚Λ‚η‚Ά,‚”φ,•ΐ–Ψ’¬π”Τ,132012,“‹“s,”‰¤qs,•ΐ–Ψ’¬,2019-06-06,17,‚»‚Μ‘Ό,‚ ‚θ
440,ή“,©“®”Μ”„‹@‚Λ‚η‚Ά,‚”φ,›“c’c’n’“έ,132012,“‹“s,”‰¤qs,›“c’¬,2019-11-26,09,“ΉHγ,‚ ‚θ
441,ή“,©“®”Μ”„‹@‚Λ‚η‚Ά,‘½–€’†‰›,χƒP‹u‰w‘Oπ”Τ,132241,“‹“s,‘½–€s,ΦΛ‚T’–Ϊ,2019-07-20,04,‚»‚Μ‘Ό,‚ ‚θ
442,ή“,©“®”Μ”„‹@‚Λ‚η‚Ά,‘½–€’†‰›,–ξ–μϋπ”Τ,132250,“‹“s,ξιs,–ξ–μϋ,2019-12-17,06,“ΉHγ,‚ ‚θ
443,ή“,©“®”Μ”„‹@‚Λ‚η‚Ά,‘½–€’†‰›,Aυ›’“έ,132241,“‹“s,‘½–€s,Aυ›‚Q’–Ϊ,2019-07-21,05,“ΉHγ,‚Θ‚µ
444,ή“,©“®”Μ”„‹@‚Λ‚η‚Ά,‘½–€’†‰›,β•l’“έ,132250,“‹“s,ξιs,β•l,2019-03-22,16,‚»‚Μ‘Ό,‚ ‚θ
445,ή“,©“®”Μ”„‹@‚Λ‚η‚Ά,‘½–€’†‰›,β•l’“έ,132250,“‹“s,ξιs,β•l,2019-03-22,17,“ΉHγ,‚ ‚θ
446,ή“,©“®”Μ”„‹@‚Λ‚η‚Ά,‘½–€’†‰›,α—t‘δ‰w‘Oπ”Τ,132250,“‹“s,ξιs,α—t‘δ‚P’–Ϊ,2019-08-20,15,‚»‚Μ‘Ό,‚ ‚θ
447,ή“,©“®”Μ”„‹@‚Λ‚η‚Ά,“‘εa,Oƒc–Ψπ”Τ,132233,“‹“s,•‘ ‘ΊRs,Oƒc–Ψ‚P’–Ϊ,2019-03-20,15,‚»‚Μ‘Ό,‚ ‚θ
448,ή“,©“®”Μ”„‹@‚Λ‚η‚Ά,“‘εa,πE’“έ,132209,“‹“s,“‘εas,πE‚R’–Ϊ,2019-09-13,19,‚»‚Μ‘Ό,‚ ‚θ
449,ή“,©“®”Μ”„‹@‚Λ‚η‚Ά,Β”~,V’¬π”Τ,132055,“‹“s,Β”~s,V’¬‚U’–Ϊ,2019-08-29,15,‚»‚Μ‘Ό,‚ ‚θ
450,ή“,©“®”Μ”„‹@‚Λ‚η‚Ά,Β”~,¬‘]–Ψ’“έ,132055,“‹“s,Β”~s,•x‰‚R’–Ϊ,2019-04-02,10,“ΉHγ,‚ ‚θ
451,ή“,©“®”Μ”„‹@‚Λ‚η‚Ά,ά“ϊs,•½δ’“έ,133051,“‹“s,“ϊ‚Μo’¬,‘ε•½δ,2019-08-21,11,’“Τi—Φjκ,‚ ‚θ
452,ή“,©“®”Μ”„‹@‚Λ‚η‚Ά,•¶,•¶‰w‘Oπ”Τ,132187,“‹“s,•¶s,‰Α”ό•½‚P’–Ϊ,2019-02-22,11,“ΉHγ,‚ ‚θ
453,ή“,©“®”Μ”„‹@‚Λ‚η‚Ά,•¶,•¶‰w‘Oπ”Τ,132187,“‹“s,•¶s,‰Α”ό•½‚P’–Ϊ,2019-02-28,16,‚»‚Μ‘Ό,‚ ‚θ
454,ή“,©“®”Μ”„‹@‚Λ‚η‚Ά,•¶,•¶‰w‘Oπ”Τ,132187,“‹“s,•¶s,‘ε•¶,2019-02-21,10,“ΉHγ,‚ ‚θ
455,ή“,©“®”Μ”„‹@‚Λ‚η‚Ά,•¶,•¶‰w‘Oπ”Τ,132187,“‹“s,•¶s,–{’¬,2019-03-13,10,“ΉHγ,‚ ‚θ
456,ή“,©“®”Μ”„‹@‚Λ‚η‚Ά,•¶,γ•¶’“έ,132187,“‹“s,•¶s,‰Α”ό•½‚R’–Ϊ,2019-03-16,03,“ΉHγ,‚ ‚θ
457,ή“,©“®”Μ”„‹@‚Λ‚η‚Ά,•¶,_–Ύ‘δπ”Τ,132276,“‹“s,‰H‘Ίs,_–Ύ‘δ‚Q’–Ϊ,2019-03-15,11,“ΉHγ,‚ ‚θ
458,ή“,©“®”Μ”„‹@‚Λ‚η‚Ά,•¶,_–Ύ‘δπ”Τ,132276,“‹“s,‰H‘Ίs,_–Ύ‘δ‚S’–Ϊ,2019-03-05,11,“ΉHγ,‚ ‚θ
459,ή“,©“®”Μ”„‹@‚Λ‚η‚Ά,•¶,‰H‘Ί‰w‘Oπ”Τ,132276,“‹“s,‰H‘Ίs,άƒm_‚S’–Ϊ,2019-02-25,09,’“Τi—Φjκ,‚ ‚θ
460,ή“,©“®”Μ”„‹@‚Λ‚η‚Ά,•¶,‰H‘Ί‰w‘Oπ”Τ,132276,“‹“s,‰H‘Ίs,—Ξƒ–‹u‚S’–Ϊ,2019-03-06,11,‚»‚Μ‘Ό,‚ ‚θ
461,ή“,©“®”Μ”„‹@‚Λ‚η‚Ά,•¶,‰H‘Ί‰w‘Oπ”Τ,132276,“‹“s,‰H‘Ίs,—Ξƒ–‹u‚S’–Ϊ,2019-03-16,04,“ΉHγ,‚ ‚θ
462,ή“,©“®”Μ”„‹@‚Λ‚η‚Ά,•¶,¬μ‰w‘Oπ”Τ,132276,“‹“s,‰H‘Ίs,¬μ‘δ‚P’–Ϊ,2019-02-01,07,‚»‚Μ‘Ό,‚ ‚θ
463,ή“,©“®”Μ”„‹@‚Λ‚η‚Ά,•¶,” ƒ–θ‰w‘Oπ”Τ,133035,“‹“s,•δ’¬,‘ε” ƒPθ,2019-12-09,03,‚»‚Μ‘Ό,‚ ‚θ
464,ή“,©“®”Μ”„‹@‚Λ‚η‚Ά,”‰¤q,Ό”‰¤q‰w‘Oπ”Τ,132012,“‹“s,”‰¤qs,ηl’¬‚Q’–Ϊ,2019-03-20,16,‚»‚Μ‘Ό,‚ ‚θ
465,ή“,©“®”Μ”„‹@‚Λ‚η‚Ά,”‰¤q,’Η•π”Τ,132012,“‹“s,”‰¤qs,’Η•’¬,2019-03-04,13,‚»‚Μ‘Ό,‚ ‚θ
466,ή“,©“®”Μ”„‹@‚Λ‚η‚Ά,”‰¤q,’Η•π”Τ,132012,“‹“s,”‰¤qs,’Η•’¬,2019-05-07,14,‚»‚Μ‘Ό,‚ ‚θ
467,ή“,©“®”Μ”„‹@‚Λ‚η‚Ά,”‰¤q,’Η•π”Τ,132012,“‹“s,”‰¤qs,¬–ε’¬,2019-03-05,•s–Ύ,’“Τi—Φjκ,‚ ‚θ
468,ή“,©“®”Μ”„‹@‚Λ‚η‚Ά,”‰¤q,’†–μπ”Τ,132012,“‹“s,”‰¤qs,‘ε‰΅’¬,2019-03-06,16,‚»‚Μ‘Ό,‚ ‚θ
469,ή“,©“®”Μ”„‹@‚Λ‚η‚Ά,”‰¤q,’†–μπ”Τ,132012,“‹“s,”‰¤qs,–{‹½’¬,2019-03-01,14,‚»‚Μ‘Ό,‚ ‚θ
470,ή“,©“®”Μ”„‹@‚Λ‚η‚Ά,”‰¤q,•xmXπ”Τ,132012,“‹“s,”‰¤qs,‘δ’¬‚S’–Ϊ,2019-03-18,09,‚»‚Μ‘Ό,‚ ‚θ
471,ή“,©“®”Μ”„‹@‚Λ‚η‚Ά,”‰¤q,”‰¤q‰w“μϋπ”Τ,132012,“‹“s,”‰¤qs,qΐ’¬‚P’–Ϊ,2019-04-16,18,‚»‚Μ‘Ό,‚ ‚θ
472,ή“,©“®”Μ”„‹@‚Λ‚η‚Ά,”‰¤q,”‰¤q‰w“μϋπ”Τ,132012,“‹“s,”‰¤qs,–’¬,2019-07-02,12,“ΉHγ,‚ ‚θ
473,ή“,©“®”Μ”„‹@‚Λ‚η‚Ά,”‰¤q,”‰¤q‰w–kϋπ”Τ,132012,“‹“s,”‰¤qs,“μ’¬,2019-03-01,10,‚»‚Μ‘Ό,‚ ‚θ
474,ή“,©“®”Μ”„‹@‚Λ‚η‚Ά,”‰¤q,”‰¤q‰w–kϋπ”Τ,132012,“‹“s,”‰¤qs,–Ύ_’¬‚S’–Ϊ,2019-02-25,12,’“Τi—Φjκ,‚ ‚θ
475,ή“,©“®”Μ”„‹@‚Λ‚η‚Ά,”‰¤q,”‰¤q‰w–kϋπ”Τ,132012,“‹“s,”‰¤qs,‰΅R’¬,2019-02-25,09,‚»‚Μ‘Ό,‚ ‚θ
476,ή“,©“®”Μ”„‹@‚Λ‚η‚Ά,”‰¤q,”‰¤q‰w–kϋπ”Τ,132012,“‹“s,”‰¤qs,‰΅R’¬,2019-03-05,12,‚»‚Μ‘Ό,‚ ‚θ
477,ή“,©“®”Μ”„‹@‚Λ‚η‚Ά,”‰¤q,”‰¤q‰w–kϋπ”Τ,132012,“‹“s,”‰¤qs,–’¬,2019-07-23,11,“ΉHγ,‚ ‚θ
478,ή“,©“®”Μ”„‹@‚Λ‚η‚Ά,”‰¤q,ξ‰Χβπ”Τ,132012,“‹“s,”‰¤qs,¶“ό’¬,2019-02-22,13,‚»‚Μ‘Ό,‚ ‚θ
479,ή“,©“®”Μ”„‹@‚Λ‚η‚Ά,”‰¤q,‹{‰Ί’“έ,132012,“‹“s,”‰¤qs,Λ’¬,2019-02-19,16,‚»‚Μ‘Ό,‚ ‚θ
480,ή“,©“®”Μ”„‹@‚Λ‚η‚Ά,”‰¤q,‹{‰Ί’“έ,132012,“‹“s,”‰¤qs,Λ’¬,2019-02-19,17,‚»‚Μ‘Ό,‚ ‚θ
481,ή“,©“®”Μ”„‹@‚Λ‚η‚Ά,”‰¤q,‹{‰Ί’“έ,132012,“‹“s,”‰¤qs,Λ’¬,2019-03-12,13,‚»‚Μ‘Ό,‚ ‚θ
482,ή“,©“®”Μ”„‹@‚Λ‚η‚Ά,’¬“c,’¬“c‰w‘Oπ”Τ,132098,“‹“s,’¬“cs,΄’¬“c‚U’–Ϊ,2019-07-03,10,‚»‚Μ‘Ό,‚ ‚θ
483,ή“,©“®”Μ”„‹@‚Λ‚η‚Ά,’¬“c,’¬“c‰w‘Oπ”Τ,132098,“‹“s,’¬“cs,΄’¬“c‚U’–Ϊ,2019-07-04,09,“ΉHγ,‚ ‚θ
484,ή“,©“®”Μ”„‹@‚Λ‚η‚Ά,’¬“c,’¬“c‰w‘Oπ”Τ,132098,“‹“s,’¬“cs,X–μ‚P’–Ϊ,2019-06-27,11,‚»‚Μ‘Ό,‚ ‚θ
485,ή“,©“®”Μ”„‹@‚Λ‚η‚Ά,’¬“c,΄’¬“cπ”Τ,132098,“‹“s,’¬“cs,΄’¬“c‚Q’–Ϊ,2019-07-07,12,‚»‚Μ‘Ό,‚ ‚θ
486,ή“,©“®”Μ”„‹@‚Λ‚η‚Ά,’¬“c,΄’¬“cπ”Τ,132098,“‹“s,’¬“cs,΄’¬“c‚U’–Ϊ,2019-07-08,10,“ΉHγ,‚ ‚θ
487,ή“,©“®”Μ”„‹@‚Λ‚η‚Ά,’¬“c,’ίΤπ”Τ,132098,“‹“s,’¬“cs,‹ΰX‚U’–Ϊ,2019-11-15,17,‚»‚Μ‘Ό,‚Θ‚µ
488,ή“,©“®”Μ”„‹@‚Λ‚η‚Ά,’¬“c,’ίμ‰w‘Oπ”Τ,132098,“‹“s,’¬“cs,”\ƒ–’J‚U’–Ϊ,2019-03-13,13,“ΉHγ,‚ ‚θ
489,ή“,©“®”Μ”„‹@‚Λ‚η‚Ά,’¬“c,‘ε‘ ’“έ,132098,“‹“s,’¬“cs,‘ε‘ ’¬,2019-08-02,23,‚»‚Μ‘Ό,‚ ‚θ
490,ή“,©“®”Μ”„‹@‚Λ‚η‚Ά,’¬“c,–μ’Γ“c’“έ,132098,“‹“s,’¬“cs,–μ’Γ“c’¬,2019-02-07,15,‚»‚Μ‘Ό,‚ ‚θ
491,ή“,©“®”Μ”„‹@‚Λ‚η‚Ά,’¬“c,–μ’Γ“c’“έ,132098,“‹“s,’¬“cs,–μ’Γ“c’¬,2019-02-26,22,‚»‚Μ‘Ό,‚ ‚θ
492,ή“,©“®”Μ”„‹@‚Λ‚η‚Ά,’¬“c,–μ’Γ“c’“έ,132098,“‹“s,’¬“cs,–μ’Γ“c’¬,2019-02-26,22,‚»‚Μ‘Ό,‚ ‚θ
493,ή“,©“®”Μ”„‹@‚Λ‚η‚Ά,’¬“c,–μ’Γ“c’“έ,132098,“‹“s,’¬“cs,–μ’Γ“c’¬,2019-11-24,13,‚»‚Μ‘Ό,‚ ‚θ
494,ή“,©“®”Μ”„‹@‚Λ‚η‚Ά,’¬“c,–μ’Γ“c’“έ,132098,“‹“s,’¬“cs,–μ’Γ“c’¬,2019-11-28,11,‚»‚Μ‘Ό,‚ ‚θ
495,ή“,©“®”Μ”„‹@‚Λ‚η‚Ά,’¬“c,–μ’Γ“c’“έ,132098,“‹“s,’¬“cs,–μ’Γ“c’¬,2019-11-28,11,‚»‚Μ‘Ό,‚ ‚θ
496,ή“,©“®”Μ”„‹@‚Λ‚η‚Ά,’¬“c,–μ’Γ“c’“έ,132098,“‹“s,’¬“cs,–μ’Γ“c’¬,2019-11-30,18,‚»‚Μ‘Ό,‚ ‚θ
497,ή“,©“®”Μ”„‹@‚Λ‚η‚Ά,’¬“c,–Ψ‘]π”Τ,132098,“‹“s,’¬“cs,–Ψ‘]’¬,2018-12-27,12,‚»‚Μ‘Ό,‚ ‚θ
498,ή“,©“®”Μ”„‹@‚Λ‚η‚Ά,’¬“c,–Ψ‘]π”Τ,132098,“‹“s,’¬“cs,–Ψ‘]’¬,2018-12-29,16,‚»‚Μ‘Ό,‚ ‚θ
499,ή“,©“®”Μ”„‹@‚Λ‚η‚Ά,’¬“c,–Ψ‘]π”Τ,132098,“‹“s,’¬“cs,–Ψ‘]’¬,2019-02-04,09,‚»‚Μ‘Ό,‚ ‚θ
500,ή“,©“®”Μ”„‹@‚Λ‚η‚Ά,’¬“c,–Ψ‘]π”Τ,132098,“‹“s,’¬“cs,–Ψ‘]“‚P’–Ϊ,2019-09-28,10,‚»‚Μ‘Ό,‚ ‚θ
501,ή“,©“®”Μ”„‹@‚Λ‚η‚Ά,’¬“c,ν”Υ’“έ,132098,“‹“s,’¬“cs,ν”Υ’¬,2019-07-20,10,‚»‚Μ‘Ό,‚ ‚θ
502,ή“,©“®”Μ”„‹@‚Λ‚η‚Ά,’¬“c,¬R“c’“έ,132098,“‹“s,’¬“cs,‰Ί¬R“c’¬,2019-07-24,23,‚»‚Μ‘Ό,‚ ‚θ
503,ή“,©“®”Μ”„‹@‚Λ‚η‚Ά,’¬“c,¬R“c’“έ,132098,“‹“s,’¬“cs,‰Ί¬R“c’¬,2019-07-25,21,‚»‚Μ‘Ό,‚Θ‚µ
504,ή“,©“®”Μ”„‹@‚Λ‚η‚Ά,’¬“c,O—Φ’“έ,132098,“‹“s,’¬“cs,O—Φ’¬,2019-07-04,15,“ΉHγ,‚ ‚θ
505,ή“,©“®”Μ”„‹@‚Λ‚η‚Ά,’¬“c,O—Φ’“έ,132098,“‹“s,’¬“cs,O—Φ’¬,2019-11-08,22,‚»‚Μ‘Ό,‚Θ‚µ
506,ή“,©“®”Μ”„‹@‚Λ‚η‚Ά,’¬“c,‚ƒ–β’“έ,132098,“‹“s,’¬“cs,‚ƒ–β‚R’–Ϊ,2019-06-18,10,‚»‚Μ‘Ό,‚Θ‚µ
507,ή“,©“®”Μ”„‹@‚Λ‚η‚Ά,’¬“c,‚ƒ–β’“έ,132098,“‹“s,’¬“cs,‚ƒ–β‚T’–Ϊ,2019-07-10,10,“ΉHγ,‚Θ‚µ
508,ή“,©“®”Μ”„‹@‚Λ‚η‚Ά,’¬“c,’‰¶’n‹ζπ”Τ,132098,“‹“s,’¬“cs,’‰¶‚S’–Ϊ,2019-08-29,10,‚»‚Μ‘Ό,‚ ‚θ
509,ή“,©“®”Μ”„‹@‚Λ‚η‚Ά,’¬“c,’‰¶’n‹ζπ”Τ,132098,“‹“s,’¬“cs,ν”Υ’¬,2019-09-23,02,‚»‚Μ‘Ό,‚ ‚θ
510,ή“,©“®”Μ”„‹@‚Λ‚η‚Ά,’¬“c,’‰¶’n‹ζπ”Τ,132098,“‹“s,’¬“cs,Rθ’¬,2019-07-08,17,‚»‚Μ‘Ό,‚Θ‚µ
511,ή“,©“®”Μ”„‹@‚Λ‚η‚Ά,“ϊ–μ,‘εβγ’“έ,132128,“‹“s,“ϊ–μs,‘εβγ‚Q’–Ϊ,2019-11-08,11,‚»‚Μ‘Ό,‚ ‚θ
512,ή“,©“®”Μ”„‹@‚Λ‚η‚Ά,“ϊ–μ,•½Rπ”Τ,132128,“‹“s,“ϊ–μs,“μ•½‚V’–Ϊ,2019-09-24,05,‚»‚Μ‘Ό,‚Θ‚µ
513,ή“,©“®”Μ”„‹@‚Λ‚η‚Ά,Ί“‡,•“‡π”Τ,132071,“‹“s,Ί“‡s,‹Κμ’¬‚S’–Ϊ,2019-06-04,10,‚»‚Μ‘Ό,‚ ‚θ
514,ή“,©“®”Μ”„‹@‚Λ‚η‚Ά,Ί“‡,•“‡π”Τ,132071,“‹“s,Ί“‡s,•“‡’¬‚P’–Ϊ,2019-05-28,16,“ΉHγ,‚ ‚θ
515,ή“,©“®”Μ”„‹@‚Λ‚η‚Ά,Ί“‡,”q“‡‰w‘Oπ”Τ,132071,“‹“s,Ί“‡s,Ό΄’¬‚T’–Ϊ,2019-03-19,10,‚»‚Μ‘Ό,‚ ‚θ
516,ή“,©“®”Μ”„‹@‚Λ‚η‚Ά,—§μ,‘—§‰w‘Oπ”Τ,132152,“‹“s,‘—§s,’†‚P’–Ϊ,2019-02-16,11,’“Τi—Φjκ,‚ ‚θ
517,ή“,©“®”Μ”„‹@‚Λ‚η‚Ά,—§μ,‘—§‰w‘Oπ”Τ,132152,“‹“s,‘—§s,’†‚P’–Ϊ,2019-03-08,12,‚»‚Μ‘Ό,‚ ‚θ
518,ή“,©“®”Μ”„‹@‚Λ‚η‚Ά,—§μ,‘—§‰w‘Oπ”Τ,132152,“‹“s,‘—§s,’†‚Q’–Ϊ,2019-09-23,06,‚»‚Μ‘Ό,‚Θ‚µ
519,ή“,©“®”Μ”„‹@‚Λ‚η‚Ά,—§μ,‹Ρ’¬π”Τ,132021,“‹“s,—§μs,‹Ρ’¬‚P’–Ϊ,2019-02-03,11,“ΉHγ,‚ ‚θ
520,ή“,©“®”Μ”„‹@‚Λ‚η‚Ά,—§μ,‹Ρ’¬π”Τ,132021,“‹“s,—§μs,‹Ρ’¬‚P’–Ϊ,2019-02-12,15,‚»‚Μ‘Ό,‚ ‚θ
521,ή“,©“®”Μ”„‹@‚Λ‚η‚Ά,—§μ,‹Ρ’¬π”Τ,132021,“‹“s,—§μs,‹Ρ’¬‚Q’–Ϊ,2019-01-29,13,‚»‚Μ‘Ό,‚ ‚θ
522,ή“,©“®”Μ”„‹@‚Λ‚η‚Ά,—§μ,‹Ρ’¬π”Τ,132021,“‹“s,—§μs,‰Hί’¬‚P’–Ϊ,2019-03-08,17,‚»‚Μ‘Ό,‚ ‚θ
523,ή“,©“®”Μ”„‹@‚Λ‚η‚Ά,—§μ,—§“ϊ‹΄π”Τ,132021,“‹“s,—§μs,‹Ρ’¬‚U’–Ϊ,2019-05-30,08,‚»‚Μ‘Ό,‚ ‚θ
524,ή“,©“®”Μ”„‹@‚Λ‚η‚Ά,—§μ,—§μ‰w“μϋπ”Τ,132021,“‹“s,—§μs,Δθ’¬‚Q’–Ϊ,2018-12-28,14,’“Τi—Φjκ,‚ ‚θ
525,ή“,©“®”Μ”„‹@‚Λ‚η‚Ά,—§μ,—§μ‰w“μϋπ”Τ,132021,“‹“s,—§μs,Δθ’¬‚Q’–Ϊ,2019-02-12,08,“ΉHγ,‚ ‚θ
526,ή“,©“®”Μ”„‹@‚Λ‚η‚Ά,—§μ,—§μ‰w“μϋπ”Τ,132021,“‹“s,—§μs,Δθ’¬‚Q’–Ϊ,2019-02-22,17,‚»‚Μ‘Ό,‚ ‚θ
527,ή“,©“®”Μ”„‹@‚Λ‚η‚Ά,—§μ,—§μ‰w“μϋπ”Τ,132021,“‹“s,—§μs,Δθ’¬‚R’–Ϊ,2019-01-28,14,’“Τi—Φjκ,‚ ‚θ
528,ή“,©“®”Μ”„‹@‚Λ‚η‚Ά,—§μ,•xm’Λπ”Τ,132021,“‹“s,—§μs,•xm©’¬‚P’–Ϊ,2018-12-07,14,’“Τi—Φjκ,‚ ‚θ
529,ή“,©“®”Μ”„‹@‚Λ‚η‚Ά,—§μ,•xm’Λπ”Τ,132021,“‹“s,—§μs,•xm©’¬‚Q’–Ϊ,2019-02-19,09,’“Τi—Φjκ,‚ ‚θ
530,ή“,©“®”Μ”„‹@‚Λ‚η‚Ά,—§μ,—§μ‰w–kϋπ”Τ,132021,“‹“s,—§μs,’¬‚P’–Ϊ,2018-12-10,15,‚»‚Μ‘Ό,‚ ‚θ
531,ή“,©“®”Μ”„‹@‚Λ‚η‚Ά,—§μ,—§μ‰w–kϋπ”Τ,132021,“‹“s,—§μs,’¬‚P’–Ϊ,2019-02-03,08,“ΉHγ,‚ ‚θ
532,ή“,©“®”Μ”„‹@‚Λ‚η‚Ά,—§μ,—§μ‰w–kϋπ”Τ,132021,“‹“s,—§μs,’¬‚Q’–Ϊ,2019-02-03,16,‚»‚Μ‘Ό,‚ ‚θ
533,ή“,©“®”Μ”„‹@‚Λ‚η‚Ά,—§μ,—§μ‰w–kϋπ”Τ,132021,“‹“s,—§μs,’¬‚Q’–Ϊ,2019-02-06,16,‚»‚Μ‘Ό,‚ ‚θ
534,ή“,©“®”Μ”„‹@‚Λ‚η‚Ά,—§μ,—§μ‰w–kϋπ”Τ,132021,“‹“s,—§μs,’¬‚Q’–Ϊ,2019-02-27,14,“ΉHγ,‚ ‚θ
535,ή“,©“®”Μ”„‹@‚Λ‚η‚Ά,—§μ,‚Ό’¬π”Τ,132021,“‹“s,—§μs,’¬‚R’–Ϊ,2019-03-01,13,“ΉHγ,‚ ‚θ
536,ή“,©“®”Μ”„‹@‚Λ‚η‚Ά,—§μ,‚Ό’¬π”Τ,132021,“‹“s,—§μs,ς’¬,2019-03-19,02,‚»‚Μ‘Ό,‚ ‚θ
537,ή“,©“®”Μ”„‹@‚Λ‚η‚Ά,—§μ,‚Ό’¬π”Τ,132021,“‹“s,—§μs,‰h’¬‚Q’–Ϊ,2019-02-21,11,‚»‚Μ‘Ό,‚ ‚θ
538,ή“,©“®”Μ”„‹@‚Λ‚η‚Ά,—§μ,‚Ό’¬π”Τ,132021,“‹“s,—§μs,‰h’¬‚Q’–Ϊ,2019-02-26,09,‚»‚Μ‘Ό,‚ ‚θ
539,ή“,©“®”Μ”„‹@‚Λ‚η‚Ά,—§μ,‚Ό’¬π”Τ,132021,“‹“s,—§μs,‚Ό’¬‚P’–Ϊ,2019-02-18,09,‚»‚Μ‘Ό,‚ ‚θ
540,ή“,©“®”Μ”„‹@‚Λ‚η‚Ά,—§μ,’¬’“έ,132021,“‹“s,—§μs,’¬‚R’–Ϊ,2019-02-27,10,“ΉHγ,‚ ‚θ
541,ή“,©“®”Μ”„‹@‚Λ‚η‚Ά,—§μ,’¬’“έ,132021,“‹“s,—§μs,’¬‚R’–Ϊ,2019-03-05,10,‚»‚Μ‘Ό,‚ ‚θ
542,ή“,©“®”Μ”„‹@‚Λ‚η‚Ά,—§μ,’¬’“έ,132021,“‹“s,—§μs,’¬‚R’–Ϊ,2019-03-08,12,“ΉHγ,‚ ‚θ
543,ή“,©“®”Μ”„‹@‚Λ‚η‚Ά,—§μ,»μ””Τπ”Τ,132021,“‹“s,—§μs,K’¬‚S’–Ϊ,2019-03-08,12,‚»‚Μ‘Ό,‚ ‚θ
544,ή“,©“®”Μ”„‹@‚Λ‚η‚Ά,—§μ,•xm©‘δπ”Τ,132152,“‹“s,‘—§s,•xm©‘δ‚Q’–Ϊ,2019-02-13,15,“ΉHγ,‚ ‚θ
545,ή“,©“®”Μ”„‹@‚Λ‚η‚Ά,•{’†,“•{’†‰w‘Oπ”Τ,132063,“‹“s,•{’†s,αΌ’¬‚P’–Ϊ,2019-06-21,11,“ΉHγ,‚ ‚θ
546,ή“,©“®”Μ”„‹@‚Λ‚η‚Ά,•{’†,“•{’†‰w‘Oπ”Τ,132063,“‹“s,•{’†s,αΌ’¬‚Q’–Ϊ,2019-06-26,15,’“Τi—Φjκ,‚ ‚θ
547,ή“,©“®”Μ”„‹@‚Λ‚η‚Ά,•{’†,“•{’†‰w‘Oπ”Τ,132063,“‹“s,•{’†s,αΌ’¬‚R’–Ϊ,2019-02-21,00,’“Τi—Φjκ,‚ ‚θ
548,ή“,©“®”Μ”„‹@‚Λ‚η‚Ά,•{’†,¥­π”Τ,132063,“‹“s,•{’†s,¬–φ’¬‚T’–Ϊ,2019-06-25,12,“ΉHγ,‚ ‚θ
549,ή“,©“®”Μ”„‹@‚Λ‚η‚Ά,•{’†,¥­π”Τ,132063,“‹“s,•{’†s,¬–φ’¬‚T’–Ϊ,2019-06-27,12,‚»‚Μ‘Ό,‚ ‚θ
550,ή“,©“®”Μ”„‹@‚Λ‚η‚Ά,•{’†,“ϊ|’¬π”Τ,132063,“‹“s,•{’†s,“ϊ|’¬,2019-06-25,00,’“Τi—Φjκ,‚ ‚θ
551,ή“,©“®”Μ”„‹@‚Λ‚η‚Ά,•{’†,”’…‘δπ”Τ,132063,“‹“s,•{’†s,”’…‘δ‚P’–Ϊ,2019-09-05,01,‚»‚Μ‘Ό,‚ ‚θ
552,ή“,©“®”Μ”„‹@‚Λ‚η‚Ά,•{’†,”’…‘δπ”Τ,132063,“‹“s,•{’†s,”’…‘δ‚R’–Ϊ,2019-06-21,13,“ΉHγ,‚ ‚θ
553,ή“,©“®”Μ”„‹@‚Λ‚η‚Ά,•{’†,”’…‘δπ”Τ,132063,“‹“s,•{’†s,”’…‘δ‚U’–Ϊ,2019-06-26,11,“ΉHγ,‚ ‚θ
554,ή“,©“®”Μ”„‹@‚Λ‚η‚Ά,•{’†,‘ε‘°π”Τ,132063,“‹“s,•{’†s,—Ξ’¬‚P’–Ϊ,2019-06-20,10,“ΉHγ,‚ ‚θ
555,ή“,©“®”Μ”„‹@‚Λ‚η‚Ά,•{’†,‘ε‘°π”Τ,132063,“‹“s,•{’†s,‹{Ό’¬‚S’–Ϊ,2019-06-19,07,“ΉHγ,‚ ‚θ
556,ή“,©“®”Μ”„‹@‚Λ‚η‚Ά,•{’†,‘ε‘°π”Τ,132063,“‹“s,•{’†s,‹{’¬‚P’–Ϊ,2019-09-16,23,‚»‚Μ‘Ό,‚ ‚θ
557,ή“,©“®”Μ”„‹@‚Λ‚η‚Ά,•{’†,‘ε‘°π”Τ,132063,“‹“s,•{’†s,‹{’¬‚R’–Ϊ,2019-06-28,11,‚»‚Μ‘Ό,‚ ‚θ
558,ή“,©“®”Μ”„‹@‚Λ‚η‚Ά,¬‹ΰδ,‘O΄π”Τ,132101,“‹“s,¬‹ΰδs,’†’¬‚P’–Ϊ,2019-02-28,12,“ΉHγ,‚ ‚θ
559,ή“,©“®”Μ”„‹@‚Λ‚η‚Ά,¬‹ΰδ,‘O΄π”Τ,132101,“‹“s,¬‹ΰδs,‘O΄’¬‚R’–Ϊ,2019-02-18,15,’“Τi—Φjκ,‚ ‚θ
560,ή“,©“®”Μ”„‹@‚Λ‚η‚Ά,¬‹ΰδ,“¬‹ΰδ‰w‘Oπ”Τ,132101,“‹“s,¬‹ΰδs,’†’¬‚Q’–Ϊ,2019-02-28,11,“ΉHγ,‚ ‚θ
561,ή“,©“®”Μ”„‹@‚Λ‚η‚Ά,¬‹ΰδ,“¬‹ΰδ‰w‘Oπ”Τ,132101,“‹“s,¬‹ΰδs,“’¬‚S’–Ϊ,2019-05-22,10,‚»‚Μ‘Ό,‚ ‚θ
562,ή“,©“®”Μ”„‹@‚Λ‚η‚Ά,¬‹ΰδ,Ρδ–k’¬π”Τ,132101,“‹“s,¬‹ΰδs,Ρδ–k’¬‚S’–Ϊ,2019-12-23,18,’“Τi—Φjκ,‚ ‚θ
563,ή“,©“®”Μ”„‹@‚Λ‚η‚Ά,¬‹ΰδ,Ρδ–k’¬π”Τ,132101,“‹“s,¬‹ΰδs,–{’¬‚T’–Ϊ,2019-03-12,13,“ΉHγ,‚ ‚θ
564,ή“,©“®”Μ”„‹@‚Λ‚η‚Ά,¬‹ΰδ,–{‘½π”Τ,132101,“‹“s,¬‹ΰδs,Ρδ–k’¬‚P’–Ϊ,2019-02-18,15,‚»‚Μ‘Ό,‚ ‚θ
565,ή“,©“®”Μ”„‹@‚Λ‚η‚Ά,¬‹ΰδ,–{‘½π”Τ,132101,“‹“s,¬‹ΰδs,Ρδ–k’¬‚P’–Ϊ,2019-02-28,14,’“Τi—Φjκ,‚ ‚θ
566,ή“,©“®”Μ”„‹@‚Λ‚η‚Ά,¬‹ΰδ,‹¤‰v’“έ,132144,“‹“s,‘•›s,–k’¬‚Q’–Ϊ,2019-10-03,11,‚»‚Μ‘Ό,‚Θ‚µ
567,ή“,©“®”Μ”„‹@‚Λ‚η‚Ά,¬‹ΰδ,‘•›‰w“μϋπ”Τ,132144,“‹“s,‘•›s,“μ’¬‚R’–Ϊ,2019-03-01,07,’“Τi—Φjκ,‚ ‚θ
568,ή“,©“®”Μ”„‹@‚Λ‚η‚Ά,¬‹ΰδ,‘•›‰w“μϋπ”Τ,132144,“‹“s,‘•›s,“μ’¬‚R’–Ϊ,2019-03-02,03,‚»‚Μ‘Ό,‚ ‚θ
569,ή“,©“®”Μ”„‹@‚Λ‚η‚Ά,¬‹ΰδ,•‘ ¬‹ΰδ‰w‘Oπ”Τ,132101,“‹“s,¬‹ΰδs,–{’¬‚T’–Ϊ,2019-02-27,14,‚»‚Μ‘Ό,‚ ‚θ
570,ή“,©“®”Μ”„‹@‚Λ‚η‚Ά,¬‹ΰδ,•‘ ¬‹ΰδ‰w‘Oπ”Τ,132101,“‹“s,¬‹ΰδs,–{’¬‚T’–Ϊ,2019-02-27,16,“ΉHγ,‚ ‚θ
571,ή“,©“®”Μ”„‹@‚Λ‚η‚Ά,¬‹ΰδ,•‘ ¬‹ΰδ‰w‘Oπ”Τ,132101,“‹“s,¬‹ΰδs,–{’¬‚T’–Ϊ,2019-02-28,14,“ΉHγ,‚ ‚θ
572,ή“,©“®”Μ”„‹@‚Λ‚η‚Ά,¬‹ΰδ,•‘ ¬‹ΰδ‰w‘Oπ”Τ,132101,“‹“s,¬‹ΰδs,–{’¬‚T’–Ϊ,2019-03-13,15,“ΉHγ,‚ ‚θ
573,ή“,©“®”Μ”„‹@‚Λ‚η‚Ά,¬‹ΰδ,•‘ ¬‹ΰδ‰w‘Oπ”Τ,132101,“‹“s,¬‹ΰδs,–{’¬‚T’–Ϊ,2019-03-14,16,“ΉHγ,‚ ‚θ
574,ή“,©“®”Μ”„‹@‚Λ‚η‚Ά,“c–³,“c–³‰w‘Oπ”Τ,132292,“‹“s,Ό“‹s,“μ’¬‚S’–Ϊ,2019-06-28,16,‚»‚Μ‘Ό,‚ ‚θ
575,ή“,©“®”Μ”„‹@‚Λ‚η‚Ά,“‘ΊR,“‘ΊR‰w‘Oπ”Τ,132136,“‹“s,“‘ΊRs,–{’¬‚Q’–Ϊ,2019-02-13,08,’“Τi—Φjκ,‚ ‚θ
576,ή“,©“®”Μ”„‹@‚Λ‚η‚Ά,•‘ –μ,‹gΛ›‰wΌϋπ”Τ,132039,“‹“s,•‘ –μs,‹gΛ›“μ’¬‚P’–Ϊ,2019-06-07,08,“ΉHγ,‚ ‚θ
577,ή“,©“®”Μ”„‹@‚Λ‚η‚Ά,•‘ –μ,‹gΛ›‰wΌϋπ”Τ,132039,“‹“s,•‘ –μs,‹gΛ›“μ’¬‚P’–Ϊ,2019-07-16,08,“ΉHγ,‚ ‚θ
578,ή“,©“®”Μ”„‹@‚Λ‚η‚Ά,•‘ –μ,‹gΛ›‰w“ϋπ”Τ,132039,“‹“s,•‘ –μs,‹gΛ›–{’¬‚P’–Ϊ,2019-09-24,18,“ΉHγ,‚ ‚θ
579,ή“,©“®”Μ”„‹@‚Λ‚η‚Ά,•‘ –μ,O‘ι‰w–kϋπ”Τ,132039,“‹“s,•‘ –μs,’†’¬‚P’–Ϊ,2019-09-16,13,’“Τi—Φjκ,‚ ‚θ
580,ή“,©“®”Μ”„‹@‚Λ‚η‚Ά,•‘ –μ,O’J’Κ’“έ,132039,“‹“s,•‘ –μs,Ό‹v•Ϋ‚Q’–Ϊ,2019-04-20,•s–Ύ,‚»‚Μ‘Ό,‚ ‚θ
581,ή“,©“®”Μ”„‹@‚Λ‚η‚Ά,•‘ –μ,•‘ ‹«‰w“μϋπ”Τ,132039,“‹“s,•‘ –μs,‹«“μ’¬‚P’–Ϊ,2019-04-26,08,’“Τi—Φjκ,‚ ‚θ
582,ή“,©“®”Μ”„‹@‚Λ‚η‚Ά,•‘ –μ,—Ξ’¬π”Τ,132039,“‹“s,•‘ –μs,—Ξ’¬‚Q’–Ϊ,2019-04-22,14,‚»‚Μ‘Ό,‚ ‚θ
583,ή“,©“®”Μ”„‹@‚Λ‚η‚Ά,O‘ι,O‘ι‰w‘Oπ”Τ,132047,“‹“s,O‘ιs,‰ΊA‚R’–Ϊ,2019-03-14,17,‚»‚Μ‘Ό,‚ ‚θ
584,ή“,©“®”Μ”„‹@‚Λ‚η‚Ά,O‘ι,O‘ι‰w‘Oπ”Τ,132047,“‹“s,O‘ιs,‰ΊA‚R’–Ϊ,2019-03-15,13,’“Τi—Φjκ,‚ ‚θ
585,ή“,©“®”Μ”„‹@‚Λ‚η‚Ά,O‘ι,O‘ι‰w‘Oπ”Τ,132047,“‹“s,O‘ιs,‰ΊA‚R’–Ϊ,2019-06-15,09,‚»‚Μ‘Ό,‚ ‚θ
586,ή“,©“®”Μ”„‹@‚Λ‚η‚Ά,O‘ι,Ο‹v•Ϋπ”Τ,132047,“‹“s,O‘ιs,‰ΊA‚P’–Ϊ,2019-03-11,14,“ΉHγ,‚ ‚θ
587,ή“,©“®”Μ”„‹@‚Λ‚η‚Ά,O‘ι,Ο‹v•Ϋπ”Τ,132047,“‹“s,O‘ιs,‰ΊA‚P’–Ϊ,2019-03-17,09,’“Τi—Φjκ,‚ ‚θ
588,ή“,©“®”Μ”„‹@‚Λ‚η‚Ά,O‘ι,Ο‹v•Ϋπ”Τ,132047,“‹“s,O‘ιs,‰ΊA‚W’–Ϊ,2019-03-16,09,‚»‚Μ‘Ό,‚ ‚θ
589,ή“,©“®”Μ”„‹@‚Λ‚η‚Ά,O‘ι,Vμπ”Τ,132047,“‹“s,O‘ιs,Vμ‚U’–Ϊ,2019-03-10,13,’“Τi—Φjκ,‚ ‚θ
590,ή“,©“®”Μ”„‹@‚Λ‚η‚Ά,O‘ι,Vμπ”Τ,132047,“‹“s,O‘ιs,Vμ‚U’–Ϊ,2019-03-11,12,‚»‚Μ‘Ό,‚ ‚θ
591,ή“,©“®”Μ”„‹@‚Λ‚η‚Ά,O‘ι,O‘ι‘δπ”Τ,132047,“‹“s,O‘ιs,–΄—η‚P’–Ϊ,2019-02-06,23,‚»‚Μ‘Ό,‚ ‚θ
592,ή“,©“®”Μ”„‹@‚Λ‚η‚Ά,O‘ι,O‘ι‘δπ”Τ,132047,“‹“s,O‘ιs,–΄—η‚P’–Ϊ,2019-02-06,23,‚»‚Μ‘Ό,‚ ‚θ
593,ή“,©“®”Μ”„‹@‚Λ‚η‚Ά,O‘ι,–•‹΄’“έ,132047,“‹“s,O‘ιs,‰ΊA‚Q’–Ϊ,2019-02-28,09,’“Τi—Φjκ,‚ ‚θ
594,ή“,©“®”Μ”„‹@‚Λ‚η‚Ά,O‘ι,–k–μ’“έ,132047,“‹“s,O‘ιs,–k–μ‚P’–Ϊ,2019-03-19,00,‚»‚Μ‘Ό,‚ ‚θ
595,ή“,©“®”Μ”„‹@‚Λ‚η‚Ά,O‘ι,–k–μ’“έ,132047,“‹“s,O‘ιs,–k–μ‚P’–Ϊ,2019-03-20,11,‚»‚Μ‘Ό,‚ ‚θ
596,ή“,©“®”Μ”„‹@‚Λ‚η‚Ά,’²•z,‰ΊΞ΄π”Τ,132080,“‹“s,’²•zs,‰ΊΞ΄‚P’–Ϊ,2019-08-30,12,“ΉHγ,‚ ‚θ
597,ή“,©“®”Μ”„‹@‚Λ‚η‚Ά,’²•z,‰ΊΞ΄π”Τ,132080,“‹“s,’²•zs,‰ΊΞ΄‚R’–Ϊ,2019-05-02,00,’“Τi—Φjκ,‚ ‚θ
598,ή“,©“®”Μ”„‹@‚Λ‚η‚Ά,’²•z,‹‰¤‘½–€μ‰w‘Oπ”Τ,132080,“‹“s,’²•zs,‘½–€μ‚Q’–Ϊ,2019-06-18,10,‚»‚Μ‘Ό,‚ ‚θ
599,ή“,©“®”Μ”„‹@‚Λ‚η‚Ά,’²•z,‹‰¤‘½–€μ‰w‘Oπ”Τ,132080,“‹“s,’²•zs,‘½–€μ‚Q’–Ϊ,2019-06-18,22,‚»‚Μ‘Ό,‚ ‚θ
600,ή“,©“®”Μ”„‹@‚Λ‚η‚Ά,’²•z,‹‰¤‘½–€μ‰w‘Oπ”Τ,132080,“‹“s,’²•zs,‘½–€μ‚Q’–Ϊ,2019-06-18,22,‚»‚Μ‘Ό,‚ ‚θ
601,ή“,©“®”Μ”„‹@‚Λ‚η‚Ά,’²•z,‹‰¤‘½–€μ‰w‘Oπ”Τ,132080,“‹“s,’²•zs,‘½–€μ‚R’–Ϊ,2019-06-19,02,‚»‚Μ‘Ό,‚ ‚θ
602,ή“,©“®”Μ”„‹@‚Λ‚η‚Ά,’²•z,‘—Μπ”Τ,132080,“‹“s,’²•zs,‘—Μ’¬‚W’–Ϊ,2019-09-05,02,‚»‚Μ‘Ό,‚ ‚θ
603,ή“,©“®”Μ”„‹@‚Λ‚η‚Ά,’²•z,‘—Μπ”Τ,132080,“‹“s,’²•zs,‘—Μ’¬‚W’–Ϊ,2019-09-24,02,‚»‚Μ‘Ό,‚ ‚θ
604,ή“,©“®”Μ”„‹@‚Λ‚η‚Ά,’²•z,[‘ε›π”Τ,132080,“‹“s,’²•zs,[‘ε›³’¬‚P’–Ϊ,2019-07-17,09,‚»‚Μ‘Ό,‚ ‚θ
605,ή“,©“®”Μ”„‹@‚Λ‚η‚Ά,’²•z,’†aςπ”Τ,132195,“‹“s,]s,’†aς‚R’–Ϊ,2019-03-05,10,’“Τi—Φjκ,‚ ‚θ
606,ή“,©“®”Μ”„‹@‚Λ‚η‚Ά,’²•z,]π”Τ,132195,“‹“s,]s,aς–{’¬‚P’–Ϊ,2019-04-04,09,‚»‚Μ‘Ό,‚ ‚θ
607,ή“,©“®”Μ”„‹@‚Λ‚η‚Ά,’²•z,]π”Τ,132195,“‹“s,]s,’†aς‚Q’–Ϊ,2019-04-14,23,’“Τi—Φjκ,‚ ‚θ
608,ή“,©“®”Μ”„‹@‚Λ‚η‚Ά,’²•z,aς‘½–€μπ”Τ,132195,“‹“s,]s,“aς‚Q’–Ϊ,2019-11-10,15,‚»‚Μ‘Ό,‚ ‚θ
609,ή“,©“®”Μ”„‹@‚Λ‚η‚Ά,’²•z,aς‘½–€μπ”Τ,132195,“‹“s,]s,³aς‚Q’–Ϊ,2019-06-30,20,‚»‚Μ‘Ό,‚ ‚θ
610,ή“,©“®”Μ”„‹@‚Λ‚η‚Ά,’²•z,’²•z‰w‘Oπ”Τ,132080,“‹“s,’²•zs,¬“‡’¬‚P’–Ϊ,2019-06-22,10,‚»‚Μ‘Ό,‚ ‚θ
611,ή“,©“®”Μ”„‹@‚Λ‚η‚Ά,’²•z,’²•z‰w‘Oπ”Τ,132080,“‹“s,’²•zs,•z“c‚P’–Ϊ,2019-06-20,10,’“Τi—Φjκ,‚ ‚θ
612,ή“,©“®”Μ”„‹@‚Λ‚η‚Ά,’²•z,’²•z‰w‘Oπ”Τ,132080,“‹“s,’²•zs,•z“c‚T’–Ϊ,2019-06-18,15,“ΉHγ,‚ ‚θ
613,ή“,©“®”Μ”„‹@‚Λ‚η‚Ά,’²•z,”ς“c‹‹‰w‘Oπ”Τ,132080,“‹“s,’²•zs,”ς“c‹‹‚P’–Ϊ,2019-08-12,13,“ΉHγ,‚ ‚θ
614,ή“,©“®”Μ”„‹@‚Λ‚η‚Ά,’²•z,”ς“c‹‹‰w‘Oπ”Τ,132080,“‹“s,’²•zs,”ς“c‹‹‚R’–Ϊ,2019-06-16,10,‚»‚Μ‘Ό,‚ ‚θ
615,ή“,©“®”Μ”„‹@‚Λ‚η‚Ά,¬•½,μ•½‹΄’“έ,132110,“‹“s,¬•½s,γ…“μ’¬‚Q’–Ϊ,2018-12-17,13,‚»‚Μ‘Ό,‚ ‚θ
616,ή“,©“®”Μ”„‹@‚Λ‚η‚Ά,¬•½,‘εΐ’¬π”Τ,132110,“‹“s,¬•½s,‰Τ¬‹ΰδ‚T’–Ϊ,2019-06-01,14,‚»‚Μ‘Ό,‚ ‚θ
