,ί–Ό,θϋ,Ηx@i”­¶’nj,Ηπ”ΤE’“έi”­¶’nj,s‹ζ’¬‘ΊƒR[ƒhi”­¶’nj,“s“Ή•{§i”­¶’nj,s‹ζ’¬‘Ίi”­¶’nj,’¬’–Ϊi”­¶’nj,”­¶”N“ϊinϊj,”­¶inϊj,”­¶κ‚Μ‘®«,”νQ‚Μ«•Κ,”νQ‚Μ”N—ξ,»‹ΰ”νQ‚Μ—L–³
0,ή“,‚Π‚Α‚½‚­‚θ,’†‰›,”dF’Κπ”Τ,131024.0,“‹“s,’†‰›‹ζ,”dF‚Q’–Ϊ,2018-11-15,21,“ΉHγ,—«,30Ξ‘γ,‚ ‚θ
1,ή“,‚Π‚Α‚½‚­‚θ,[μ,η“cπ”Τ,131083.0,“‹“s,]“‹ζ,C•Σ,2018-08-11,21,“ΉHγ,—«,50Ξ‘γ,‚ ‚θ
2,ή“,‚Π‚Α‚½‚­‚θ,–Ά‹΄,β–{’¬π”Τ,131016.0,“‹“s,η‘γ“c‹ζ,β–{’¬‚R’–Ϊ,2018-08-28,18,“ΉHγ,—«,20Ξ‘γ,‚ ‚θ
3,ή“,‚Π‚Α‚½‚­‚θ,–Ά‹΄,”ό‘q‹΄π”Τ,131016.0,“‹“s,η‘γ“c‹ζ,“_“c‚P’–Ϊ,2018-12-05,0,“ΉHγ,—«,10Ξ‘γ,‚Θ‚µ
4,ή“,‚Π‚Α‚½‚­‚θ,–Ά‹΄,H—t΄π”Τ,131016.0,“‹“s,η‘γ“c‹ζ,O_“c‚Q’–Ϊ,2018-02-02,22,“ΉHγ,—«,60-64Ξ,‚Θ‚µ
5,ή“,‚Π‚Α‚½‚­‚θ,‹vΌ,““ϊ–{‹΄π”Τ,131024.0,“‹“s,’†‰›‹ζ,“ϊ–{‹΄‰΅R’¬,2018-07-20,9,“ΉHγ,—«,70ΞΘγ,‚ ‚θ
6,ή“,‚Π‚Α‚½‚­‚θ,’z’n,‹βΐ”’–Ϊπ”Τ,131024.0,“‹“s,’†‰›‹ζ,‹βΐ‚V’–Ϊ,2018-05-10,17,“ΉHγ,—«,30Ξ‘γ,‚ ‚θ
7,ή“,‚Π‚Α‚½‚­‚θ,’z’n,¬“c΄’¬π”Τ,131024.0,“‹“s,’†‰›‹ζ,’z’n‚U’–Ϊ,2018-08-29,18,“ΉHγ,’j«,20Ξ‘γ,‚ ‚θ
8,ή“,‚Π‚Α‚½‚­‚θ,¤“†,V‹΄‰w‘Oπ”Τ,131032.0,“‹“s,`‹ζ,V‹΄‚Q’–Ϊ,2018-09-29,3,‚»‚Μ‘Ό,’j«,20Ξ‘γ,‚ ‚θ
9,ή“,‚Π‚Α‚½‚­‚θ,–ƒ•z,κ”V‹΄π”Τ,131032.0,“‹“s,`‹ζ,–ƒ•z‘δ‚R’–Ϊ,2018-01-25,19,“ΉHγ,—«,65-69Ξ,‚ ‚θ
10,ή“,‚Π‚Α‚½‚­‚θ,–ƒ•z,Z–{–Ψπ”Τ,131032.0,“‹“s,`‹ζ,Z–{–Ψ‚R’–Ϊ,2018-03-24,5,‚»‚Μ‘Ό,—«,20Ξ‘γ,‚ ‚θ
11,ή“,‚Π‚Α‚½‚­‚θ,–ƒ•z,Z–{–Ψπ”Τ,131032.0,“‹“s,`‹ζ,Z–{–Ψ‚R’–Ϊ,2018-06-23,2,“ΉHγ,’j«,30Ξ‘γ,‚ ‚θ
12,ή“,‚Π‚Α‚½‚­‚θ,Τβ,Τβ©•π”Τ,131032.0,“‹“s,`‹ζ,Τβ‚S’–Ϊ,2018-08-07,14,‚»‚Μ‘Ό,—«,20Ξ‘γ,‚ ‚θ
13,ή“,‚Π‚Α‚½‚­‚θ,‰`΄,–L’¬π”Τ,131091.0,“‹“s,•iμ‹ζ,–L’¬‚U’–Ϊ,2018-06-10,16,“ΉHγ,—«,70ΞΘγ,‚ ‚θ
14,ή“,‚Π‚Α‚½‚­‚θ,‰`΄,–L’¬π”Τ,131091.0,“‹“s,•iμ‹ζ,–L’¬‚U’–Ϊ,2018-08-28,20,“ΉHγ,—«,70ΞΘγ,‚ ‚θ
15,ή“,‚Π‚Α‚½‚­‚θ,‰`΄,Ή‘Oπ”Τ,131091.0,“‹“s,•iμ‹ζ,’†‰„‚S’–Ϊ,2018-04-22,20,“ΉHγ,—«,70ΞΘγ,‚ ‚θ
16,ή“,‚Π‚Α‚½‚­‚θ,‰`΄,Ή‘Oπ”Τ,131091.0,“‹“s,•iμ‹ζ,’†‰„‚T’–Ϊ,2018-06-24,20,‚»‚Μ‘Ό,’j«,65-69Ξ,‚ ‚θ
17,ή“,‚Π‚Α‚½‚­‚θ,‘εX,XƒPθπ”Τ,131113.0,“‹“s,‘ε“c‹ζ,‘εX“‚R’–Ϊ,2018-10-10,23,“ΉHγ,’j«,30Ξ‘γ,‚ ‚θ
18,ή“,‚Π‚Α‚½‚­‚θ,‘εX,t“ϊ‹΄π”Τ,131113.0,“‹“s,‘ε“c‹ζ,’†‰›‚S’–Ϊ,2018-11-15,18,“ΉHγ,—«,50Ξ‘γ,‚ ‚θ
19,ή“,‚Π‚Α‚½‚­‚θ,“c‰€’²•z,“c‰€’²•z‰w‘Oπ”Τ,131113.0,“‹“s,‘ε“c‹ζ,“c‰€’²•z‚P’–Ϊ,2018-03-22,17,“ΉHγ,’j«,70ΞΘγ,‚ ‚θ
20,ή“,‚Π‚Α‚½‚­‚θ,“c‰€’²•z,“c‰€’²•z‰w‘Oπ”Τ,131113.0,“‹“s,‘ε“c‹ζ,“c‰€’²•z‚R’–Ϊ,2018-01-30,11,“ΉHγ,—«,70ΞΘγ,‚ ‚θ
21,ή“,‚Π‚Α‚½‚­‚θ,“c‰€’²•z,‰L‚Μ–Ψ‰w‘Oπ”Τ,131113.0,“‹“s,‘ε“c‹ζ,“μ‹v‚΄‚Q’–Ϊ,2018-12-20,21,“ΉHγ,’j«,70ΞΘγ,‚ ‚θ
22,ή“,‚Π‚Α‚½‚­‚θ,“c‰€’²•z,‘½–€μ‘δ’“έ,131113.0,“‹“s,‘ε“c‹ζ,“c‰€’²•z‚S’–Ϊ,2018-04-06,13,“ΉHγ,—«,70ΞΘγ,‚ ‚θ
23,ή“,‚Π‚Α‚½‚­‚θ,—“c,—“c‰w“ϋπ”Τ,131113.0,“‹“s,‘ε“c‹ζ,—“c‚T’–Ϊ,2018-06-25,19,“ΉHγ,’j«,60-64Ξ,‚ ‚θ
24,ή“,‚Π‚Α‚½‚­‚θ,—“c,ΌZ‹½π”Τ,131113.0,“‹“s,‘ε“c‹ζ,ΌZ‹½‚R’–Ϊ,2018-07-30,20,“ΉHγ,—«,60-64Ξ,‚Θ‚µ
25,ή“,‚Π‚Α‚½‚­‚θ,—“c,“Z‹½π”Τ,131113.0,“‹“s,‘ε“c‹ζ,’‡Z‹½‚S’–Ϊ,2018-02-28,15,“ΉHγ,—«,70ΞΘγ,‚ ‚θ
26,ή“,‚Π‚Α‚½‚­‚θ,’rγ,,,,,,2018-01-02,15,“ΉHγ,’j«,65-69Ξ,‚ ‚θ
27,ή“,‚Π‚Α‚½‚­‚θ,’rγ,“μ”nπ”Τ,131113.0,“‹“s,‘ε“c‹ζ,“μ”n‚U’–Ϊ,2018-12-14,21,“ΉHγ,—«,40Ξ‘γ,‚ ‚θ
28,ή“,‚Π‚Α‚½‚­‚θ,’rγ,O–{Όπ”Τ,131113.0,“‹“s,‘ε“c‹ζ,–k”n‚P’–Ϊ,2018-05-04,18,“ΉHγ,—«,70ΞΘγ,‚ ‚θ
29,ή“,‚Π‚Α‚½‚­‚θ,’rγ,O–{Όπ”Τ,131113.0,“‹“s,‘ε“c‹ζ,–k”n‚P’–Ϊ,2018-12-09,21,“ΉHγ,’j«,30Ξ‘γ,‚ ‚θ
30,ή“,‚Π‚Α‚½‚­‚θ,’rγ,Ό”nπ”Τ,131113.0,“‹“s,‘ε“c‹ζ,“μ”n‚U’–Ϊ,2018-10-15,21,“ΉHγ,—«,40Ξ‘γ,‚ ‚θ
31,ή“,‚Π‚Α‚½‚­‚θ,’rγ,η’Ήπ”Τ,131113.0,“‹“s,‘ε“c‹ζ,‹v‚΄‚U’–Ϊ,2018-11-12,20,“ΉHγ,—«,50Ξ‘γ,‚ ‚θ
32,ή“,‚Π‚Α‚½‚­‚θ,Ά“c’J,Ohπ”Τ,131121.0,“‹“s,Ά“c’J‹ζ,’rK‚Q’–Ϊ,2018-08-07,19,“ΉHγ,—«,40Ξ‘γ,‚ ‚θ
33,ή“,‚Π‚Α‚½‚­‚θ,Ά“c’J,Ohπ”Τ,131121.0,“‹“s,Ά“c’J‹ζ,’rK‚S’–Ϊ,2018-07-25,16,“ΉHγ,—«,60-64Ξ,‚Θ‚µ
34,ή“,‚Π‚Α‚½‚­‚θ,‹Κμ,£“cπ”Τ,131121.0,“‹“s,Ά“c’J‹ζ,—p‰κ‚P’–Ϊ,2018-07-25,19,“ΉHγ,—«,50Ξ‘γ,‚ ‚θ
35,ή“,‚Π‚Α‚½‚­‚θ,¬ι,‰GRπ”Τ,131121.0,“‹“s,Ά“c’J‹ζ,–k‰GR‚R’–Ϊ,2018-08-19,22,“ΉHγ,’j«,40Ξ‘γ,‚ ‚θ
36,ή“,‚Π‚Α‚½‚­‚θ,¬ι,‘ε‘ “ρ’–Ϊπ”Τ,131121.0,“‹“s,Ά“c’J‹ζ,‹m‚P’–Ϊ,2018-07-25,18,“ΉHγ,—«,50Ξ‘γ,‚ ‚θ
37,ή“,‚Π‚Α‚½‚­‚θ,¬ι,‘ε‘ “ρ’–Ϊπ”Τ,131121.0,“‹“s,Ά“c’J‹ζ,‹m‚T’–Ϊ,2018-11-30,20,“ΉHγ,—«,50Ξ‘γ,‚ ‚θ
38,ή“,‚Π‚Α‚½‚­‚θ,¬ι,“•σ‘Oπ”Τ,131121.0,“‹“s,Ά“c’J‹ζ,‰F“ή‚R’–Ϊ,2018-05-19,21,“ΉHγ,—«,70ΞΘγ,‚ ‚θ
39,ή“,‚Π‚Α‚½‚­‚θ,¬ι,‹‹“cπ”Τ,131121.0,“‹“s,Ά“c’J‹ζ,–k‰GR‚X’–Ϊ,2018-08-19,22,“ΉHγ,—«,10Ξ‘γ,‚ ‚θ
40,ή“,‚Π‚Α‚½‚­‚θ,¬ι,‹‹“cπ”Τ,131121.0,“‹“s,Ά“c’J‹ζ,‹‹“c‚R’–Ϊ,2018-03-10,1,“ΉHγ,’j«,40Ξ‘γ,‚ ‚θ
41,ή“,‚Π‚Α‚½‚­‚θ,–Ϊ•,’†–Ϊ•‰w‘Oπ”Τ,131105.0,“‹“s,–Ϊ•‹ζ,Β—t‘δ‚P’–Ϊ,2018-03-26,18,“ΉHγ,—«,20Ξ‘γ,‚ ‚θ
42,ή“,‚Π‚Α‚½‚­‚θ,”θ•¶’J,©—R‚‹uπ”Τ,131105.0,“‹“s,–Ϊ•‹ζ,—Ξ‚‹u‚Q’–Ϊ,2018-09-20,3,“ΉHγ,—«,20Ξ‘γ,‚Θ‚µ
43,ή“,‚Π‚Α‚½‚­‚θ,a’J,“ΉΊβγπ”Τ,131130.0,“‹“s,a’J‹ζ,‰~R’¬,2018-10-15,2,‚»‚Μ‘Ό,’j«,20Ξ‘γ,‚Θ‚µ
44,ή“,‚Π‚Α‚½‚­‚θ,a’J,b”δυ‰w‘Oπ”Τ,131130.0,“‹“s,a’J‹ζ,b”δυ‚R’–Ϊ,2018-07-01,21,“ΉHγ,—«,20Ξ‘γ,‚ ‚θ
45,ή“,‚Π‚Α‚½‚­‚θ,a’J,L”φά’–Ϊπ”Τ,131130.0,“‹“s,a’J‹ζ,L”φ‚Q’–Ϊ,2018-10-10,22,“ΉHγ,—«,20Ξ‘γ,‚ ‚θ
46,ή“,‚Π‚Α‚½‚­‚θ,‘γX–Ψ,ω’Λπ”Τ,131130.0,“‹“s,a’J‹ζ,ω’Λ‚R’–Ϊ,2018-11-17,13,‚»‚Μ‘Ό,–@lE’c‘Μ,–@lE’c‘ΜA”νQ‚Θ‚µ,‚Θ‚µ
47,ή“,‚Π‚Α‚½‚­‚θ,‹,,131041.0,“‹“s,Vh‹ζ,Vh‚V’–Ϊ,2018-10-24,14,“ΉHγ,’j«,50Ξ‘γ,‚Θ‚µ
48,ή“,‚Π‚Α‚½‚­‚θ,‹,•x‹v’¬π”Τ,131041.0,“‹“s,Vh‹ζ,s’J‘δ’¬,2018-01-13,11,‚»‚Μ‘Ό,’j«,40Ξ‘γ,‚Θ‚µ
49,ή“,‚Π‚Α‚½‚­‚θ,Vh,Vh‰wΌϋπ”Τ,131041.0,“‹“s,Vh‹ζ,ΌVh‚S’–Ϊ,2018-04-26,9,‚»‚Μ‘Ό,’j«,65-69Ξ,‚Θ‚µ
50,ή“,‚Π‚Α‚½‚­‚θ,Vh,F–μ_Π‘Oπ”Τ,131041.0,“‹“s,Vh‹ζ,ΌVh‚T’–Ϊ,2018-05-29,11,‚»‚Μ‘Ό,—«,10Ξ‘γ,‚Θ‚µ
51,ή“,‚Π‚Α‚½‚­‚θ,Vh,–kVhκ’–Ϊπ”Τ,131041.0,“‹“s,Vh‹ζ,–kVh‚Q’–Ϊ,2018-09-09,0,“ΉHγ,—«,20Ξ‘γ,‚ ‚θ
52,ή“,‚Π‚Α‚½‚­‚θ,Vh,‘ε‹v•Ϋπ”Τ,131041.0,“‹“s,Vh‹ζ,‘ε‹v•Ϋ‚P’–Ϊ,2018-06-24,4,‚»‚Μ‘Ό,—«,40Ξ‘γ,‚ ‚θ
53,ή“,‚Π‚Α‚½‚­‚θ,Vh,‘ε‹v•Ϋπ”Τ,131041.0,“‹“s,Vh‹ζ,‘ε‹v•Ϋ‚P’–Ϊ,2018-09-29,0,“ΉHγ,—«,20Ξ‘γ,‚ ‚θ
54,ή“,‚Π‚Α‚½‚­‚θ,Vh,VhZ’–Ϊπ”Τ,131041.0,“‹“s,Vh‹ζ,Vh‚V’–Ϊ,2018-07-27,22,“ΉHγ,—«,50Ξ‘γ,‚ ‚θ
55,ή“,‚Π‚Α‚½‚­‚θ,Vh,‰Μ•‘κ’¬π”Τ,131041.0,“‹“s,Vh‹ζ,‰Μ•‘κ’¬‚P’–Ϊ,2018-01-06,23,“ΉHγ,’j«,20Ξ‘γ,‚Θ‚µ
56,ή“,‚Π‚Α‚½‚­‚θ,Vh,‰Μ•‘κ’¬π”Τ,131041.0,“‹“s,Vh‹ζ,‰Μ•‘κ’¬‚Q’–Ϊ,2018-06-10,2,“ΉHγ,—«,20Ξ‘γ,‚ ‚θ
57,ή“,‚Π‚Α‚½‚­‚θ,Vh,‰Μ•‘κ’¬π”Τ,131041.0,“‹“s,Vh‹ζ,‰Μ•‘κ’¬‚Q’–Ϊ,2018-11-27,22,“ΉHγ,’j«,40Ξ‘γ,‚ ‚θ
58,ή“,‚Π‚Α‚½‚­‚θ,Vh,Vh‰w“ϋπ”Τ,131041.0,“‹“s,Vh‹ζ,Vh‚R’–Ϊ,2018-08-24,0,“ΉHγ,’j«,30Ξ‘γ,‚ ‚θ
59,ή“,‚Π‚Α‚½‚­‚θ,Vh,Vh‰w“ϋπ”Τ,131041.0,“‹“s,Vh‹ζ,Vh‚R’–Ϊ,2018-12-13,21,‚»‚Μ‘Ό,—«,20Ξ‘γ,‚ ‚θ
60,ή“,‚Π‚Α‚½‚­‚θ,Λ’Λ,‰Ί—‡‰w‘Oπ”Τ,131041.0,“‹“s,Vh‹ζ,’†—‡‚Q’–Ϊ,2018-08-06,10,“ΉHγ,—«,65-69Ξ,‚ ‚θ
61,ή“,‚Π‚Α‚½‚­‚θ,Λ’Λ,Ό—‡π”Τ,131041.0,“‹“s,Vh‹ζ,’†—‡‚R’–Ϊ,2018-08-20,12,“ΉHγ,’j«,60-64Ξ,‚ ‚θ
62,ή“,‚Π‚Α‚½‚­‚θ,’†–μ,’†–μ‰w‘Oπ”Τ,131148.0,“‹“s,’†–μ‹ζ,’†–μ‚T’–Ϊ,2018-03-24,20,“ΉHγ,—«,20Ξ‘γ,‚Θ‚µ
63,ή“,‚Π‚Α‚½‚­‚θ,’†–μ,’†‰›ά’–Ϊπ”Τ,131148.0,“‹“s,’†–μ‹ζ,’†‰›‚T’–Ϊ,2018-05-06,9,“ΉHγ,—«,40Ξ‘γ,‚ ‚θ
64,ή“,‚Π‚Α‚½‚­‚θ,–μ•ϋ,–ςt‰w‘Oπ”Τ,131148.0,“‹“s,’†–μ‹ζ,γ‚“c‚S’–Ϊ,2018-08-08,15,“ΉHγ,—«,50Ξ‘γ,‚ ‚θ
65,ή“,‚Π‚Α‚½‚­‚θ,–μ•ϋ,–ςt‰w‘Oπ”Τ,131148.0,“‹“s,’†–μ‹ζ,γ‚“c‚T’–Ϊ,2018-05-01,20,“ΉHγ,’j«,30Ξ‘γ,‚ ‚θ
66,ή“,‚Π‚Α‚½‚­‚θ,–μ•ϋ,–μ•ϋ‰w‘Oπ”Τ,131148.0,“‹“s,’†–μ‹ζ,ΫR‚Q’–Ϊ,2018-05-17,18,“ΉHγ,’j«,40Ξ‘γ,‚ ‚θ
67,ή“,‚Π‚Α‚½‚­‚θ,–μ•ϋ,γλ‹{’“έ,131148.0,“‹“s,’†–μ‹ζ,γλ‹{‚S’–Ϊ,2018-05-16,20,“ΉHγ,’j«,40Ξ‘γ,‚ ‚θ
68,ή“,‚Π‚Α‚½‚­‚θ,™•ΐ,–xƒm“ΰπ”Τ,131156.0,“‹“s,™•ΐ‹ζ,–xƒm“ΰ‚R’–Ϊ,2018-02-21,19,“ΉHγ,—«,40Ξ‘γ,‚ ‚θ
69,ή“,‚Π‚Α‚½‚­‚θ,™•ΐ,Ά²’J‰w‘Oπ”Τ,131156.0,“‹“s,™•ΐ‹ζ,Ά²’J“μ‚P’–Ϊ,2018-09-28,23,“ΉHγ,—«,50Ξ‘γ,‚Θ‚µ
70,ή“,‚Π‚Α‚½‚­‚θ,™•ΐ,¬@π”Τ,131156.0,“‹“s,™•ΐ‹ζ,¬“c“‚T’–Ϊ,2018-09-16,3,“ΉHγ,’j«,70ΞΘγ,‚ ‚θ
71,ή“,‚Π‚Α‚½‚­‚θ,‚δΛ,Ό‰¬“μπ”Τ,131156.0,“‹“s,™•ΐ‹ζ,ΌΑ‚Q’–Ϊ,2018-08-16,11,“ΉHγ,—«,70ΞΘγ,‚ ‚θ
72,ή“,‚Π‚Α‚½‚­‚θ,‚δΛ,‹v‰δRl’–Ϊ’“έ,131156.0,“‹“s,™•ΐ‹ζ,‹v‰δR‚S’–Ϊ,2018-05-17,19,“ΉHγ,—«,50Ξ‘γ,‚Θ‚µ
73,ή“,‚Π‚Α‚½‚­‚θ,‚δΛ,•l“cRπ”Τ,131156.0,“‹“s,™•ΐ‹ζ,‚δΛ“‚R’–Ϊ,2018-02-23,19,“ΉHγ,’j«,60-64Ξ,‚ ‚θ
74,ή“,‚Π‚Α‚½‚­‚θ,‚δΛ,•l“cRπ”Τ,131156.0,“‹“s,™•ΐ‹ζ,•l“cR‚S’–Ϊ,2018-07-15,17,“ΉHγ,—«,50Ξ‘γ,‚ ‚θ
75,ή“,‚Π‚Α‚½‚­‚θ,‰¬E,‘P•›π”Τ,131156.0,“‹“s,™•ΐ‹ζ,‘P•›‚S’–Ϊ,2018-04-18,18,“ΉHγ,—«,65-69Ξ,‚ ‚θ
76,ή“,‚Π‚Α‚½‚­‚θ,‰¬E,Ό‰¬Eπ”Τ,131156.0,“‹“s,™•ΐ‹ζ,Ό‰¬–k‚T’–Ϊ,2018-04-18,18,“ΉHγ,—«,30Ξ‘γ,‚Θ‚µ
77,ή“,‚Π‚Α‚½‚­‚θ,‰¬E,‰¬E‰w–kϋπ”Τ,131156.0,“‹“s,™•ΐ‹ζ,“Vΐ‚R’–Ϊ,2018-05-12,20,“ΉHγ,—«,50Ξ‘γ,‚ ‚θ
78,ή“,‚Π‚Α‚½‚­‚θ,‰¬E,‰Ίδ‘‰w‘Oπ”Τ,131156.0,“‹“s,™•ΐ‹ζ,‰Ίδ‘‚Q’–Ϊ,2018-03-08,14,‚»‚Μ‘Ό,’j«,20Ξ‘γ,‚ ‚θ
79,ή“,‚Π‚Α‚½‚­‚θ,‘ƒ›,M\’Λπ”Τ,131164.0,“‹“s,–L“‡‹ζ,‘ƒ›‚T’–Ϊ,2018-08-13,9,“ΉHγ,—«,65-69Ξ,‚Θ‚µ
80,ή“,‚Π‚Α‚½‚­‚θ,‘ƒ›,‘ƒ›V“cπ”Τ,131164.0,“‹“s,–L“‡‹ζ,γ’r‘ά‚P’–Ϊ,2018-01-20,5,“ΉHγ,—«,20Ξ‘γ,‚ ‚θ
81,ή“,‚Π‚Α‚½‚­‚θ,‘ƒ›,ƒTƒ“ƒVƒƒƒCƒ“‘Oπ”Τ,131164.0,“‹“s,–L“‡‹ζ,“’r‘ά‚R’–Ϊ,2018-02-06,20,‚»‚Μ‘Ό,—«,20Ξ‘γ,‚Θ‚µ
82,ή“,‚Π‚Α‚½‚­‚θ,’r‘ά,’r‘ά‰w“ϋπ”Τ,131164.0,“‹“s,–L“‡‹ζ,“μ’r‘ά‚P’–Ϊ,2018-04-19,18,‚»‚Μ‘Ό,—«,10Ξ‘γ,‚ ‚θ
83,ή“,‚Π‚Α‚½‚­‚θ,’r‘ά,’r‘ά‰wΌϋπ”Τ,131164.0,“‹“s,–L“‡‹ζ,Ό’r‘ά‚P’–Ϊ,2018-12-25,0,‚»‚Μ‘Ό,—«,20Ξ‘γ,‚ ‚θ
84,ή“,‚Π‚Α‚½‚­‚θ,–Ϊ”’,–Ϊ”’‰w‘Oπ”Τ,131164.0,“‹“s,–L“‡‹ζ,Ό’r‘ά‚Q’–Ϊ,2018-07-02,19,“ΉHγ,—«,50Ξ‘γ,‚ ‚θ
85,ή“,‚Π‚Α‚½‚­‚θ,–Ϊ”’,–Ϊ”’‰w‘Oπ”Τ,131164.0,“‹“s,–L“‡‹ζ,–Ϊ”’‚R’–Ϊ,2018-08-06,10,“ΉHγ,’j«,20Ξ‘γ,‚ ‚θ
86,ή“,‚Π‚Α‚½‚­‚θ,‘κ–μμ,‘κ–μμκ’–Ϊπ”Τ,131172.0,“‹“s,–k‹ζ,ΌƒP΄‚S’–Ϊ,2018-12-16,19,“ΉHγ,—«,20Ξ‘γ,‚ ‚θ
87,ή“,‚Π‚Α‚½‚­‚θ,‘κ–μμ,’JΛ’“έ,131172.0,“‹“s,–k‹ζ,ΌƒP΄‚R’–Ϊ,2018-08-13,9,“ΉHγ,—«,70ΞΘγ,‚ ‚θ
88,ή“,‚Π‚Α‚½‚­‚θ,‘κ–μμ,““c’[π”Τ,131172.0,“‹“s,–k‹ζ,“c’[V’¬‚Q’–Ϊ,2018-09-29,1,“ΉHγ,—«,50Ξ‘γ,‚ ‚θ
89,ή“,‚Π‚Α‚½‚­‚θ,‘κ–μμ,““c’[π”Τ,131172.0,“‹“s,–k‹ζ,““c’[‚Q’–Ϊ,2018-09-07,21,“ΉHγ,—«,20Ξ‘γ,‚ ‚θ
90,ή“,‚Π‚Α‚½‚­‚θ,‰¤q,‰¤q‰w‘Oπ”Τ,131172.0,“‹“s,–k‹ζ,‰¤q‚P’–Ϊ,2018-01-19,21,“ΉHγ,—«,40Ξ‘γ,‚ ‚θ
91,ή“,‚Π‚Α‚½‚­‚θ,‰¤q,‰¤q‰w‘Oπ”Τ,131172.0,“‹“s,–k‹ζ,‰¤q‚P’–Ϊ,2018-01-30,12,‚»‚Μ‘Ό,—«,30Ξ‘γ,‚ ‚θ
92,ή“,‚Π‚Α‚½‚­‚θ,‰¤q,“\ππ”Τ,131172.0,“‹“s,–k‹ζ,‰¤q‚T’–Ϊ,2018-07-07,14,“ΉHγ,—«,70ΞΘγ,‚ ‚θ
93,ή“,‚Π‚Α‚½‚­‚θ,‰¤q,“\ππ”Τ,131172.0,“‹“s,–k‹ζ,‰¤q‚U’–Ϊ,2018-02-27,12,‚»‚Μ‘Ό,—«,70ΞΘγ,‚ ‚θ
94,ή“,‚Π‚Α‚½‚­‚θ,‰¤q,“\ππ”Τ,131172.0,“‹“s,–k‹ζ,“\π‚R’–Ϊ,2018-08-20,22,“ΉHγ,’j«,70ΞΘγ,‚ ‚θ
95,ή“,‚Π‚Α‚½‚­‚θ,Τ‰H,u–Ξl’–Ϊπ”Τ,131172.0,“‹“s,–k‹ζ,u–Ξ‚P’–Ϊ,2018-06-22,5,“ΉHγ,—«,65-69Ξ,‚ ‚θ
96,ή“,‚Π‚Α‚½‚­‚θ,Τ‰H,Τ‰H‰w‘Oπ”Τ,131172.0,“‹“s,–k‹ζ,Τ‰H‚P’–Ϊ,2018-07-03,3,“ΉHγ,—«,40Ξ‘γ,‚ ‚θ
97,ή“,‚Π‚Α‚½‚­‚θ,Τ‰H,Τ‰H‰w‘Oπ”Τ,131172.0,“‹“s,–k‹ζ,Τ‰H‚P’–Ϊ,2018-10-23,0,‚»‚Μ‘Ό,’j«,30Ξ‘γ,‚ ‚θ
98,ή“,‚Π‚Α‚½‚­‚θ,Τ‰H,Τ‰H‰w‘Oπ”Τ,131172.0,“‹“s,–k‹ζ,Τ‰H“μ‚Q’–Ϊ,2018-07-30,12,“ΉHγ,—«,60-64Ξ,‚ ‚θ
99,ή“,‚Π‚Α‚½‚­‚θ,Τ‰H,‹{–xπ”Τ,131172.0,“‹“s,–k‹ζ,_’J‚Q’–Ϊ,2018-10-22,3,“ΉHγ,—«,20Ξ‘γ,‚ ‚θ
100,ή“,‚Π‚Α‚½‚­‚θ,Τ‰H,–@‘P›π”Τ,131172.0,“‹“s,–k‹ζ,Τ‰H‘δ‚R’–Ϊ,2018-08-04,15,“ΉHγ,—«,60-64Ξ,‚ ‚θ
101,ή“,‚Π‚Α‚½‚­‚θ,”Β‹΄,‰Α‰κπ”Τ,131199.0,“‹“s,”Β‹΄‹ζ,’‡h,2018-05-18,20,“ΉHγ,—«,70ΞΘγ,‚ ‚θ
102,ή“,‚Π‚Α‚½‚­‚θ,”Β‹΄,”Β‹΄–{’¬π”Τ,131199.0,“‹“s,”Β‹΄‹ζ,–{’¬,2018-04-19,18,“ΉHγ,’j«,50Ξ‘γ,‚ ‚θ
103,ή“,‚Π‚Α‚½‚­‚θ,”Β‹΄,—{η‰@‘Oπ”Τ,131199.0,“‹“s,”Β‹΄‹ζ,’‡h,2018-06-09,13,“ΉHγ,’j«,50Ξ‘γ,‚ ‚θ
104,ή“,‚Π‚Α‚½‚­‚θ,”Β‹΄,‘εR’¬π”Τ,131199.0,“‹“s,”Β‹΄‹ζ,K’¬,2018-02-21,20,“ΉHγ,—«,50Ξ‘γ,‚ ‚θ
105,ή“,‚Π‚Α‚½‚­‚θ,”Β‹΄,’†”Β‹΄π”Τ,131199.0,“‹“s,”Β‹΄‹ζ,’‡’¬,2018-04-30,16,“ΉHγ,’j«,65-69Ξ,‚Θ‚µ
106,ή“,‚Π‚Α‚½‚­‚θ,”Β‹΄,ν”Υ‘δπ”Τ,131199.0,“‹“s,”Β‹΄‹ζ,ν”Υ‘δ‚Q’–Ϊ,2018-08-20,22,“ΉHγ,’j«,30Ξ‘γ,‚ ‚θ
107,ή“,‚Π‚Α‚½‚­‚θ,”Β‹΄,γ”Β‹΄‰w‘Oπ”Τ,131199.0,“‹“s,”Β‹΄‹ζ,γ”Β‹΄‚Q’–Ϊ,2018-05-17,18,“ΉHγ,’j«,30Ξ‘γ,‚ ‚θ
108,ή“,‚Π‚Α‚½‚­‚θ,u‘Ί,β‰Ίπ”Τ,131199.0,“‹“s,”Β‹΄‹ζ,M“n‚P’–Ϊ,2018-11-26,5,“ΉHγ,—«,65-69Ξ,‚ ‚θ
109,ή“,‚Π‚Α‚½‚­‚θ,—ϋ”n,Ρδπ”Τ,131202.0,“‹“s,—ϋ”n‹ζ,όR‚S’–Ϊ,2018-05-20,8,“ΉHγ,—«,60-64Ξ,‚ ‚θ
110,ή“,‚Π‚Α‚½‚­‚θ,—ϋ”n,–L“‡‰€‘Oπ”Τ,131202.0,“‹“s,—ϋ”n‹ζ,όR‚R’–Ϊ,2018-05-25,18,“ΉHγ,’j«,50Ξ‘γ,‚ ‚θ
111,ή“,‚Π‚Α‚½‚­‚θ,—ϋ”n,χ‘δπ”Τ,131202.0,“‹“s,—ϋ”n‹ζ,χ‘δ‚S’–Ϊ,2018-04-30,17,“ΉHγ,—«,70ΞΘγ,‚ ‚θ
112,ή“,‚Π‚Α‚½‚­‚θ,—ϋ”n,χ‘δπ”Τ,131202.0,“‹“s,—ϋ”n‹ζ,χ‘δ‚U’–Ϊ,2018-04-17,15,“ΉHγ,—«,50Ξ‘γ,‚ ‚θ
113,ή“,‚Π‚Α‚½‚­‚θ,—ϋ”n,•Xμ‘δ’“έ,131202.0,“‹“s,—ϋ”n‹ζ,•Xμ‘δ‚Q’–Ϊ,2018-04-17,0,“ΉHγ,—«,20Ξ‘γ,‚ ‚θ
114,ή“,‚Π‚Α‚½‚­‚θ,—ϋ”n,‘‹{π”Τ,131202.0,“‹“s,—ϋ”n‹ζ,‘‹{‚P’–Ϊ,2018-07-14,14,“ΉHγ,—«,50Ξ‘γ,‚ ‚θ
115,ή“,‚Π‚Α‚½‚­‚θ,Ξ_δ,‘εςw‰€‰w‘Oπ”Τ,131202.0,“‹“s,—ϋ”n‹ζ,“‘ες‚P’–Ϊ,2018-04-28,17,“ΉHγ,’j«,50Ξ‘γ,‚ ‚θ
116,ή“,‚Π‚Α‚½‚­‚θ,Ξ_δ,‘εςw‰€‰w‘Oπ”Τ,131202.0,“‹“s,—ϋ”n‹ζ,“‘ες‚P’–Ϊ,2018-06-30,21,“ΉHγ,—«,10Ξ‘γ,‚ ‚θ
117,ή“,‚Π‚Α‚½‚­‚θ,Ξ_δ,‘εςw‰€π”Τ,131202.0,“‹“s,—ϋ”n‹ζ,‘εςw‰€’¬‚Q’–Ϊ,2018-01-24,21,“ΉHγ,—«,65-69Ξ,‚ ‚θ
118,ή“,‚Π‚Α‚½‚­‚θ,Ξ_δ,Φ’¬π”Τ,131202.0,“‹“s,—ϋ”n‹ζ,Φ’¬“μ‚S’–Ϊ,2018-02-16,18,“ΉHγ,—«,50Ξ‘γ,‚ ‚θ
119,ή“,‚Π‚Α‚½‚­‚θ,Ξ_δ,Ό‘εςπ”Τ,131202.0,“‹“s,—ϋ”n‹ζ,Ό‘ες‚T’–Ϊ,2018-04-26,19,“ΉHγ,’j«,50Ξ‘γ,‚ ‚θ
120,ή“,‚Π‚Α‚½‚­‚θ,Ξ_δ,•xmX“Ήπ”Τ,131202.0,“‹“s,—ϋ”n‹ζ,Ξ_δ‘δ‚T’–Ϊ,2018-04-18,18,“ΉHγ,—«,50Ξ‘γ,‚ ‚θ
121,ή“,‚Π‚Α‚½‚­‚θ,‚“‡•½,Ό‘δ‰w‘Oπ”Τ,131199.0,“‹“s,”Β‹΄‹ζ,‚“‡•½‚X’–Ϊ,2018-08-28,1,“ΉHγ,—«,20Ξ‘γ,‚ ‚θ
122,ή“,‚Π‚Α‚½‚­‚θ,‚“‡•½,Τ’Λπ”Τ,131199.0,“‹“s,”Β‹΄‹ζ,Τ’Λ‚R’–Ϊ,2018-12-05,17,“ΉHγ,—«,70ΞΘγ,‚ ‚θ
123,ή“,‚Π‚Α‚½‚­‚θ,‚“‡•½,“ΏΫ’“έ,131199.0,“‹“s,”Β‹΄‹ζ,“ΏΫ‚U’–Ϊ,2018-11-23,8,“ΉHγ,—«,30Ξ‘γ,‚Θ‚µ
124,ή“,‚Π‚Α‚½‚­‚θ,υ‚‹u,“c•Ώπ”Τ,131202.0,“‹“s,—ϋ”n‹ζ,“c•Ώ‚Q’–Ϊ,2018-07-16,12,“ΉHγ,—«,65-69Ξ,‚ ‚θ
125,ή“,‚Π‚Α‚½‚­‚θ,υ‚‹u,“c•Ώπ”Τ,131202.0,“‹“s,—ϋ”n‹ζ,“c•Ώ‚Q’–Ϊ,2018-08-16,17,“ΉHγ,—«,70ΞΘγ,‚ ‚θ
126,ή“,‚Π‚Α‚½‚­‚θ,υ‚‹u,—ϋ”n‚–μ‘δ‰w‘Oπ”Τ,131202.0,“‹“s,—ϋ”n‹ζ,•xm©‘δ‚R’–Ϊ,2018-02-19,20,“ΉHγ,—«,40Ξ‘γ,‚ ‚θ
127,ή“,‚Π‚Α‚½‚­‚θ,υ‚‹u,—ϋ”n‚–μ‘δ‰w‘Oπ”Τ,131202.0,“‹“s,—ϋ”n‹ζ,“μ“c’†‚P’–Ϊ,2018-02-14,19,“ΉHγ,—«,40Ξ‘γ,‚ ‚θ
128,ή“,‚Π‚Α‚½‚­‚θ,υ‚‹u,®’¬’“έ,131202.0,“‹“s,—ϋ”n‹ζ,®’¬‚R’–Ϊ,2018-12-04,17,“ΉHγ,—«,70ΞΘγ,‚ ‚θ
129,ή“,‚Π‚Α‚½‚­‚θ,γ–μ,ξ‰Χ’¬π”Τ,131067.0,“‹“s,‘δ“‹ζ,“γ–μ‚R’–Ϊ,2018-02-11,16,“ΉHγ,—«,65-69Ξ,‚ ‚θ
130,ή“,‚Π‚Α‚½‚­‚θ,γ–μ,δ“k’¬π”Τ,131067.0,“‹“s,‘δ“‹ζ,“γ–μ‚Q’–Ϊ,2018-10-07,0,“ΉHγ,’j«,30Ξ‘γ,‚Θ‚µ
131,ή“,‚Π‚Α‚½‚­‚θ,γ–μ,φ‰€‘Oπ”Τ,131067.0,“‹“s,‘δ“‹ζ,γ–μ‚S’–Ϊ,2018-07-02,10,“ΉHγ,—«,70ΞΘγ,‚ ‚θ
132,ή“,‚Π‚Α‚½‚­‚θ,γ–μ,φ‰€‘Oπ”Τ,131067.0,“‹“s,‘δ“‹ζ,γ–μφ‰€,2018-04-05,8,“ΉHγ,—«,70ΞΘγ,‚Θ‚µ
133,ή“,‚Π‚Α‚½‚­‚θ,γ–μ,γ–μ‰wπ”Τ,131067.0,“‹“s,‘δ“‹ζ,γ–μ‚V’–Ϊ,2018-01-08,18,‚»‚Μ‘Ό,’j«,70ΞΘγ,‚ ‚θ
134,ή“,‚Π‚Α‚½‚­‚θ,γ–μ,γ–μ‰wπ”Τ,131067.0,“‹“s,‘δ“‹ζ,γ–μ‚V’–Ϊ,2018-10-01,15,‚»‚Μ‘Ό,—«,20Ξ‘γ,‚ ‚θ
135,ή“,‚Π‚Α‚½‚­‚θ,‰Ί’J,ις’J‰w‘Oπ”Τ,131067.0,“‹“s,‘δ“‹ζ,έ‚Q’–Ϊ,2018-03-31,1,“ΉHγ,—«,40Ξ‘γ,‚ ‚θ
136,ή“,‚Π‚Α‚½‚­‚θ,σ‘,“ϊ–{’ηπ”Τ,131067.0,“‹“s,‘δ“‹ζ,‹΄κ‚Q’–Ϊ,2018-08-07,16,“ΉHγ,—«,65-69Ξ,‚ ‚θ
137,ή“,‚Π‚Α‚½‚­‚θ,σ‘,‹g΄π”Τ,131067.0,“‹“s,‘δ“‹ζ,η‘©‚R’–Ϊ,2018-08-19,5,“ΉHγ,—«,20Ξ‘γ,‚ ‚θ
138,ή“,‚Π‚Α‚½‚­‚θ,σ‘,‹g΄π”Τ,131067.0,“‹“s,‘δ“‹ζ,η‘©‚R’–Ϊ,2018-09-11,22,“ΉHγ,’j«,20Ξ‘γ,‚Θ‚µ
139,ή“,‚Π‚Α‚½‚­‚θ,σ‘,φ‰€Z‹ζπ”Τ,131067.0,“‹“s,‘δ“‹ζ,σ‘‚P’–Ϊ,2018-12-19,23,“ΉHγ,—«,40Ξ‘γ,‚ ‚θ
140,ή“,‚Π‚Α‚½‚­‚θ,σ‘,Ή“V’¬π”Τ,131067.0,“‹“s,‘δ“‹ζ,σ‘‚S’–Ϊ,2018-05-25,9,“ΉHγ,—«,70ΞΘγ,‚ ‚θ
141,ή“,‚Π‚Α‚½‚­‚θ,σ‘,‹΄κπ”Τ,131067.0,“‹“s,‘δ“‹ζ,΅Λ‚Q’–Ϊ,2018-07-04,19,“ΉHγ,—«,70ΞΘγ,‚ ‚θ
142,ή“,‚Π‚Α‚½‚­‚θ,‘ ‘O,{‰κ‹΄π”Τ,131067.0,“‹“s,‘δ“‹ζ,–φ‹΄‚P’–Ϊ,2018-08-17,5,“ΉHγ,—«,65-69Ξ,‚ ‚θ
143,ή“,‚Π‚Α‚½‚­‚θ,”φ‹v,Τ“yπ”Τ,131181.0,“‹“s,rμ‹ζ,“”φ‹v‚S’–Ϊ,2018-10-10,21,“ΉHγ,—«,20Ξ‘γ,‚ ‚θ
144,ή“,‚Π‚Α‚½‚­‚θ,”φ‹v,Τ“yπ”Τ,131181.0,“‹“s,rμ‹ζ,“”φ‹v‚S’–Ϊ,2018-11-03,21,“ΉHγ,—«,20Ξ‘γ,‚ ‚θ
145,ή“,‚Π‚Α‚½‚­‚θ,rμ,O‰Ν“‡‰w‘Oπ”Τ,131181.0,“‹“s,rμ‹ζ,““ϊ•ι—Ά‚U’–Ϊ,2018-09-05,0,“ΉHγ,’j«,20Ξ‘γ,‚ ‚θ
146,ή“,‚Π‚Α‚½‚­‚θ,rμ,’¬‰®π”Τ,131181.0,“‹“s,rμ‹ζ,’¬‰®‚Q’–Ϊ,2018-08-01,16,“ΉHγ,—«,70ΞΘγ,‚ ‚θ
147,ή“,‚Π‚Α‚½‚­‚θ,rμ,“ϊ•ι—Ά‰w‘Oπ”Τ,131181.0,“‹“s,rμ‹ζ,““ϊ•ι—Ά‚T’–Ϊ,2018-09-29,3,“ΉHγ,—«,50Ξ‘γ,‚Θ‚µ
148,ή“,‚Π‚Α‚½‚­‚θ,ηZ,ηZl’–Ϊπ”Τ,131211.0,“‹“s,‘«—§‹ζ,ηZ’†‹’¬,2018-08-18,4,“ΉHγ,’j«,70ΞΘγ,‚ ‚θ
149,ή“,‚Π‚Α‚½‚­‚θ,ηZ,ηZl’–Ϊπ”Τ,131211.0,“‹“s,‘«—§‹ζ,ηZ–φ’¬,2018-08-02,19,“ΉHγ,—«,70ΞΘγ,‚ ‚θ
150,ή“,‚Π‚Α‚½‚­‚θ,ΌVδ,”~“cµ’–Ϊπ”Τ,131211.0,“‹“s,‘«—§‹ζ,”~“‡‚Q’–Ϊ,2018-05-22,23,“ΉHγ,—«,50Ξ‘γ,‚Θ‚µ
151,ή“,‚Π‚Α‚½‚­‚θ,ΌVδ,–{–Ψπ”Τ,131211.0,“‹“s,‘«—§‹ζ,‹»–μ‚P’–Ϊ,2018-09-26,14,“ΉHγ,—«,65-69Ξ,‚ ‚θ
152,ή“,‚Π‚Α‚½‚­‚θ,ΌVδ,Mΐπ”Τ,131211.0,“‹“s,‘«—§‹ζ,Mΐ‚P’–Ϊ,2018-10-06,19,“ΉHγ,—«,20Ξ‘γ,‚ ‚θ
153,ή“,‚Π‚Α‚½‚­‚θ,ΌVδ,ΌVδά’–Ϊπ”Τ,131211.0,“‹“s,‘«—§‹ζ,I΄‚S’–Ϊ,2018-08-28,20,“ΉHγ,’j«,40Ξ‘γ,‚ ‚θ
154,ή“,‚Π‚Α‚½‚­‚θ,»£,‘ε’J“cπ”Τ,131211.0,“‹“s,‘«—§‹ζ,²–μ‚P’–Ϊ,2018-02-10,0,“ΉHγ,—«,20Ξ‘γ,‚ ‚θ
155,ή“,‚Π‚Α‚½‚­‚θ,»£,»£Z’–Ϊπ”Τ,131211.0,“‹“s,‘«—§‹ζ,‰Α•½‚P’–Ϊ,2018-10-06,21,“ΉHγ,’j«,10Ξ‘γ,‚ ‚θ
156,ή“,‚Π‚Α‚½‚­‚θ,»£,’†‰›–{’¬π”Τ,131211.0,“‹“s,‘«—§‹ζ,•½–μ‚P’–Ϊ,2018-10-06,20,“ΉHγ,—«,50Ξ‘γ,‚ ‚θ
157,ή“,‚Π‚Α‚½‚­‚θ,»£,_–Ύπ”Τ,131211.0,“‹“s,‘«—§‹ζ,’Cΐ‚P’–Ϊ,2018-01-29,22,“ΉHγ,—«,10Ξ‘γ,‚ ‚θ
158,ή“,‚Π‚Α‚½‚­‚θ,»£,κƒc‰Ζπ”Τ,131211.0,“‹“s,‘«—§‹ζ,κƒc‰Ζ‚S’–Ϊ,2017-12-31,21,“ΉHγ,—«,70ΞΘγ,‚ ‚θ
159,ή“,‚Π‚Α‚½‚­‚θ,»£,»£‰w“ϋπ”Τ,131211.0,“‹“s,‘«—§‹ζ,»£‚R’–Ϊ,2018-07-12,14,“ΉHγ,—«,70ΞΘγ,‚ ‚θ
160,ή“,‚Π‚Α‚½‚­‚θ,»£,»£‰w“ϋπ”Τ,131211.0,“‹“s,‘«—§‹ζ,“»£‚Q’–Ϊ,2018-10-25,22,“ΉHγ,—«,50Ξ‘γ,‚ ‚θ
161,ή“,‚Π‚Α‚½‚­‚θ,’|‚Μ’Λ,‰Τ”¨π”Τ,131211.0,“‹“s,‘«—§‹ζ,“μ‰Τ”¨‚P’–Ϊ,2018-11-17,23,“ΉHγ,—«,30Ξ‘γ,‚ ‚θ
162,ή“,‚Π‚Α‚½‚­‚θ,’|‚Μ’Λ,•Ϋ–ΨΤπ”Τ,131211.0,“‹“s,‘«—§‹ζ,“Z’¬,2018-06-11,0,“ΉHγ,’j«,20Ξ‘γ,‚ ‚θ
163,ή“,‚Π‚Α‚½‚­‚θ,’|‚Μ’Λ,Ι‹»’¬π”Τ,131211.0,“‹“s,‘«—§‹ζ,“Ι‹»‚P’–Ϊ,2018-08-29,13,“ΉHγ,—«,70ΞΘγ,‚ ‚θ
164,ή“,‚Π‚Α‚½‚­‚θ,’|‚Μ’Λ,Ι‹»’¬π”Τ,131211.0,“‹“s,‘«—§‹ζ,Ι‹»–{’¬‚P’–Ϊ,2018-09-26,10,“ΉHγ,—«,70ΞΘγ,‚ ‚θ
165,ή“,‚Π‚Α‚½‚­‚θ,’|‚Μ’Λ,“ό’J’¬π”Τ,131211.0,“‹“s,‘«—§‹ζ,“ό’J‚R’–Ϊ,2017-12-30,11,“ΉHγ,’j«,20Ξ‘γ,‚Θ‚µ
166,ή“,‚Π‚Α‚½‚­‚θ,’|‚Μ’Λ,Γη’J’“έ,131211.0,“‹“s,‘«—§‹ζ,ΌΙ‹»‚P’–Ϊ,2018-09-18,16,“ΉHγ,—«,10Ξ‘γ,‚ ‚θ
167,ή“,‚Π‚Α‚½‚­‚θ,ι“,‹Ό‹΄Όπ”Τ,131083.0,“‹“s,]“‹ζ,–k»‚V’–Ϊ,2018-10-02,1,“ΉHγ,—«,70ΞΘγ,‚ ‚θ
168,ή“,‚Π‚Α‚½‚­‚θ,ι“,”Τ‹΄π”Τ,131083.0,“‹“s,]“‹ζ,“»‚Q’–Ϊ,2018-07-29,11,“ΉHγ,—«,65-69Ξ,‚ ‚θ
169,ή“,‚Π‚Α‚½‚­‚θ,ι“,”Τ‹΄π”Τ,131083.0,“‹“s,]“‹ζ,“»‚R’–Ϊ,2018-07-24,15,“ΉHγ,—«,70ΞΘγ,‚ ‚θ
170,ή“,‚Π‚Α‚½‚­‚θ,ι“,‹TΛπ”Τ,131083.0,“‹“s,]“‹ζ,‹TΛ‚V’–Ϊ,2018-01-06,19,“ΉHγ,—«,20Ξ‘γ,‚Θ‚µ
171,ή“,‚Π‚Α‚½‚­‚θ,ι“,‹TΛ‰w‘Oπ”Τ,131083.0,“‹“s,]“‹ζ,‹TΛ‚T’–Ϊ,2018-05-01,14,“ΉHγ,—«,40Ξ‘γ,‚ ‚θ
172,ή“,‚Π‚Α‚½‚­‚θ,ι“,“‘ε“‡‰w‘Oπ”Τ,131083.0,“‹“s,]“‹ζ,‘ε“‡‚W’–Ϊ,2018-11-01,2,“ΉHγ,—«,50Ξ‘γ,‚ ‚θ
173,ή“,‚Π‚Α‚½‚­‚θ,–{,‹eμ“ρ’–Ϊπ”Τ,131075.0,“‹“s,–n“c‹ζ,‹eμ‚R’–Ϊ,2018-07-27,21,“ΉHγ,’j«,70ΞΘγ,‚ ‚θ
174,ή“,‚Π‚Α‚½‚­‚θ,ό“‡,¬‘Ίδπ”Τ,131075.0,“‹“s,–n“c‹ζ,—§‰Τ‚T’–Ϊ,2018-08-19,13,“ΉHγ,—«,65-69Ξ,‚ ‚θ
175,ή“,‚Π‚Α‚½‚­‚θ,ό“‡,“ό“‡π”Τ,131075.0,“‹“s,–n“c‹ζ,‹“‡‚P’–Ϊ,2018-08-11,10,“ΉHγ,—«,65-69Ξ,‚ ‚θ
176,ή“,‚Π‚Α‚½‚­‚θ,ό“‡,”Ll’–Ϊπ”Τ,131075.0,“‹“s,–n“c‹ζ,”L‚P’–Ϊ,2018-07-10,10,“ΉHγ,—«,70ΞΘγ,‚ ‚θ
177,ή“,‚Π‚Α‚½‚­‚θ,ό“‡,’η’Κ’“έ,131075.0,“‹“s,–n“c‹ζ,–n“c‚T’–Ϊ,2018-07-03,18,“ΉHγ,—«,70ΞΘγ,‚ ‚θ
178,ή“,‚Π‚Α‚½‚­‚θ,‹T—L,‹T—L‰w–kϋπ”Τ,131229.0,“‹“s,‹ό‹ζ,‹T—L‚R’–Ϊ,2018-01-31,13,“ΉHγ,—«,70ΞΘγ,‚ ‚θ
179,ή“,‚Π‚Α‚½‚­‚θ,‹T—L,‹ΰ’¬‰w“μϋπ”Τ,131229.0,“‹“s,‹ό‹ζ,‹ΰ’¬‚S’–Ϊ,2018-08-09,16,“ΉHγ,—«,70ΞΘγ,‚Θ‚µ
180,ή“,‚Π‚Α‚½‚­‚θ,‹T—L,ΒΛ“μ•”’“έ,131229.0,“‹“s,‹ό‹ζ,ΒΛ‚U’–Ϊ,2018-08-09,16,“ΉHγ,—«,65-69Ξ,‚Θ‚µ
181,ή“,‚Π‚Α‚½‚­‚θ,‹T—L,‹ΰ’¬‰w–kϋπ”Τ,131229.0,“‹“s,‹ό‹ζ,“‹ΰ’¬‚P’–Ϊ,2018-07-27,2,“ΉHγ,’j«,20Ξ‘γ,‚ ‚θ
182,ή“,‚Π‚Α‚½‚­‚θ,‹T—L,‹ΰ’¬‰w–kϋπ”Τ,131229.0,“‹“s,‹ό‹ζ,“‹ΰ’¬‚R’–Ϊ,2018-04-29,1,“ΉHγ,’j«,50Ξ‘γ,‚ ‚θ
183,ή“,‚Π‚Α‚½‚­‚θ,‹ό,‚»‰w‘Oπ”Τ,131229.0,“‹“s,‹ό‹ζ,‚»‚Q’–Ϊ,2018-05-31,22,“ΉHγ,’j«,40Ξ‘γ,‚Θ‚µ
184,ή“,‚Π‚Α‚½‚­‚θ,‹ό,lƒc–Ψ‰w‘Oπ”Τ,131229.0,“‹“s,‹ό‹ζ,“l‚Β–Ψ‚P’–Ϊ,2018-08-09,17,“ΉHγ,—«,50Ξ‘γ,‚ ‚θ
185,ή“,‚Π‚Α‚½‚­‚θ,‹ό,‰Λπ”Τ,131229.0,“‹“s,‹ό‹ζ,‰Λ‚P’–Ϊ,2018-09-06,15,“ΉHγ,—«,60-64Ξ,‚ ‚θ
186,ή“,‚Π‚Α‚½‚­‚θ,‹ό,™‘qπ”Τ,131229.0,“‹“s,‹ό‹ζ,™‘q‚P’–Ϊ,2018-12-03,18,“ΉHγ,—«,60-64Ξ,‚ ‚θ
187,ή“,‚Π‚Α‚½‚­‚θ,¬Όμ,”‘ ‹΄π”Τ,131237.0,“‹“s,]Λμ‹ζ,’†‰›‚S’–Ϊ,2018-07-04,22,“ΉHγ,—«,50Ξ‘γ,‚Θ‚µ
188,ή“,‚Π‚Α‚½‚­‚θ,¬Όμ,”‘ ‹΄π”Τ,131237.0,“‹“s,]Λμ‹ζ,Ό“‡‚P’–Ϊ,2018-05-09,17,“ΉHγ,—«,40Ξ‘γ,‚Θ‚µ
189,ή“,‚Π‚Α‚½‚­‚θ,¬Όμ,¬Όμκ’–Ϊπ”Τ,131237.0,“‹“s,]Λμ‹ζ,κ”V]‚P’–Ϊ,2018-07-31,21,“ΉHγ,—«,50Ξ‘γ,‚ ‚θ
190,ή“,‚Π‚Α‚½‚­‚θ,¬Όμ,Βθ‰w‘Oπ”Τ,131237.0,“‹“s,]Λμ‹ζ,“μΒθ’¬‚S’–Ϊ,2018-10-27,21,“ΉHγ,—«,40Ξ‘γ,‚ ‚θ
191,ή“,‚Π‚Α‚½‚­‚θ,¬Όμ,Βθ‰w‘Oπ”Τ,131237.0,“‹“s,]Λμ‹ζ,“μΒθ’¬‚S’–Ϊ,2018-12-23,0,“ΉHγ,—«,20Ξ‘γ,‚ ‚θ
192,ή“,‚Π‚Α‚½‚­‚θ,¬β,­π”Τ,131237.0,“‹“s,]Λμ‹ζ,ΌΒθ‚Q’–Ϊ,2018-10-01,13,“ΉHγ,—«,70ΞΘγ,‚ ‚θ
193,ή“,‚Π‚Α‚½‚­‚θ,‹Ό,“‹Όά’–Ϊπ”Τ,131237.0,“‹“s,]Λμ‹ζ,“‹Ό‚P’–Ϊ,2018-04-13,15,“ΉHγ,—«,70ΞΘγ,‚ ‚θ
194,ή“,‚Π‚Α‚½‚­‚θ,‹Ό,]ΛμZ’–Ϊπ”Τ,131237.0,“‹“s,]Λμ‹ζ,Ό]‚T’–Ϊ,2018-08-17,4,“ΉHγ,—«,70ΞΘγ,‚ ‚θ
195,ή“,‚Π‚Α‚½‚­‚θ,“μ‘ε‘ς,‘΄‰w‘Oπ”Τ,132098.0,“‹“s,’¬“cs,‘΄’¬,2018-03-12,19,“ΉHγ,—«,60-64Ξ,‚ ‚θ
196,ή“,‚Π‚Α‚½‚­‚θ,“μ‘ε‘ς,–x”V“ΰ’“έ,132012.0,“‹“s,”‰¤qs,“’†–μ,2018-05-24,22,“ΉHγ,—«,20Ξ‘γ,‚ ‚θ
197,ή“,‚Π‚Α‚½‚­‚θ,“μ‘ε‘ς,¬R’“έ,132098.0,“‹“s,’¬“cs,¬R’¬,2018-03-06,14,“ΉHγ,—«,70ΞΘγ,‚ ‚θ
198,ή“,‚Π‚Α‚½‚­‚θ,‘½–€’†‰›,‰iR‰w‘Oπ”Τ,132241.0,“‹“s,‘½–€s,‰iR‚P’–Ϊ,2018-05-30,11,“ΉHγ,—«,50Ξ‘γ,‚ ‚θ
199,ή“,‚Π‚Α‚½‚­‚θ,‘½–€’†‰›,‘½–€ƒZƒ“ƒ^[‰w‘Oπ”Τ,132241.0,“‹“s,‘½–€s,¤“†‚S’–Ϊ,2018-02-27,20,“ΉHγ,—«,40Ξ‘γ,‚Θ‚µ
200,ή“,‚Π‚Α‚½‚­‚θ,‘½–€’†‰›,–ξ–μϋπ”Τ,132250.0,“‹“s,ξιs,–ξ–μϋ,2018-03-17,20,“ΉHγ,—«,10Ξ‘γ,‚ ‚θ
201,ή“,‚Π‚Α‚½‚­‚θ,“‘εa,Oƒc–Ψπ”Τ,132233.0,“‹“s,•‘ ‘ΊRs,c–x‚S’–Ϊ,2018-01-05,19,“ΉHγ,—«,10Ξ‘γ,‚ ‚θ
202,ή“,‚Π‚Α‚½‚­‚θ,“‘εa,‹Κμγ…‰w‘Oπ”Τ,132209.0,“‹“s,“‘εas,—§–μ‚R’–Ϊ,2017-12-11,10,“ΉHγ,’j«,70ΞΘγ,‚ ‚θ
203,ή“,‚Π‚Α‚½‚­‚θ,•¶,•¶‰w‘Oπ”Τ,132187.0,“‹“s,•¶s,‰Α”ό•½‚Q’–Ϊ,2018-01-21,12,“ΉHγ,—«,65-69Ξ,‚ ‚θ
204,ή“,‚Π‚Α‚½‚­‚θ,•¶,•¶‰w‘Oπ”Τ,132187.0,“‹“s,•¶s,u–Ξ,2018-02-06,13,“ΉHγ,—«,70ΞΘγ,‚ ‚θ
205,ή“,‚Π‚Α‚½‚­‚θ,•¶,‰Ί•¶’“έ,132187.0,“‹“s,•¶s,‹•l,2017-08-25,14,“ΉHγ,—«,70ΞΘγ,‚ ‚θ
206,ή“,‚Π‚Α‚½‚­‚θ,•¶,¬μ‰w‘Oπ”Τ,132276.0,“‹“s,‰H‘Ίs,¬μ‘δ‚R’–Ϊ,2018-06-14,13,“ΉHγ,—«,70ΞΘγ,‚ ‚θ
207,ή“,‚Π‚Α‚½‚­‚θ,”‰¤q,•xmXπ”Τ,132012.0,“‹“s,”‰¤qs,γ–μ’¬,2018-08-13,20,“ΉHγ,—«,20Ξ‘γ,‚ ‚θ
208,ή“,‚Π‚Α‚½‚­‚θ,”‰¤q,”‰¤q‰w–kϋπ”Τ,132012.0,“‹“s,”‰¤qs,“’¬,2018-08-13,22,“ΉHγ,’j«,20Ξ‘γ,‚Θ‚µ
209,ή“,‚Π‚Α‚½‚­‚θ,’¬“c,’¬“c‰w‘Oπ”Τ,132098.0,“‹“s,’¬“cs,X–μ‚Q’–Ϊ,2018-04-15,16,“ΉHγ,—«,30Ξ‘γ,‚ ‚θ
210,ή“,‚Π‚Α‚½‚­‚θ,’¬“c,’¬“c‰w‘Oπ”Τ,132098.0,“‹“s,’¬“cs,X–μ‚Q’–Ϊ,2018-08-22,22,“ΉHγ,’j«,40Ξ‘γ,‚ ‚θ
211,ή“,‚Π‚Α‚½‚­‚θ,’¬“c,΄’¬“cπ”Τ,132098.0,“‹“s,’¬“cs,΄’¬“c‚U’–Ϊ,2018-04-08,6,“ΉHγ,—«,40Ξ‘γ,‚Θ‚µ
212,ή“,‚Π‚Α‚½‚­‚θ,’¬“c,΄’¬“cπ”Τ,132098.0,“‹“s,’¬“cs,΄’¬“c‚U’–Ϊ,2018-10-13,2,“ΉHγ,—«,20Ξ‘γ,‚ ‚θ
213,ή“,‚Π‚Α‚½‚­‚θ,’¬“c,‹ΰXπ”Τ,132098.0,“‹“s,’¬“cs,‹ΰX“‚P’–Ϊ,2018-07-07,19,“ΉHγ,—«,70ΞΘγ,‚ ‚θ
214,ή“,‚Π‚Α‚½‚­‚θ,’¬“c,‘ε‘ ’“έ,132098.0,“‹“s,’¬“cs,‘ε‘ ’¬,2018-08-28,22,“ΉHγ,’j«,30Ξ‘γ,‚ ‚θ
215,ή“,‚Π‚Α‚½‚­‚θ,’¬“c,}t’“έ,132098.0,“‹“s,’¬“cs,}t’¬,2018-06-07,21,“ΉHγ,—«,10Ξ‘γ,‚Θ‚µ
216,ή“,‚Π‚Α‚½‚­‚θ,’¬“c,}t’“έ,132098.0,“‹“s,’¬“cs,}t’¬,2018-06-23,6,“ΉHγ,—«,20Ξ‘γ,‚ ‚θ
217,ή“,‚Π‚Α‚½‚­‚θ,’¬“c,–Ψ‘]π”Τ,132098.0,“‹“s,’¬“cs,–{’¬“c,2018-05-29,21,“ΉHγ,—«,20Ξ‘γ,‚ ‚θ
218,ή“,‚Π‚Α‚½‚­‚θ,’¬“c,–Ψ‘]π”Τ,132098.0,“‹“s,’¬“cs,–Ψ‘]“‚S’–Ϊ,2018-02-25,18,“ΉHγ,—«,50Ξ‘γ,‚Θ‚µ
219,ή“,‚Π‚Α‚½‚­‚θ,’¬“c,¬R“c’“έ,132098.0,“‹“s,’¬“cs,¬R“cχ‘δ‚P’–Ϊ,2018-09-17,8,“ΉHγ,—«,10Ξ‘γ,‚ ‚θ
220,ή“,‚Π‚Α‚½‚­‚θ,’¬“c,Rθπ”Τ,132098.0,“‹“s,’¬“cs,Rθ’¬,2018-07-10,22,“ΉHγ,—«,10Ξ‘γ,‚Θ‚µ
221,ή“,‚Π‚Α‚½‚­‚θ,’¬“c,¬£‘δ’“έ,132098.0,“‹“s,’¬“cs,¬£‘δ‚P’–Ϊ,2018-09-03,21,“ΉHγ,—«,20Ξ‘γ,‚ ‚θ
222,ή“,‚Π‚Α‚½‚­‚θ,’¬“c,¬£‰w‘Oπ”Τ,132098.0,“‹“s,’¬“cs,“μ¬£‚Q’–Ϊ,2018-02-04,19,“ΉHγ,—«,10Ξ‘γ,‚Θ‚µ
223,ή“,‚Π‚Α‚½‚­‚θ,’¬“c,¬£‰w‘Oπ”Τ,132098.0,“‹“s,’¬“cs,“μ¬£‚U’–Ϊ,2018-12-25,22,“ΉHγ,—«,10Ξ‘γ,‚ ‚θ
224,ή“,‚Π‚Α‚½‚­‚θ,’¬“c,¬£‰w‘Oπ”Τ,132098.0,“‹“s,’¬“cs,¬£‚‹u‚R’–Ϊ,2018-09-16,19,“ΉHγ,—«,65-69Ξ,‚ ‚θ
225,ή“,‚Π‚Α‚½‚­‚θ,’¬“c,’‰¶’n‹ζπ”Τ,132098.0,“‹“s,’¬“cs,έ’¬,2018-07-13,22,“ΉHγ,—«,10Ξ‘γ,‚Θ‚µ
226,ή“,‚Π‚Α‚½‚­‚θ,“ϊ–μ,“ϊ–μ‰w‘Oπ”Τ,132128.0,“‹“s,“ϊ–μs,“ϊ–μ–{’¬‚R’–Ϊ,2018-07-13,20,“ΉHγ,—«,50Ξ‘γ,‚ ‚θ
227,ή“,‚Π‚Α‚½‚­‚θ,“ϊ–μ,–L“c‰w‘Oπ”Τ,132128.0,“‹“s,“ϊ–μs,–L“c‚S’–Ϊ,2018-06-20,0,“ΉHγ,—«,65-69Ξ,‚ ‚θ
228,ή“,‚Π‚Α‚½‚­‚θ,“ϊ–μ,–L“c‰w‘Oπ”Τ,132128.0,“‹“s,“ϊ–μs,“–L“c‚R’–Ϊ,2018-05-24,22,“ΉHγ,—«,20Ξ‘γ,‚Θ‚µ
229,ή“,‚Π‚Α‚½‚­‚θ,Ί“‡,Ί“‡‰w‘Oπ”Τ,132071.0,“‹“s,Ί“‡s,Ίa’¬‚Q’–Ϊ,2018-06-17,20,‚»‚Μ‘Ό,’j«,70ΞΘγ,‚ ‚θ
230,ή“,‚Π‚Α‚½‚­‚θ,Ί“‡,Ί“‡‰w‘Oπ”Τ,132071.0,“‹“s,Ί“‡s,γμ΄’¬‚P’–Ϊ,2018-06-27,21,“ΉHγ,—«,40Ξ‘γ,‚ ‚θ
231,ή“,‚Π‚Α‚½‚­‚θ,Ί“‡,’†_’“έ,132071.0,“‹“s,Ί“‡s,’†_’¬,2018-07-31,21,“ΉHγ,—«,20Ξ‘γ,‚ ‚θ
232,ή“,‚Π‚Α‚½‚­‚θ,Ί“‡,’†_’“έ,132071.0,“‹“s,Ί“‡s,’†_’¬,2018-11-22,20,“ΉHγ,—«,50Ξ‘γ,‚ ‚θ
233,ή“,‚Π‚Α‚½‚­‚θ,Ί“‡,‘½–€‘ε‹΄π”Τ,132071.0,“‹“s,Ί“‡s,‹{‘ς’¬‚Q’–Ϊ,2018-06-20,21,“ΉHγ,—«,20Ξ‘γ,‚ ‚θ
234,ή“,‚Π‚Α‚½‚­‚θ,Ί“‡,–xό’“έ,132071.0,“‹“s,Ί“‡s,”ό–x’¬‚S’–Ϊ,2018-07-11,21,“ΉHγ,—«,30Ξ‘γ,‚ ‚θ
235,ή“,‚Π‚Α‚½‚­‚θ,Ί“‡,”q“‡‰w‘Oπ”Τ,132071.0,“‹“s,Ί“‡s,Ό΄’¬‚S’–Ϊ,2018-06-27,2,“ΉHγ,—«,70ΞΘγ,‚ ‚θ
236,ή“,‚Π‚Α‚½‚­‚θ,—§μ,‹Ρ’¬π”Τ,132021.0,“‹“s,—§μs,‹Ρ’¬‚Q’–Ϊ,2018-06-20,21,“ΉHγ,—«,40Ξ‘γ,‚ ‚θ
237,ή“,‚Π‚Α‚½‚­‚θ,—§μ,‹Ρ’¬π”Τ,132021.0,“‹“s,—§μs,‰Hί’¬‚R’–Ϊ,2018-10-08,21,“ΉHγ,—«,40Ξ‘γ,‚ ‚θ
238,ή“,‚Π‚Α‚½‚­‚θ,—§μ,—§“ϊ‹΄π”Τ,132021.0,“‹“s,—§μs,Δθ’¬‚S’–Ϊ,2018-08-15,23,“ΉHγ,’j«,20Ξ‘γ,‚ ‚θ
239,ή“,‚Π‚Α‚½‚­‚θ,—§μ,—§μ‰w“μϋπ”Τ,132021.0,“‹“s,—§μs,Δθ’¬‚P’–Ϊ,2018-09-23,22,“ΉHγ,’j«,20Ξ‘γ,‚ ‚θ
240,ή“,‚Π‚Α‚½‚­‚θ,—§μ,’J•Ϋπ”Τ,132152.0,“‹“s,‘—§s,’J•Ϋ,2018-08-28,11,“ΉHγ,’j«,70ΞΘγ,‚Θ‚µ
241,ή“,‚Π‚Α‚½‚­‚θ,•{’†,“•{’†‰w‘Oπ”Τ,132063.0,“‹“s,•{’†s,σΤ’¬‚P’–Ϊ,2018-02-09,17,“ΉHγ,—«,70ΞΘγ,‚ ‚θ
242,ή“,‚Π‚Α‚½‚­‚θ,•{’†,“•{’†‰w‘Oπ”Τ,132063.0,“‹“s,•{’†s,•{’†’¬‚Q’–Ϊ,2018-08-28,21,“ΉHγ,’j«,30Ξ‘γ,‚ ‚θ
243,ή“,‚Π‚Α‚½‚­‚θ,•{’†,‘ζά’†wZ‘Oπ”Τ,132063.0,“‹“s,•{’†s,σΤ’¬‚R’–Ϊ,2018-02-09,17,“ΉHγ,—«,40Ξ‘γ,‚ ‚θ
244,ή“,‚Π‚Α‚½‚­‚θ,“c–³,“c–³‰w‘Oπ”Τ,132292.0,“‹“s,Ό“‹s,Ε‹v•Ϋ’¬‚S’–Ϊ,2018-11-28,16,“ΉHγ,—«,30Ξ‘γ,‚ ‚θ
245,ή“,‚Π‚Α‚½‚­‚θ,“c–³,–k΄’¬π”Τ,132292.0,“‹“s,Ό“‹s,Ό΄’¬‚R’–Ϊ,2018-01-16,12,‚»‚Μ‘Ό,—«,70ΞΘγ,‚ ‚θ
246,ή“,‚Π‚Α‚½‚­‚θ,“c–³,–φ‘ς‰w‘Oπ”Τ,132292.0,“‹“s,Ό“‹s,•Ϋ’J’¬‚R’–Ϊ,2018-08-16,10,“ΉHγ,—«,60-64Ξ,‚ ‚θ
247,ή“,‚Π‚Α‚½‚­‚θ,“c–³,•Ϋ’J‰w‘Oπ”Τ,132292.0,“‹“s,Ό“‹s,“’¬‚U’–Ϊ,2018-05-15,21,“ΉHγ,—«,40Ξ‘γ,‚ ‚θ
248,ή“,‚Π‚Α‚½‚­‚θ,“c–³,‘κRπ”Τ,132225.0,“‹“s,“‹v—―•Δs,‘O‘ς‚S’–Ϊ,2018-07-03,23,“ΉHγ,’j«,20Ξ‘γ,‚Θ‚µ
249,ή“,‚Π‚Α‚½‚­‚θ,“c–³,“μ‘ςπ”Τ,132225.0,“‹“s,“‹v—―•Δs,’†‰›’¬‚R’–Ϊ,2018-04-30,18,“ΉHγ,’j«,60-64Ξ,‚ ‚θ
250,ή“,‚Π‚Α‚½‚­‚θ,“c–³,‚Π‚Ξ‚θ‚‹u‰w‘Oπ”Τ,132292.0,“‹“s,Ό“‹s,’JΛ’¬‚R’–Ϊ,2018-07-17,20,“ΉHγ,—«,10Ξ‘γ,‚ ‚θ
251,ή“,‚Π‚Α‚½‚­‚θ,•‘ –μ,“’¬’“έ,132039.0,“‹“s,•‘ –μs,‹gΛ›“’¬‚Q’–Ϊ,2018-04-30,19,“ΉHγ,’j«,30Ξ‘γ,‚ ‚θ
252,ή“,‚Π‚Α‚½‚­‚θ,•‘ –μ,“’¬’“έ,132039.0,“‹“s,•‘ –μs,‹gΛ›“’¬‚Q’–Ϊ,2018-05-17,19,“ΉHγ,—«,20Ξ‘γ,‚ ‚θ
253,ή“,‚Π‚Α‚½‚­‚θ,O‘ι,δ”V“φ‰€‰w‘Oπ”Τ,132047.0,“‹“s,O‘ιs,δ‚Μ“‚R’–Ϊ,2018-03-25,21,‚»‚Μ‘Ό,’j«,10Ξ‘γ,‚ ‚θ
254,ή“,‚Π‚Α‚½‚­‚θ,O‘ι,δ”V“φ‰€‰w‘Oπ”Τ,132047.0,“‹“s,O‘ιs,δ‚Μ“‚T’–Ϊ,2018-02-16,17,“ΉHγ,—«,50Ξ‘γ,‚ ‚θ
255,ή“,‚Π‚Α‚½‚­‚θ,’²•z,•z“cπ”Τ,132080.0,“‹“s,’²•zs,υ’n‚Q’–Ϊ,2018-12-06,0,“ΉHγ,—«,70ΞΘγ,‚ ‚θ
256,ή“,‚Π‚Α‚½‚­‚θ,’²•z,‘—Μπ”Τ,132080.0,“‹“s,’²•zs,‘—Μ’¬‚S’–Ϊ,2018-11-21,0,“ΉHγ,’j«,60-64Ξ,‚ ‚θ
257,ή“,‚Π‚Α‚½‚­‚θ,’²•z,‘—Μπ”Τ,132080.0,“‹“s,’²•zs,‘—Μ’¬‚W’–Ϊ,2018-12-27,22,‚»‚Μ‘Ό,—«,65-69Ξ,‚ ‚θ
258,ή“,‚Π‚Α‚½‚­‚θ,’²•z,¬oπ”Τ,132195.0,“‹“s,]s,“–μμ‚Q’–Ϊ,2018-11-30,22,“ΉHγ,—«,20Ξ‘γ,‚ ‚θ
259,ή“,‚Π‚Α‚½‚­‚θ,’²•z,’²•z‰w‘Oπ”Τ,132080.0,“‹“s,’²•zs,•z“c‚P’–Ϊ,2018-12-19,2,“ΉHγ,’j«,65-69Ξ,‚ ‚θ
260,ή“,‚Π‚Α‚½‚­‚θ,¬•½,‰Τ¬‹ΰδ‰w‘Oπ”Τ,132110.0,“‹“s,¬•½s,—ι–Ψ’¬‚Q’–Ϊ,2018-07-04,23,“ΉHγ,’j«,20Ξ‘γ,‚ ‚θ
261,ή“,‚Π‚Α‚½‚­‚θ,¬•½,¬μ‰w‘Oπ”Τ,132110.0,“‹“s,¬•½s,¬μΌ’¬‚T’–Ϊ,2018-08-15,22,“ΉHγ,’j«,50Ξ‘γ,‚Θ‚µ
