,罪名,手口,管轄警察署（発生地）,管轄交番・駐在所（発生地）,市区町村コード（発生地）,都道府県（発生地）,市区町村（発生地）,町丁目（発生地）,発生年月日（始期）,発生時（始期）,発生場所,発生場所の詳細,施錠関係,盗難防止装置の有無,現金以外の主な被害品
0,窃盗,オートバイ盗,神田,神保町交番,131016,東京都,千代田区,神田神保町３丁目,2020-10-02,10,道路上,その他,キーあり,なし,自動二輪（50cc超）
1,窃盗,オートバイ盗,築地,数寄屋橋交番,131024,東京都,中央区,銀座６丁目,2020-03-21,16,その他,駐車（輪）場,キーあり,なし,原動機付自転車（50cc以下）
2,窃盗,オートバイ盗,月島,勝どき橋交番,131024,東京都,中央区,勝どき５丁目,2020-08-22,18,道路上,その他,キーあり,なし,原動機付自転車（50cc以下）
3,窃盗,オートバイ盗,麻布,盛岡町交番,131032,東京都,港区,南麻布３丁目,2020-07-05,16,道路上,その他,キーあり,なし,自動二輪（50cc超）
4,窃盗,オートバイ盗,麻布,西麻布交番,131032,東京都,港区,西麻布１丁目,2020-05-12,23,道路上,その他,キーあり,なし,原動機付自転車（50cc以下）
5,窃盗,オートバイ盗,東京湾岸,お台場海浜公園駅前交番,131083,東京都,江東区,青海１丁目,2020-01-12,11,駐車（輪）場,駐車（輪）場,キーあり,なし,自動二輪（50cc超）
6,窃盗,オートバイ盗,東京湾岸,都橋交番,131083,東京都,江東区,有明３丁目,2020-01-20,21,道路上,その他,キーあり,なし,原動機付自転車（50cc以下）
7,窃盗,オートバイ盗,東京湾岸,都橋交番,131083,東京都,江東区,東雲１丁目,2020-02-29,15,その他,駐車（輪）場,キーあり,あり,自動二輪（50cc超）
8,窃盗,オートバイ盗,品川,台場交番,131091,東京都,品川区,東品川１丁目,2020-04-09,18,４階建て以上共同住宅,駐車（輪）場,キーあり,なし,自動二輪（50cc超）
9,窃盗,オートバイ盗,品川,台場交番,131091,東京都,品川区,東品川１丁目,2020-11-10,23,駐車（輪）場,駐車（輪）場,キーあり,なし,原動機付自転車（50cc以下）
10,窃盗,オートバイ盗,品川,青物横丁駅前交番,131091,東京都,品川区,南品川２丁目,2020-11-04,19,４階建て以上共同住宅,駐車（輪）場,キーあり,あり,自動二輪（50cc超）
11,窃盗,オートバイ盗,大井,立会川交番,131091,東京都,品川区,東大井２丁目,2020-08-25,05,４階建て以上共同住宅,その他,キーあり,なし,原動機付自転車（50cc以下）
12,窃盗,オートバイ盗,大崎,五反田駅前交番,131091,東京都,品川区,西五反田２丁目,2020-12-15,01,道路上,その他,キーあり,なし,自動二輪（50cc超）
13,窃盗,オートバイ盗,大崎,五反田駅前交番,131091,東京都,品川区,西五反田２丁目,2020-12-15,01,道路上,その他,キーあり,なし,自動二輪（50cc超）
14,窃盗,オートバイ盗,荏原,平塚橋交番,131091,東京都,品川区,荏原１丁目,2019-08-18,00,道路上,その他,キーあり,なし,自動二輪（50cc超）
15,窃盗,オートバイ盗,荏原,平塚橋交番,131091,東京都,品川区,平塚３丁目,2020-07-31,17,駐車（輪）場,駐車（輪）場,キーあり,なし,自動二輪（50cc超）
16,窃盗,オートバイ盗,大森,大森海岸交番,131113,東京都,大田区,昭和島１丁目,2020-08-04,17,その他,駐車（輪）場,キーあり,なし,原動機付自転車（50cc以下）
17,窃盗,オートバイ盗,大森,大森海岸交番,131113,東京都,大田区,平和島１丁目,2020-12-21,17,駐車（輪）場,駐車（輪）場,キーあり,あり,自動二輪（50cc超）
18,窃盗,オートバイ盗,田園調布,道々橋交番,131113,東京都,大田区,仲池上１丁目,2020-05-03,22,４階建て以上共同住宅,駐車（輪）場,キーあり,なし,原動機付自転車（50cc以下）
19,窃盗,オートバイ盗,蒲田,蒲田駅東口交番,131113,東京都,大田区,蒲田本町１丁目,2020-10-12,23,４階建て以上共同住宅,駐車（輪）場,キーあり,なし,原動機付自転車（50cc以下）
20,窃盗,オートバイ盗,蒲田,日の出通交番,131113,東京都,大田区,西糀谷４丁目,2020-12-24,17,その他の住宅（３階建て以下共同住宅等）,その他,キーあり,なし,自動二輪（50cc超）
21,窃盗,オートバイ盗,蒲田,本羽田交番,131113,東京都,大田区,本羽田１丁目,2020-03-23,00,一戸建住宅,その他,キーあり,あり,自動二輪（50cc超）
22,窃盗,オートバイ盗,池上,池上駅前交番,131113,東京都,大田区,池上３丁目,2020-06-30,17,駐車（輪）場,駐車（輪）場,キーあり,なし,原動機付自転車（50cc以下）
23,窃盗,オートバイ盗,世田谷,三軒茶屋交番,131121,東京都,世田谷区,太子堂２丁目,2020-09-06,00,４階建て以上共同住宅,駐車（輪）場,キーあり,なし,自動二輪（50cc超）
24,窃盗,オートバイ盗,北沢,宮前橋交番,131121,東京都,世田谷区,代田３丁目,2019-01-25,13,道路上,その他,キーあり,なし,自動二輪（50cc超）
25,窃盗,オートバイ盗,北沢,明大前駅前交番,131121,東京都,世田谷区,松原１丁目,2020-09-23,07,駐車（輪）場,駐車（輪）場,キーあり,なし,原動機付自転車（50cc以下）
26,窃盗,オートバイ盗,玉川,用賀交番,131121,東京都,世田谷区,用賀４丁目,2020-02-17,04,道路上,その他,キーあり,なし,自動二輪（50cc超）
27,窃盗,オートバイ盗,玉川,深沢交番,131121,東京都,世田谷区,深沢４丁目,2020-06-28,15,その他,駐車（輪）場,キーあり,なし,原動機付自転車（50cc以下）
28,窃盗,オートバイ盗,成城,祖師谷大蔵交番,131121,東京都,世田谷区,砧８丁目,2020-11-30,14,４階建て以上共同住宅,駐車（輪）場,キーあり,なし,原動機付自転車（50cc以下）
29,窃盗,オートバイ盗,成城,烏山交番,131121,東京都,世田谷区,南烏山５丁目,2020-03-23,17,その他,その他,キーあり,なし,自動二輪（50cc超）
30,窃盗,オートバイ盗,成城,千歳船橋駅前交番,131121,東京都,世田谷区,船橋１丁目,2020-11-21,17,道路上,その他,キーあり,なし,自動二輪（50cc超）
31,窃盗,オートバイ盗,成城,八幡山駐在所,131121,東京都,世田谷区,八幡山３丁目,2019-11-01,不明,４階建て以上共同住宅,駐車（輪）場,キーあり,なし,原動機付自転車（50cc以下）
32,窃盗,オートバイ盗,目黒,祐天寺駅前交番,131105,東京都,目黒区,中央町２丁目,2020-01-30,14,道路上,その他,キーあり,なし,自動二輪（50cc超）
33,窃盗,オートバイ盗,目黒,中目黒駅前交番,131105,東京都,目黒区,青葉台１丁目,2020-12-04,00,道路上,その他,キーあり,なし,自動二輪（50cc超）
34,窃盗,オートバイ盗,渋谷,代官山交番,131130,東京都,渋谷区,猿楽町,2020-05-22,14,４階建て以上共同住宅,駐車（輪）場,キーあり,なし,自動二輪（50cc超）
35,窃盗,オートバイ盗,代々木,幡ケ谷駅前交番,131130,東京都,渋谷区,幡ヶ谷２丁目,2020-11-10,20,駐車（輪）場,駐車（輪）場,キーあり,なし,原動機付自転車（50cc以下）
36,窃盗,オートバイ盗,代々木,笹塚交番,131130,東京都,渋谷区,笹塚１丁目,2020-02-02,06,駐車（輪）場,駐車（輪）場,キーあり,あり,自動二輪（50cc超）
37,窃盗,オートバイ盗,代々木,代々木公園交番,131130,東京都,渋谷区,富ヶ谷１丁目,2020-01-12,15,道路上,その他,キーあり,なし,自動二輪（50cc超）
38,窃盗,オートバイ盗,牛込,鶴巻町交番,131041,東京都,新宿区,山吹町,2020-04-15,09,道路上,その他,キーあり,あり,自動二輪（50cc超）
39,窃盗,オートバイ盗,牛込,神楽坂上交番,131041,東京都,新宿区,横寺町,2020-01-27,15,その他,駐車（輪）場,キーあり,なし,原動機付自転車（50cc以下）
40,窃盗,オートバイ盗,新宿,淀橋市場前交番,131041,東京都,新宿区,北新宿４丁目,2020-05-15,12,その他,その他,キーあり,なし,原動機付自転車（50cc以下）
41,窃盗,オートバイ盗,新宿,大久保交番,131041,東京都,新宿区,大久保１丁目,2020-04-15,01,道路上,その他,キーあり,なし,自動二輪（50cc超）
42,窃盗,オートバイ盗,戸塚,下落合駅前交番,131041,東京都,新宿区,上落合１丁目,2020-12-19,08,その他,駐車（輪）場,キーあり,なし,自動二輪（50cc超）
43,窃盗,オートバイ盗,戸塚,中落合交番,131041,東京都,新宿区,中井１丁目,2020-07-04,10,道路上,その他,キーあり,なし,自動二輪（50cc超）
44,窃盗,オートバイ盗,戸塚,西落合交番,131041,東京都,新宿区,西落合２丁目,2019-12-15,12,道路上,その他,キーあり,なし,自動二輪（50cc超）
45,窃盗,オートバイ盗,戸塚,上落合交番,131041,東京都,新宿区,上落合３丁目,2020-05-21,15,一戸建住宅,その他,キーあり,なし,原動機付自転車（50cc以下）
46,窃盗,オートバイ盗,四谷,新宿交番,131041,東京都,新宿区,新宿２丁目,2020-01-30,18,道路上,その他,キーあり,あり,自動二輪（50cc超）
47,窃盗,オートバイ盗,四谷,花園交番,131041,東京都,新宿区,新宿５丁目,2020-01-27,11,道路上,その他,キーあり,なし,自動二輪（50cc超）
48,窃盗,オートバイ盗,中野,中野駅前交番,131148,東京都,中野区,中野２丁目,2020-07-09,15,その他の住宅（３階建て以下共同住宅等）,駐車（輪）場,キーあり,なし,原動機付自転車（50cc以下）
49,窃盗,オートバイ盗,中野,中野駅前交番,131148,東京都,中野区,中野３丁目,2020-08-14,05,４階建て以上共同住宅,駐車（輪）場,キーあり,なし,自動二輪（50cc超）
50,窃盗,オートバイ盗,野方,鷺宮六丁目交番,131148,東京都,中野区,上鷺宮５丁目,2020-09-06,20,その他の住宅（３階建て以下共同住宅等）,その他,キーあり,なし,原動機付自転車（50cc以下）
51,窃盗,オートバイ盗,杉並,新高円寺駅前交番,131156,東京都,杉並区,高円寺南３丁目,2020-03-05,00,道路上,その他,キーあり,なし,原動機付自転車（50cc以下）
52,窃盗,オートバイ盗,杉並,高円寺交番,131156,東京都,杉並区,高円寺南１丁目,2020-12-27,23,駐車（輪）場,駐車（輪）場,キーあり,あり,自動二輪（50cc超）
53,窃盗,オートバイ盗,高井戸,泉南交番,131156,東京都,杉並区,方南１丁目,2019-04-01,09,その他の住宅（３階建て以下共同住宅等）,駐車（輪）場,キーあり,あり,自動二輪（50cc超）
54,窃盗,オートバイ盗,高井戸,泉南交番,131156,東京都,杉並区,方南１丁目,2020-02-16,13,その他の住宅（３階建て以下共同住宅等）,駐車（輪）場,キーあり,なし,原動機付自転車（50cc以下）
55,窃盗,オートバイ盗,高井戸,方南交番,131156,東京都,杉並区,堀ノ内１丁目,2019-12-29,18,道路上,その他,キーあり,なし,原動機付自転車（50cc以下）
56,窃盗,オートバイ盗,高井戸,浜田山交番,131156,東京都,杉並区,浜田山２丁目,2020-06-17,12,その他の住宅（３階建て以下共同住宅等）,駐車（輪）場,キーあり,なし,原動機付自転車（50cc以下）
57,窃盗,オートバイ盗,荻窪,桃井四丁目交番,131156,東京都,杉並区,桃井１丁目,2020-03-17,15,一戸建住宅,その他,キーあり,なし,自動二輪（50cc超）
58,窃盗,オートバイ盗,荻窪,桃井四丁目交番,131156,東京都,杉並区,桃井３丁目,2020-06-13,04,道路上,その他,キーあり,なし,自動二輪（50cc超）
59,窃盗,オートバイ盗,巣鴨,,131164,東京都,豊島区,,2015-11-21,不明,道路上,その他,キーあり,なし,自動二輪（50cc超）
60,窃盗,オートバイ盗,池袋,池袋駅西口交番,131164,東京都,豊島区,池袋２丁目,2020-09-18,09,道路上,その他,キーあり,あり,自動二輪（50cc超）
61,窃盗,オートバイ盗,目白,椎名町駅前交番,131164,東京都,豊島区,長崎２丁目,2020-12-16,11,その他,その他,キーあり,なし,自動二輪（50cc超）
62,窃盗,オートバイ盗,赤羽,赤羽駅前交番,131172,東京都,北区,赤羽１丁目,2019-10-24,06,その他の住宅（３階建て以下共同住宅等）,その他,キーあり,なし,原動機付自転車（50cc以下）
63,窃盗,オートバイ盗,赤羽,赤羽駅前交番,131172,東京都,北区,赤羽南１丁目,2020-01-14,12,その他の住宅（３階建て以下共同住宅等）,その他,キーあり,なし,自動二輪（50cc超）
64,窃盗,オートバイ盗,赤羽,赤羽駅前交番,131172,東京都,北区,赤羽南２丁目,2020-09-09,09,その他,駐車（輪）場,キーあり,なし,自動二輪（50cc超）
65,窃盗,オートバイ盗,赤羽,西が丘交番,131172,東京都,北区,西が丘３丁目,2020-09-20,14,４階建て以上共同住宅,駐車（輪）場,キーあり,あり,自動二輪（50cc超）
66,窃盗,オートバイ盗,赤羽,浮間交番,131172,東京都,北区,浮間４丁目,2020-03-23,12,その他,駐車（輪）場,キーあり,なし,原動機付自転車（50cc以下）
67,窃盗,オートバイ盗,板橋,熊野町交番,131199,東京都,板橋区,中丸町,2020-04-26,22,道路上,その他,キーあり,なし,原動機付自転車（50cc以下）
68,窃盗,オートバイ盗,板橋,上板橋駅前交番,131199,東京都,板橋区,常盤台４丁目,2019-12-31,23,４階建て以上共同住宅,駐車（輪）場,キーあり,なし,自動二輪（50cc超）
69,窃盗,オートバイ盗,板橋,桜川三丁目駐在所,131199,東京都,板橋区,桜川３丁目,2020-05-25,14,その他,その他,キーあり,なし,原動機付自転車（50cc以下）
70,窃盗,オートバイ盗,志村,小豆沢交番,131199,東京都,板橋区,小豆沢１丁目,2020-06-01,20,４階建て以上共同住宅,駐車（輪）場,キーあり,なし,原動機付自転車（50cc以下）
71,窃盗,オートバイ盗,志村,坂上交番,131199,東京都,板橋区,志村３丁目,2020-07-28,08,駐車（輪）場,駐車（輪）場,キーあり,なし,原動機付自転車（50cc以下）
72,窃盗,オートバイ盗,志村,坂下交番,131199,東京都,板橋区,坂下２丁目,2019-10-01,06,４階建て以上共同住宅,駐車（輪）場,キーあり,なし,自動二輪（50cc超）
73,窃盗,オートバイ盗,志村,前野町交番,131199,東京都,板橋区,前野町４丁目,2020-03-31,23,道路上,その他,キーあり,なし,自動二輪（50cc超）
74,窃盗,オートバイ盗,志村,前野町交番,131199,東京都,板橋区,前野町５丁目,2020-05-12,16,一戸建住宅,駐車（輪）場,キーあり,なし,自動二輪（50cc超）
75,窃盗,オートバイ盗,練馬,貫井交番,131202,東京都,練馬区,貫井５丁目,2019-12-28,10,道路上,その他,キーあり,なし,原動機付自転車（50cc以下）
76,窃盗,オートバイ盗,練馬,豊玉交番,131202,東京都,練馬区,豊玉北４丁目,2020-12-08,22,４階建て以上共同住宅,駐車（輪）場,キーあり,あり,原動機付自転車（50cc以下）
77,窃盗,オートバイ盗,練馬,豊玉交番,131202,東京都,練馬区,貫井５丁目,2020-02-19,17,道路上,その他,キーあり,あり,原動機付自転車（50cc以下）
78,窃盗,オートバイ盗,石神井,石神井公園駅前交番,131202,東京都,練馬区,下石神井１丁目,2020-09-10,13,その他の住宅（３階建て以下共同住宅等）,駐車（輪）場,キーあり,なし,自動二輪（50cc超）
79,窃盗,オートバイ盗,石神井,石神井公園駅前交番,131202,東京都,練馬区,石神井町７丁目,2020-10-30,22,その他の住宅（３階建て以下共同住宅等）,駐車（輪）場,キーあり,なし,自動二輪（50cc超）
80,窃盗,オートバイ盗,石神井,石神井公園駅前交番,131202,東京都,練馬区,西大泉５丁目,2019-03-31,不明,その他の住宅（３階建て以下共同住宅等）,駐車（輪）場,キーあり,なし,原動機付自転車（50cc以下）
81,窃盗,オートバイ盗,石神井,武蔵関駅前交番,131202,東京都,練馬区,関町北５丁目,2020-05-18,18,その他,駐車（輪）場,キーあり,なし,原動機付自転車（50cc以下）
82,窃盗,オートバイ盗,石神井,上石神井駅前交番,131202,東京都,練馬区,上石神井４丁目,2020-03-24,22,その他の住宅（３階建て以下共同住宅等）,その他,キーあり,なし,自動二輪（50cc超）
83,窃盗,オートバイ盗,石神井,大泉学園交番,131202,東京都,練馬区,大泉学園町５丁目,2020-01-02,06,一戸建住宅,駐車（輪）場,キーあり,なし,自動二輪（50cc超）
84,窃盗,オートバイ盗,石神井,大泉学園交番,131202,東京都,練馬区,大泉学園町５丁目,2020-01-02,08,一戸建住宅,駐車（輪）場,キーあり,なし,自動二輪（50cc超）
85,窃盗,オートバイ盗,石神井,関町交番,131202,東京都,練馬区,関町東１丁目,2020-10-13,22,その他の住宅（３階建て以下共同住宅等）,駐車（輪）場,キーあり,なし,原動機付自転車（50cc以下）
86,窃盗,オートバイ盗,石神井,富士街道交番,131202,東京都,練馬区,石神井台４丁目,2020-10-09,12,その他,駐車（輪）場,キーあり,なし,原動機付自転車（50cc以下）
87,窃盗,オートバイ盗,石神井,富士街道交番,131202,東京都,練馬区,石神井台８丁目,2020-08-31,20,その他の住宅（３階建て以下共同住宅等）,その他,キーあり,あり,自動二輪（50cc超）
88,窃盗,オートバイ盗,石神井,武蔵関駐在所,131202,東京都,練馬区,関町南４丁目,2020-11-18,18,その他の住宅（３階建て以下共同住宅等）,駐車（輪）場,キーあり,なし,自動二輪（50cc超）
89,窃盗,オートバイ盗,高島平,笹目橋交番,131199,東京都,板橋区,三園１丁目,2020-05-04,10,一戸建住宅,駐車（輪）場,キーあり,なし,自動二輪（50cc超）
90,窃盗,オートバイ盗,高島平,笹目橋交番,131199,東京都,板橋区,三園１丁目,2020-09-18,19,駐車（輪）場,駐車（輪）場,キーあり,あり,自動二輪（50cc超）
91,窃盗,オートバイ盗,高島平,北野交番,131199,東京都,板橋区,徳丸２丁目,2020-05-07,16,その他,駐車（輪）場,キーあり,なし,自動二輪（50cc超）
92,窃盗,オートバイ盗,高島平,北野交番,131199,東京都,板橋区,徳丸２丁目,2020-06-30,17,その他,駐車（輪）場,キーあり,なし,原動機付自転車（50cc以下）
93,窃盗,オートバイ盗,高島平,成増駅前交番,131199,東京都,板橋区,成増２丁目,2020-10-05,07,駐車（輪）場,駐車（輪）場,キーあり,なし,原動機付自転車（50cc以下）
94,窃盗,オートバイ盗,高島平,成増駅前交番,131199,東京都,板橋区,成増３丁目,2020-10-05,12,道路上,その他,キーあり,なし,原動機付自転車（50cc以下）
95,窃盗,オートバイ盗,光が丘,土支田交番,131202,東京都,練馬区,旭町１丁目,2020-01-31,13,一戸建住宅,駐車（輪）場,キーあり,なし,原動機付自転車（50cc以下）
96,窃盗,オートバイ盗,光が丘,三原台交番,131202,東京都,練馬区,三原台３丁目,2020-01-16,15,その他,駐車（輪）場,キーあり,なし,自動二輪（50cc超）
97,窃盗,オートバイ盗,浅草,日本堤交番,131067,東京都,台東区,日本堤２丁目,2019-12-30,16,道路上,その他,キーあり,なし,自動二輪（50cc超）
98,窃盗,オートバイ盗,浅草,東浅草交番,131067,東京都,台東区,東浅草２丁目,2020-05-19,13,道路上,その他,キーあり,なし,自動二輪（50cc超）
99,窃盗,オートバイ盗,浅草,雷門交番,131067,東京都,台東区,雷門１丁目,2020-11-05,22,道路上,その他,キーあり,なし,自動二輪（50cc超）
100,窃盗,オートバイ盗,尾久,赤土交番,131181,東京都,荒川区,東尾久２丁目,2020-06-15,15,道路上,その他,キーあり,なし,自動二輪（50cc超）
101,窃盗,オートバイ盗,千住,北千住駅西口交番,131211,東京都,足立区,千住２丁目,2020-01-25,19,道路上,その他,キーあり,なし,原動機付自転車（50cc以下）
102,窃盗,オートバイ盗,西新井,梅田一丁目交番,131211,東京都,足立区,梅田４丁目,2020-09-11,17,一戸建住宅,駐車（輪）場,キーあり,なし,原動機付自転車（50cc以下）
103,窃盗,オートバイ盗,西新井,梅田七丁目交番,131211,東京都,足立区,梅島１丁目,2020-04-29,05,その他,駐車（輪）場,キーあり,なし,原動機付自転車（50cc以下）
104,窃盗,オートバイ盗,西新井,梅田七丁目交番,131211,東京都,足立区,梅島１丁目,2020-05-31,01,道路上,その他,キーあり,なし,原動機付自転車（50cc以下）
105,窃盗,オートバイ盗,西新井,梅田七丁目交番,131211,東京都,足立区,梅田７丁目,2020-07-12,12,駐車（輪）場,駐車（輪）場,キーあり,なし,自動二輪（50cc超）
106,窃盗,オートバイ盗,西新井,梅田七丁目交番,131211,東京都,足立区,梅田７丁目,2020-11-27,21,道路上,その他,キーあり,なし,自動二輪（50cc超）
107,窃盗,オートバイ盗,西新井,西新井駅前交番,131211,東京都,足立区,西新井栄町１丁目,2020-02-27,11,道路上,その他,キーあり,なし,自動二輪（50cc超）
108,窃盗,オートバイ盗,西新井,西新井駅前交番,131211,東京都,足立区,西新井栄町１丁目,2020-07-26,12,その他,駐車（輪）場,キーあり,なし,自動二輪（50cc超）
109,窃盗,オートバイ盗,西新井,西新井駅前交番,131211,東京都,足立区,西新井栄町１丁目,2020-08-01,16,その他,駐車（輪）場,キーあり,なし,自動二輪（50cc超）
110,窃盗,オートバイ盗,西新井,西新井駅前交番,131211,東京都,足立区,西新井栄町２丁目,2020-06-21,13,駐車（輪）場,駐車（輪）場,キーあり,なし,原動機付自転車（50cc以下）
111,窃盗,オートバイ盗,西新井,関原三丁目交番,131211,東京都,足立区,関原２丁目,2020-07-30,15,その他,駐車（輪）場,キーあり,なし,自動二輪（50cc超）
112,窃盗,オートバイ盗,西新井,宮城交番,131211,東京都,足立区,小台１丁目,2020-03-12,07,道路上,その他,キーあり,なし,自動二輪（50cc超）
113,窃盗,オートバイ盗,西新井,島根交番,131211,東京都,足立区,島根２丁目,2020-04-23,19,その他の住宅（３階建て以下共同住宅等）,駐車（輪）場,キーあり,なし,自動二輪（50cc超）
114,窃盗,オートバイ盗,西新井,島根交番,131211,東京都,足立区,六月１丁目,2020-01-16,18,その他,駐車（輪）場,キーあり,なし,自動二輪（50cc超）
115,窃盗,オートバイ盗,西新井,島根交番,131211,東京都,足立区,六月１丁目,2020-03-01,不明,その他,駐車（輪）場,キーあり,あり,自動二輪（50cc超）
116,窃盗,オートバイ盗,西新井,島根交番,131211,東京都,足立区,六月１丁目,2020-03-20,16,駐車（輪）場,駐車（輪）場,キーあり,なし,原動機付自転車（50cc以下）
117,窃盗,オートバイ盗,西新井,島根交番,131211,東京都,足立区,六月１丁目,2020-03-20,20,その他,その他,キーあり,あり,自動二輪（50cc超）
118,窃盗,オートバイ盗,西新井,皿沼交番,131211,東京都,足立区,江北７丁目,2019-11-01,12,その他の住宅（３階建て以下共同住宅等）,その他,キーあり,なし,自動二輪（50cc超）
119,窃盗,オートバイ盗,西新井,扇交番,131211,東京都,足立区,扇１丁目,2020-05-15,17,４階建て以上共同住宅,駐車（輪）場,キーあり,なし,原動機付自転車（50cc以下）
120,窃盗,オートバイ盗,綾瀬,大谷田交番,131211,東京都,足立区,大谷田３丁目,2020-03-27,13,道路上,その他,キーあり,なし,自動二輪（50cc超）
121,窃盗,オートバイ盗,綾瀬,大谷田交番,131211,東京都,足立区,大谷田５丁目,2020-12-14,21,その他の住宅（３階建て以下共同住宅等）,駐車（輪）場,キーあり,なし,原動機付自転車（50cc以下）
122,窃盗,オートバイ盗,綾瀬,大谷田交番,131211,東京都,足立区,佐野２丁目,2020-11-08,18,その他の住宅（３階建て以下共同住宅等）,その他,キーあり,なし,原動機付自転車（50cc以下）
123,窃盗,オートバイ盗,綾瀬,中川交番,131211,東京都,足立区,中川１丁目,2020-03-17,16,一戸建住宅,駐車（輪）場,キーあり,なし,自動二輪（50cc超）
124,窃盗,オートバイ盗,綾瀬,綾瀬駅西口交番,131211,東京都,足立区,綾瀬１丁目,2020-03-18,05,駐車（輪）場,駐車（輪）場,キーあり,なし,原動機付自転車（50cc以下）
125,窃盗,オートバイ盗,綾瀬,中央本町交番,131211,東京都,足立区,一ツ家１丁目,2020-07-02,20,その他,駐車（輪）場,キーあり,なし,自動二輪（50cc超）
126,窃盗,オートバイ盗,綾瀬,中央本町交番,131211,東京都,足立区,平野３丁目,2020-03-11,19,道路上,その他,キーあり,なし,自動二輪（50cc超）
127,窃盗,オートバイ盗,竹の塚,竹の塚駅前交番,131211,東京都,足立区,竹の塚４丁目,2020-09-21,15,道路上,その他,キーあり,あり,自動二輪（50cc超）
128,窃盗,オートバイ盗,竹の塚,伊興町交番,131211,東京都,足立区,東伊興２丁目,2019-08-07,23,駐車（輪）場,駐車（輪）場,キーあり,なし,原動機付自転車（50cc以下）
129,窃盗,オートバイ盗,竹の塚,見沼代親水公園駅前交番,131211,東京都,足立区,舎人３丁目,2020-06-10,23,その他,駐車（輪）場,キーあり,なし,自動二輪（50cc超）
130,窃盗,オートバイ盗,城東,番所橋交番,131083,東京都,江東区,東砂２丁目,2020-12-05,20,４階建て以上共同住宅,駐車（輪）場,キーあり,なし,自動二輪（50cc超）
131,窃盗,オートバイ盗,城東,大島交番,131083,東京都,江東区,大島５丁目,2020-12-13,02,道路上,その他,キーあり,なし,原動機付自転車（50cc以下）
132,窃盗,オートバイ盗,城東,亀戸交番,131083,東京都,江東区,亀戸９丁目,2020-06-30,19,４階建て以上共同住宅,駐車（輪）場,キーあり,なし,原動機付自転車（50cc以下）
133,窃盗,オートバイ盗,城東,亀戸駅前交番,131083,東京都,江東区,亀戸２丁目,2020-07-22,01,道路上,その他,キーあり,なし,原動機付自転車（50cc以下）
134,窃盗,オートバイ盗,城東,東大島駅前交番,131083,東京都,江東区,大島８丁目,2019-12-28,16,４階建て以上共同住宅,駐車（輪）場,キーあり,なし,自動二輪（50cc超）
135,窃盗,オートバイ盗,本所,錦糸町駅南口交番,131075,東京都,墨田区,江東橋２丁目,2020-06-01,19,道路上,その他,キーあり,なし,自動二輪（50cc超）
136,窃盗,オートバイ盗,向島,小村井交番,131075,東京都,墨田区,文花１丁目,2019-12-30,09,４階建て以上共同住宅,その他,キーあり,なし,原動機付自転車（50cc以下）
137,窃盗,オートバイ盗,向島,曳舟交番,131075,東京都,墨田区,京島１丁目,2020-01-03,00,その他,駐車（輪）場,キーあり,なし,自動二輪（50cc超）
138,窃盗,オートバイ盗,向島,曳舟交番,131075,東京都,墨田区,東向島１丁目,2020-11-18,03,道路上,その他,キーあり,なし,原動機付自転車（50cc以下）
139,窃盗,オートバイ盗,向島,白鬚橋交番,131075,東京都,墨田区,墨田２丁目,2018-04-10,00,道路上,その他,キーあり,なし,自動二輪（50cc超）
140,窃盗,オートバイ盗,亀有,堀切七丁目交番,131229,東京都,葛飾区,堀切７丁目,2020-02-25,08,その他,駐車（輪）場,キーあり,なし,原動機付自転車（50cc以下）
141,窃盗,オートバイ盗,亀有,青戸交番,131229,東京都,葛飾区,青戸４丁目,2020-07-08,19,一戸建住宅,駐車（輪）場,キーあり,なし,自動二輪（50cc超）
142,窃盗,オートバイ盗,亀有,亀有駅南口交番,131229,東京都,葛飾区,亀有３丁目,2020-05-27,20,その他,駐車（輪）場,キーあり,なし,自動二輪（50cc超）
143,窃盗,オートバイ盗,亀有,柴又交番,131229,東京都,葛飾区,柴又３丁目,2020-03-17,10,道路上,その他,キーあり,なし,原動機付自転車（50cc以下）
144,窃盗,オートバイ盗,亀有,西亀有交番,131229,東京都,葛飾区,西亀有２丁目,2020-03-11,15,道路上,その他,キーあり,なし,自動二輪（50cc超）
145,窃盗,オートバイ盗,亀有,西亀有交番,131229,東京都,葛飾区,西亀有２丁目,2020-06-28,17,４階建て以上共同住宅,駐車（輪）場,キーあり,なし,自動二輪（50cc超）
146,窃盗,オートバイ盗,亀有,亀田橋駐在所,131229,東京都,葛飾区,高砂８丁目,2020-12-03,07,道路上,その他,キーあり,なし,原動機付自転車（50cc以下）
147,窃盗,オートバイ盗,亀有,水元公園前交番,131229,東京都,葛飾区,南水元１丁目,2018-01-04,不明,４階建て以上共同住宅,駐車（輪）場,キーあり,なし,自動二輪（50cc超）
148,窃盗,オートバイ盗,亀有,水元駐在所,131229,東京都,葛飾区,水元１丁目,2020-12-06,14,その他,駐車（輪）場,キーあり,なし,原動機付自転車（50cc以下）
149,窃盗,オートバイ盗,亀有,葛三橋交番,131229,東京都,葛飾区,水元５丁目,2020-06-22,19,一戸建住宅,その他,キーあり,なし,自動二輪（50cc超）
150,窃盗,オートバイ盗,葛飾,堀切駅前交番,131229,東京都,葛飾区,堀切２丁目,2020-07-06,06,道路上,その他,キーあり,なし,原動機付自転車（50cc以下）
151,窃盗,オートバイ盗,葛飾,宝町交番,131229,東京都,葛飾区,立石１丁目,2019-12-28,09,道路上,その他,キーあり,なし,自動二輪（50cc超）
152,窃盗,オートバイ盗,葛飾,新小岩駅前交番,131229,東京都,葛飾区,新小岩１丁目,2020-02-27,20,道路上,その他,キーあり,なし,原動機付自転車（50cc以下）
153,窃盗,オートバイ盗,葛飾,たつみ橋交番,131229,東京都,葛飾区,東新小岩４丁目,2020-01-12,13,道路上,その他,キーあり,なし,原動機付自転車（50cc以下）
154,窃盗,オートバイ盗,葛飾,上平井交番,131229,東京都,葛飾区,東新小岩６丁目,2020-02-05,14,道路上,その他,キーあり,なし,原動機付自転車（50cc以下）
155,窃盗,オートバイ盗,葛飾,奥戸交番,131229,東京都,葛飾区,奥戸１丁目,2020-01-12,15,４階建て以上共同住宅,駐車（輪）場,キーあり,なし,自動二輪（50cc超）
156,窃盗,オートバイ盗,葛飾,奥戸交番,131229,東京都,葛飾区,奥戸３丁目,2020-01-22,22,その他,駐車（輪）場,キーあり,なし,自動二輪（50cc超）
157,窃盗,オートバイ盗,葛飾,奥戸交番,131229,東京都,葛飾区,奥戸８丁目,2019-12-17,21,その他の住宅（３階建て以下共同住宅等）,駐車（輪）場,キーあり,なし,自動二輪（50cc超）
158,窃盗,オートバイ盗,葛飾,奥戸交番,131229,東京都,葛飾区,奥戸８丁目,2020-02-08,17,一戸建住宅,駐車（輪）場,キーあり,なし,自動二輪（50cc超）
159,窃盗,オートバイ盗,小松川,今井交番,131237,東京都,江戸川区,西瑞江４丁目,2020-08-13,17,その他の住宅（３階建て以下共同住宅等）,駐車（輪）場,キーあり,なし,原動機付自転車（50cc以下）
160,窃盗,オートバイ盗,小松川,南篠崎交番,131237,東京都,江戸川区,南篠崎町５丁目,2020-06-12,17,４階建て以上共同住宅,駐車（輪）場,キーあり,なし,自動二輪（50cc超）
161,窃盗,オートバイ盗,小松川,篠崎駅前交番,131237,東京都,江戸川区,下篠崎町,2020-05-12,16,４階建て以上共同住宅,その他,キーあり,あり,自動二輪（50cc超）
162,窃盗,オートバイ盗,小岩,南小岩交番,131237,東京都,江戸川区,東小岩１丁目,2020-10-24,21,その他の住宅（３階建て以下共同住宅等）,駐車（輪）場,キーあり,なし,原動機付自転車（50cc以下）
163,窃盗,オートバイ盗,小岩,北小岩二丁目交番,131237,東京都,江戸川区,北小岩１丁目,2020-02-11,08,一戸建住宅,駐車（輪）場,キーあり,あり,原動機付自転車（50cc以下）
164,窃盗,オートバイ盗,小岩,北小岩二丁目交番,131237,東京都,江戸川区,北小岩１丁目,2020-07-02,01,道路上,その他,キーあり,なし,原動機付自転車（50cc以下）
165,窃盗,オートバイ盗,小岩,北小岩二丁目交番,131237,東京都,江戸川区,南小岩８丁目,2019-09-26,18,４階建て以上共同住宅,その他,キーあり,なし,自動二輪（50cc超）
166,窃盗,オートバイ盗,葛西,葛西橋東交番,131237,東京都,江戸川区,西葛西１丁目,2020-06-29,15,道路上,その他,キーあり,なし,自動二輪（50cc超）
167,窃盗,オートバイ盗,葛西,共栄橋交番,131237,東京都,江戸川区,東葛西５丁目,2020-04-02,16,４階建て以上共同住宅,駐車（輪）場,キーあり,なし,自動二輪（50cc超）
168,窃盗,オートバイ盗,葛西,西葛西駅前交番,131237,東京都,江戸川区,西葛西８丁目,2020-01-23,21,道路上,その他,キーあり,なし,原動機付自転車（50cc以下）
169,窃盗,オートバイ盗,葛西,南葛西交番,131237,東京都,江戸川区,南葛西２丁目,2020-01-09,12,その他の住宅（３階建て以下共同住宅等）,駐車（輪）場,キーあり,あり,自動二輪（50cc超）
170,窃盗,オートバイ盗,葛西,南葛西交番,131237,東京都,江戸川区,南葛西４丁目,2020-06-15,23,その他の住宅（３階建て以下共同住宅等）,駐車（輪）場,キーあり,なし,自動二輪（50cc超）
171,窃盗,オートバイ盗,葛西,南葛西交番,131237,東京都,江戸川区,南葛西５丁目,2020-08-12,19,４階建て以上共同住宅,駐車（輪）場,キーあり,なし,自動二輪（50cc超）
172,窃盗,オートバイ盗,葛西,南葛西交番,131237,東京都,江戸川区,南葛西５丁目,2020-08-13,15,４階建て以上共同住宅,駐車（輪）場,キーあり,なし,自動二輪（50cc超）
173,窃盗,オートバイ盗,葛西,清新町交番,131237,東京都,江戸川区,清新町２丁目,2020-09-30,23,４階建て以上共同住宅,駐車（輪）場,キーあり,なし,自動二輪（50cc超）
174,窃盗,オートバイ盗,葛西,葛西駅前交番,131237,東京都,江戸川区,中葛西５丁目,2020-02-26,19,４階建て以上共同住宅,駐車（輪）場,キーあり,なし,原動機付自転車（50cc以下）
175,窃盗,オートバイ盗,葛西,臨海公園交番,131237,東京都,江戸川区,臨海町２丁目,2020-09-19,20,４階建て以上共同住宅,駐車（輪）場,キーあり,あり,自動二輪（50cc超）
176,窃盗,オートバイ盗,葛西,臨海公園交番,131237,東京都,江戸川区,臨海町５丁目,2020-12-28,18,４階建て以上共同住宅,駐車（輪）場,キーあり,なし,原動機付自転車（50cc以下）
177,窃盗,オートバイ盗,南大沢,松が谷交番,132012,東京都,八王子市,大塚,2020-05-10,00,４階建て以上共同住宅,駐車（輪）場,キーあり,なし,原動機付自転車（50cc以下）
178,窃盗,オートバイ盗,南大沢,松が谷交番,132012,東京都,八王子市,大塚,2020-08-06,14,その他,駐車（輪）場,キーあり,なし,原動機付自転車（50cc以下）
179,窃盗,オートバイ盗,南大沢,松が谷交番,132012,東京都,八王子市,大塚,2020-12-07,16,一戸建住宅,駐車（輪）場,キーあり,あり,自動二輪（50cc超）
180,窃盗,オートバイ盗,南大沢,堀之内駅前交番,132012,東京都,八王子市,別所２丁目,2020-10-01,21,４階建て以上共同住宅,駐車（輪）場,キーあり,なし,自動二輪（50cc超）
181,窃盗,オートバイ盗,南大沢,堀之内駅前交番,132012,東京都,八王子市,松木,2020-03-24,14,その他の住宅（３階建て以下共同住宅等）,駐車（輪）場,キーあり,なし,原動機付自転車（50cc以下）
182,窃盗,オートバイ盗,南大沢,みなみ野交番,132012,東京都,八王子市,片倉町,2020-04-19,11,その他の住宅（３階建て以下共同住宅等）,駐車（輪）場,キーあり,なし,原動機付自転車（50cc以下）
183,窃盗,オートバイ盗,南大沢,みなみ野交番,132012,東京都,八王子市,片倉町,2020-11-26,18,道路上,その他,キーあり,なし,原動機付自転車（50cc以下）
184,窃盗,オートバイ盗,南大沢,堀之内駐在所,132012,東京都,八王子市,堀之内,2020-01-16,15,その他,駐車（輪）場,キーあり,なし,原動機付自転車（50cc以下）
185,窃盗,オートバイ盗,高尾,高尾駅前交番,132012,東京都,八王子市,高尾町,2020-11-15,06,駐車（輪）場,駐車（輪）場,キーあり,なし,原動機付自転車（50cc以下）
186,窃盗,オートバイ盗,高尾,長房町交番,132012,東京都,八王子市,長房町,2020-10-04,15,その他,駐車（輪）場,キーあり,なし,原動機付自転車（50cc以下）
187,窃盗,オートバイ盗,高尾,横川町交番,132012,東京都,八王子市,横川町,2019-12-20,不明,４階建て以上共同住宅,駐車（輪）場,キーあり,なし,原動機付自転車（50cc以下）
188,窃盗,オートバイ盗,高尾,横川町交番,132012,東京都,八王子市,横川町,2019-12-31,16,４階建て以上共同住宅,駐車（輪）場,キーあり,なし,原動機付自転車（50cc以下）
189,窃盗,オートバイ盗,高尾,諏訪交番,132012,東京都,八王子市,泉町,2020-01-26,20,その他の住宅（３階建て以下共同住宅等）,駐車（輪）場,キーあり,なし,自動二輪（50cc超）
190,窃盗,オートバイ盗,高尾,元八王子交番,132012,東京都,八王子市,元八王子町２丁目,2020-04-07,07,その他の住宅（３階建て以下共同住宅等）,その他,キーあり,なし,自動二輪（50cc超）
191,窃盗,オートバイ盗,高尾,館駐在所,132012,東京都,八王子市,館町,2018-01-01,00,その他の住宅（３階建て以下共同住宅等）,駐車（輪）場,キーあり,なし,原動機付自転車（50cc以下）
192,窃盗,オートバイ盗,多摩中央,愛宕交番,132241,東京都,多摩市,貝取１丁目,2020-11-28,16,４階建て以上共同住宅,駐車（輪）場,キーあり,なし,自動二輪（50cc超）
193,窃盗,オートバイ盗,多摩中央,永山駅前交番,132241,東京都,多摩市,諏訪１丁目,2020-05-01,17,４階建て以上共同住宅,駐車（輪）場,キーあり,なし,原動機付自転車（50cc以下）
194,窃盗,オートバイ盗,多摩中央,永山駅前交番,132241,東京都,多摩市,諏訪４丁目,2020-10-04,08,４階建て以上共同住宅,駐車（輪）場,キーあり,なし,原動機付自転車（50cc以下）
195,窃盗,オートバイ盗,多摩中央,永山駅前交番,132241,東京都,多摩市,永山１丁目,2020-01-10,21,道路上,その他,キーあり,なし,原動機付自転車（50cc以下）
196,窃盗,オートバイ盗,多摩中央,永山四丁目交番,132241,東京都,多摩市,永山４丁目,2020-02-29,08,その他,駐車（輪）場,キーあり,なし,自動二輪（50cc超）
197,窃盗,オートバイ盗,多摩中央,多摩センター駅前交番,132241,東京都,多摩市,愛宕４丁目,2020-11-08,12,一戸建住宅,駐車（輪）場,キーあり,なし,原動機付自転車（50cc以下）
198,窃盗,オートバイ盗,多摩中央,多摩センター駅前交番,132241,東京都,多摩市,落合１丁目,2020-12-28,12,その他,駐車（輪）場,キーあり,なし,原動機付自転車（50cc以下）
199,窃盗,オートバイ盗,多摩中央,北貝取駐在所,132241,東京都,多摩市,豊ケ丘２丁目,2020-01-07,19,その他の住宅（３階建て以下共同住宅等）,駐車（輪）場,キーあり,なし,原動機付自転車（50cc以下）
200,窃盗,オートバイ盗,多摩中央,聖ケ丘駐在所,132241,東京都,多摩市,聖ケ丘１丁目,2020-04-11,22,４階建て以上共同住宅,その他,キーあり,なし,自動二輪（50cc超）
201,窃盗,オートバイ盗,多摩中央,百村駐在所,132250,東京都,稲城市,百村,2020-03-09,18,その他の住宅（３階建て以下共同住宅等）,駐車（輪）場,キーあり,なし,原動機付自転車（50cc以下）
202,窃盗,オートバイ盗,多摩中央,若葉台駅前交番,132250,東京都,稲城市,若葉台１丁目,2020-11-05,17,その他,駐車（輪）場,キーあり,なし,原動機付自転車（50cc以下）
203,窃盗,オートバイ盗,多摩中央,若葉台駅前交番,132250,東京都,稲城市,若葉台２丁目,2020-01-22,07,４階建て以上共同住宅,駐車（輪）場,キーあり,なし,原動機付自転車（50cc以下）
204,窃盗,オートバイ盗,東大和,南街交番,132209,東京都,東大和市,桜が丘１丁目,2020-02-24,13,駐車（輪）場,駐車（輪）場,キーあり,なし,原動機付自転車（50cc以下）
205,窃盗,オートバイ盗,東大和,村山交番,132233,東京都,武蔵村山市,榎１丁目,2019-12-26,19,その他,駐車（輪）場,キーあり,なし,原動機付自転車（50cc以下）
206,窃盗,オートバイ盗,東大和,村山交番,132233,東京都,武蔵村山市,榎１丁目,2020-01-10,17,その他,駐車（輪）場,キーあり,なし,原動機付自転車（50cc以下）
207,窃盗,オートバイ盗,東大和,村山交番,132233,東京都,武蔵村山市,榎１丁目,2020-09-14,15,その他,駐車（輪）場,キーあり,あり,自動二輪（50cc超）
208,窃盗,オートバイ盗,東大和,村山交番,132233,東京都,武蔵村山市,緑が丘,2019-11-20,20,４階建て以上共同住宅,駐車（輪）場,キーあり,あり,自動二輪（50cc超）
209,窃盗,オートバイ盗,東大和,中藤交番,132233,東京都,武蔵村山市,中央１丁目,2020-03-28,20,その他,駐車（輪）場,キーあり,なし,原動機付自転車（50cc以下）
210,窃盗,オートバイ盗,東大和,三ツ木交番,132233,東京都,武蔵村山市,中原３丁目,2019-12-19,16,４階建て以上共同住宅,駐車（輪）場,キーあり,あり,自動二輪（50cc超）
211,窃盗,オートバイ盗,青梅,千ケ瀬駐在所,132055,東京都,青梅市,千ヶ瀬町２丁目,2020-01-28,08,一戸建住宅,駐車（輪）場,キーあり,なし,自動二輪（50cc超）
212,窃盗,オートバイ盗,青梅,千ケ瀬駐在所,132055,東京都,青梅市,千ヶ瀬町４丁目,2020-10-13,19,４階建て以上共同住宅,駐車（輪）場,キーあり,なし,原動機付自転車（50cc以下）
213,窃盗,オートバイ盗,青梅,今寺駐在所,132055,東京都,青梅市,今寺１丁目,2020-08-01,19,一戸建住宅,駐車（輪）場,キーあり,なし,自動二輪（50cc超）
214,窃盗,オートバイ盗,青梅,新町交番,132055,東京都,青梅市,新町３丁目,2020-03-22,16,一戸建住宅,駐車（輪）場,キーあり,なし,原動機付自転車（50cc以下）
215,窃盗,オートバイ盗,青梅,新町交番,132055,東京都,青梅市,新町８丁目,2020-06-04,09,その他の住宅（３階建て以下共同住宅等）,駐車（輪）場,キーあり,なし,自動二輪（50cc超）
216,窃盗,オートバイ盗,青梅,畑中駐在所,132055,東京都,青梅市,畑中３丁目,2020-11-17,08,一戸建住宅,駐車（輪）場,キーあり,なし,自動二輪（50cc超）
217,窃盗,オートバイ盗,青梅,河辺駅前交番,132055,東京都,青梅市,河辺町６丁目,2020-03-20,18,その他の住宅（３階建て以下共同住宅等）,駐車（輪）場,キーあり,なし,原動機付自転車（50cc以下）
218,窃盗,オートバイ盗,五日市,五日市駅前交番,132284,東京都,あきる野市,舘谷,2020-06-24,22,その他,駐車（輪）場,キーあり,なし,自動二輪（50cc超）
219,窃盗,オートバイ盗,五日市,五日市駅前交番,132284,東京都,あきる野市,舘谷台,2020-10-11,07,駐車（輪）場,駐車（輪）場,キーあり,なし,原動機付自転車（50cc以下）
220,窃盗,オートバイ盗,五日市,平井駐在所,133051,東京都,日の出町,大字平井,2019-12-26,17,その他,駐車（輪）場,キーあり,なし,原動機付自転車（50cc以下）
221,窃盗,オートバイ盗,五日市,平井駐在所,133051,東京都,日の出町,大字平井,2020-06-08,11,その他,駐車（輪）場,キーあり,なし,自動二輪（50cc超）
222,窃盗,オートバイ盗,福生,石畑上駐在所,133035,東京都,瑞穂町,大字石畑,2020-11-29,04,一戸建住宅,駐車（輪）場,キーあり,なし,自動二輪（50cc超）
223,窃盗,オートバイ盗,福生,長岡駐在所,133035,東京都,瑞穂町,長岡４丁目,2020-11-06,10,一戸建住宅,駐車（輪）場,キーあり,なし,自動二輪（50cc超）
224,窃盗,オートバイ盗,福生,小川駐在所,132284,東京都,あきる野市,小川,2020-08-09,13,道路上,その他,キーあり,なし,自動二輪（50cc超）
225,窃盗,オートバイ盗,福生,箱根ヶ崎駅前交番,133035,東京都,瑞穂町,大字箱根ケ崎,2020-01-27,08,駐車（輪）場,駐車（輪）場,キーあり,なし,原動機付自転車（50cc以下）
226,窃盗,オートバイ盗,福生,箱根ヶ崎駅前交番,133035,東京都,瑞穂町,箱根ケ崎東松原,2020-07-06,18,４階建て以上共同住宅,その他,キーあり,なし,原動機付自転車（50cc以下）
227,窃盗,オートバイ盗,八王子,追分交番,132012,東京都,八王子市,元本郷町３丁目,2020-03-14,10,一戸建住宅,駐車（輪）場,キーあり,なし,原動機付自転車（50cc以下）
228,窃盗,オートバイ盗,八王子,富士森交番,132012,東京都,八王子市,台町１丁目,2020-01-06,12,一戸建住宅,その他,キーあり,なし,原動機付自転車（50cc以下）
229,窃盗,オートバイ盗,八王子,八王子駅北口交番,132012,東京都,八王子市,旭町,2020-06-09,12,駐車（輪）場,駐車（輪）場,キーあり,なし,原動機付自転車（50cc以下）
230,窃盗,オートバイ盗,八王子,八王子駅北口交番,132012,東京都,八王子市,旭町,2020-06-12,10,駐車（輪）場,駐車（輪）場,キーあり,なし,原動機付自転車（50cc以下）
231,窃盗,オートバイ盗,八王子,八王子駅北口交番,132012,東京都,八王子市,旭町,2020-08-09,15,駐車（輪）場,駐車（輪）場,キーあり,なし,原動機付自転車（50cc以下）
232,窃盗,オートバイ盗,八王子,八王子駅北口交番,132012,東京都,八王子市,旭町,2020-08-19,05,駐車（輪）場,駐車（輪）場,キーあり,なし,原動機付自転車（50cc以下）
233,窃盗,オートバイ盗,八王子,八王子駅北口交番,132012,東京都,八王子市,東町,2020-03-06,02,その他,その他,キーあり,なし,原動機付自転車（50cc以下）
234,窃盗,オートバイ盗,八王子,八王子駅北口交番,132012,東京都,八王子市,東町,2020-12-23,18,４階建て以上共同住宅,その他,キーあり,なし,自動二輪（50cc超）
235,窃盗,オートバイ盗,八王子,八王子駅北口交番,132012,東京都,八王子市,横山町,2020-07-01,21,道路上,その他,キーあり,なし,原動機付自転車（50cc以下）
236,窃盗,オートバイ盗,八王子,犬目交番,132012,東京都,八王子市,犬目町,2020-03-08,21,一戸建住宅,駐車（輪）場,キーあり,なし,原動機付自転車（50cc以下）
237,窃盗,オートバイ盗,八王子,犬目交番,132012,東京都,八王子市,楢原町,2020-01-30,18,その他,駐車（輪）場,キーあり,なし,原動機付自転車（50cc以下）
238,窃盗,オートバイ盗,八王子,犬目交番,132012,東京都,八王子市,楢原町,2020-04-26,22,道路上,その他,キーあり,なし,原動機付自転車（50cc以下）
239,窃盗,オートバイ盗,八王子,宮下駐在所,132012,東京都,八王子市,宮下町,2020-09-27,20,その他の住宅（３階建て以下共同住宅等）,駐車（輪）場,キーあり,あり,原動機付自転車（50cc以下）
240,窃盗,オートバイ盗,町田,町田駅前交番,132098,東京都,町田市,森野１丁目,2019-12-11,09,駐車（輪）場,駐車（輪）場,キーあり,なし,原動機付自転車（50cc以下）
241,窃盗,オートバイ盗,町田,町田駅前交番,132098,東京都,町田市,森野１丁目,2020-10-09,08,駐車（輪）場,駐車（輪）場,キーあり,なし,原動機付自転車（50cc以下）
242,窃盗,オートバイ盗,町田,原町田交番,132098,東京都,町田市,原町田３丁目,2020-09-18,10,駐車（輪）場,駐車（輪）場,キーあり,なし,原動機付自転車（50cc以下）
243,窃盗,オートバイ盗,町田,原町田交番,132098,東京都,町田市,原町田３丁目,2020-12-13,12,４階建て以上共同住宅,駐車（輪）場,キーあり,なし,自動二輪（50cc超）
244,窃盗,オートバイ盗,町田,金森交番,132098,東京都,町田市,金森１丁目,2019-02-20,15,その他の住宅（３階建て以下共同住宅等）,駐車（輪）場,キーあり,なし,原動機付自転車（50cc以下）
245,窃盗,オートバイ盗,町田,鶴間交番,132098,東京都,町田市,鶴間４丁目,2020-02-10,17,４階建て以上共同住宅,駐車（輪）場,キーあり,あり,自動二輪（50cc超）
246,窃盗,オートバイ盗,町田,玉川学園駐在所,132098,東京都,町田市,玉川学園２丁目,2020-11-11,06,４階建て以上共同住宅,駐車（輪）場,キーあり,なし,自動二輪（50cc超）
247,窃盗,オートバイ盗,町田,本町田交番,132098,東京都,町田市,本町田,2020-05-23,16,４階建て以上共同住宅,駐車（輪）場,キーあり,なし,原動機付自転車（50cc以下）
248,窃盗,オートバイ盗,町田,鶴川駅前交番,132098,東京都,町田市,金井４丁目,2020-11-30,15,その他,駐車（輪）場,キーあり,なし,原動機付自転車（50cc以下）
249,窃盗,オートバイ盗,町田,鶴川駅前交番,132098,東京都,町田市,能ヶ谷１丁目,2020-12-02,06,駐車（輪）場,駐車（輪）場,キーあり,なし,原動機付自転車（50cc以下）
250,窃盗,オートバイ盗,町田,鶴川駅前交番,132098,東京都,町田市,能ヶ谷２丁目,2020-08-04,23,その他の住宅（３階建て以下共同住宅等）,駐車（輪）場,キーあり,なし,原動機付自転車（50cc以下）
251,窃盗,オートバイ盗,町田,小野路駐在所,132098,東京都,町田市,小野路町,2020-03-04,12,一戸建住宅,その他,キーあり,なし,自動二輪（50cc超）
252,窃盗,オートバイ盗,町田,図師駐在所,132098,東京都,町田市,図師町,2020-10-12,07,その他の住宅（３階建て以下共同住宅等）,駐車（輪）場,キーあり,なし,自動二輪（50cc超）
253,窃盗,オートバイ盗,町田,図師駐在所,132098,東京都,町田市,図師町,2020-10-30,10,一戸建住宅,駐車（輪）場,キーあり,なし,自動二輪（50cc超）
254,窃盗,オートバイ盗,町田,木曽交番,132098,東京都,町田市,本町田,2020-02-14,20,４階建て以上共同住宅,駐車（輪）場,キーあり,なし,原動機付自転車（50cc以下）
255,窃盗,オートバイ盗,町田,木曽交番,132098,東京都,町田市,本町田,2020-02-20,16,４階建て以上共同住宅,駐車（輪）場,キーあり,なし,自動二輪（50cc超）
256,窃盗,オートバイ盗,町田,木曽交番,132098,東京都,町田市,木曽東１丁目,2020-02-22,17,４階建て以上共同住宅,駐車（輪）場,キーあり,なし,原動機付自転車（50cc以下）
257,窃盗,オートバイ盗,町田,木曽交番,132098,東京都,町田市,木曽東１丁目,2020-11-09,21,その他の住宅（３階建て以下共同住宅等）,駐車（輪）場,キーあり,なし,自動二輪（50cc超）
258,窃盗,オートバイ盗,町田,木曽交番,132098,東京都,町田市,木曽東３丁目,2020-07-10,22,４階建て以上共同住宅,駐車（輪）場,キーあり,なし,自動二輪（50cc超）
259,窃盗,オートバイ盗,町田,木曽交番,132098,東京都,町田市,木曽東４丁目,2020-03-26,11,４階建て以上共同住宅,駐車（輪）場,キーあり,なし,原動機付自転車（50cc以下）
260,窃盗,オートバイ盗,町田,木曽交番,132098,東京都,町田市,木曽東４丁目,2020-04-25,16,４階建て以上共同住宅,駐車（輪）場,キーあり,なし,原動機付自転車（50cc以下）
261,窃盗,オートバイ盗,町田,木曽交番,132098,東京都,町田市,木曽東４丁目,2020-11-09,08,４階建て以上共同住宅,駐車（輪）場,キーあり,なし,自動二輪（50cc超）
262,窃盗,オートバイ盗,町田,常盤駐在所,132098,東京都,町田市,図師町,2020-01-20,10,駐車（輪）場,駐車（輪）場,キーあり,なし,原動機付自転車（50cc以下）
263,窃盗,オートバイ盗,町田,常盤駐在所,132098,東京都,町田市,常盤町,2020-02-08,18,その他,駐車（輪）場,キーあり,あり,自動二輪（50cc超）
264,窃盗,オートバイ盗,町田,小山田駐在所,132098,東京都,町田市,下小山田町,2019-12-22,16,４階建て以上共同住宅,駐車（輪）場,キーあり,なし,原動機付自転車（50cc以下）
265,窃盗,オートバイ盗,町田,つくし野駅前交番,132098,東京都,町田市,小川４丁目,2020-05-04,14,一戸建住宅,駐車（輪）場,キーあり,なし,原動機付自転車（50cc以下）
266,窃盗,オートバイ盗,町田,つくし野駅前交番,132098,東京都,町田市,南つくし野３丁目,2020-11-09,02,４階建て以上共同住宅,駐車（輪）場,キーあり,なし,自動二輪（50cc超）
267,窃盗,オートバイ盗,町田,成瀬駅前交番,132098,東京都,町田市,南成瀬５丁目,2020-05-25,05,その他の住宅（３階建て以下共同住宅等）,駐車（輪）場,キーあり,なし,原動機付自転車（50cc以下）
268,窃盗,オートバイ盗,町田,忠生駐在所,132098,東京都,町田市,忠生４丁目,2020-05-26,22,４階建て以上共同住宅,駐車（輪）場,キーあり,なし,自動二輪（50cc超）
269,窃盗,オートバイ盗,町田,高ヶ坂駐在所,132098,東京都,町田市,高ヶ坂３丁目,2020-04-02,21,その他の住宅（３階建て以下共同住宅等）,駐車（輪）場,キーあり,なし,自動二輪（50cc超）
270,窃盗,オートバイ盗,町田,忠生地区交番,132098,東京都,町田市,忠生１丁目,2020-05-20,13,その他,その他,キーあり,なし,自動二輪（50cc超）
271,窃盗,オートバイ盗,町田,忠生地区交番,132098,東京都,町田市,山崎町,2020-11-25,14,４階建て以上共同住宅,駐車（輪）場,キーあり,なし,原動機付自転車（50cc以下）
272,窃盗,オートバイ盗,町田,忠生地区交番,132098,東京都,町田市,木曽西２丁目,2019-12-10,09,駐車（輪）場,駐車（輪）場,キーあり,なし,原動機付自転車（50cc以下）
273,窃盗,オートバイ盗,日野,豊田駅前交番,132128,東京都,日野市,旭が丘１丁目,2020-06-11,16,４階建て以上共同住宅,駐車（輪）場,キーあり,なし,原動機付自転車（50cc以下）
274,窃盗,オートバイ盗,日野,多摩平交番,132128,東京都,日野市,多摩平１丁目,2020-11-04,20,道路上,その他,キーあり,なし,原動機付自転車（50cc以下）
275,窃盗,オートバイ盗,日野,平山交番,132128,東京都,日野市,平山５丁目,2019-11-14,23,その他の住宅（３階建て以下共同住宅等）,駐車（輪）場,キーあり,なし,自動二輪（50cc超）
276,窃盗,オートバイ盗,日野,高幡不動駅南口交番,132128,東京都,日野市,高幡,2020-01-20,00,４階建て以上共同住宅,駐車（輪）場,キーあり,なし,原動機付自転車（50cc以下）
277,窃盗,オートバイ盗,日野,高幡不動駅南口交番,132128,東京都,日野市,南平１丁目,2020-03-06,17,その他,駐車（輪）場,キーあり,なし,原動機付自転車（50cc以下）
278,窃盗,オートバイ盗,日野,百草団地交番,132128,東京都,日野市,百草,2020-09-09,20,その他,駐車（輪）場,キーあり,なし,原動機付自転車（50cc以下）
279,窃盗,オートバイ盗,昭島,昭島駅前交番,132071,東京都,昭島市,田中町,2020-01-05,08,駐車（輪）場,駐車（輪）場,キーあり,なし,原動機付自転車（50cc以下）
280,窃盗,オートバイ盗,昭島,つつじが丘駐在所,132071,東京都,昭島市,つつじが丘２丁目,2017-05-01,不明,その他の住宅（３階建て以下共同住宅等）,駐車（輪）場,キーあり,なし,自動二輪（50cc超）
281,窃盗,オートバイ盗,昭島,つつじが丘駐在所,132071,東京都,昭島市,つつじが丘２丁目,2020-08-01,17,その他,駐車（輪）場,キーあり,なし,自動二輪（50cc超）
282,窃盗,オートバイ盗,立川,国立駅前交番,132152,東京都,国立市,北１丁目,2020-06-16,03,４階建て以上共同住宅,その他,キーあり,なし,原動機付自転車（50cc以下）
283,窃盗,オートバイ盗,立川,立川駅南口交番,132021,東京都,立川市,柴崎町３丁目,2020-01-11,21,道路上,その他,キーあり,なし,原動機付自転車（50cc以下）
284,窃盗,オートバイ盗,立川,立川駅北口交番,132021,東京都,立川市,曙町２丁目,2020-11-25,17,その他,駐車（輪）場,キーあり,なし,自動二輪（50cc超）
285,窃盗,オートバイ盗,立川,立川駅北口交番,132021,東京都,立川市,曙町２丁目,2020-12-08,09,その他,駐車（輪）場,キーあり,なし,原動機付自転車（50cc以下）
286,窃盗,オートバイ盗,立川,天王橋交番,132021,東京都,立川市,上砂町１丁目,2020-12-08,15,道路上,その他,キーあり,なし,原動機付自転車（50cc以下）
287,窃盗,オートバイ盗,府中,多磨駐在所,132063,東京都,府中市,紅葉丘２丁目,2020-12-22,13,一戸建住宅,駐車（輪）場,キーあり,なし,原動機付自転車（50cc以下）
288,窃盗,オートバイ盗,府中,是政交番,132063,東京都,府中市,是政４丁目,2020-05-14,16,その他,駐車（輪）場,キーあり,なし,自動二輪（50cc超）
289,窃盗,オートバイ盗,府中,大国魂交番,132063,東京都,府中市,宮西町１丁目,2020-08-04,17,その他,駐車（輪）場,キーあり,なし,原動機付自転車（50cc以下）
290,窃盗,オートバイ盗,府中,大国魂交番,132063,東京都,府中市,宮町１丁目,2020-06-18,05,道路上,その他,キーあり,なし,原動機付自転車（50cc以下）
291,窃盗,オートバイ盗,小金井,本多交番,132101,東京都,小金井市,貫井北町１丁目,2020-02-04,16,駐車（輪）場,駐車（輪）場,キーあり,なし,自動二輪（50cc超）
292,窃盗,オートバイ盗,小金井,西国分寺駅前交番,132144,東京都,国分寺市,内藤２丁目,2020-04-06,09,４階建て以上共同住宅,その他,キーあり,なし,原動機付自転車（50cc以下）
293,窃盗,オートバイ盗,田無,田無駅前交番,132292,東京都,西東京市,南町３丁目,2020-11-09,23,４階建て以上共同住宅,駐車（輪）場,キーあり,なし,自動二輪（50cc超）
294,窃盗,オートバイ盗,田無,坂下交番,132292,東京都,西東京市,柳沢２丁目,2020-12-08,18,４階建て以上共同住宅,駐車（輪）場,キーあり,なし,原動機付自転車（50cc以下）
295,窃盗,オートバイ盗,田無,坂下交番,132292,東京都,西東京市,柳沢４丁目,2020-08-03,19,一戸建住宅,駐車（輪）場,キーあり,なし,原動機付自転車（50cc以下）
296,窃盗,オートバイ盗,田無,泉町交番,132292,東京都,西東京市,保谷町６丁目,2020-07-14,04,その他の住宅（３階建て以下共同住宅等）,駐車（輪）場,キーあり,なし,自動二輪（50cc超）
297,窃盗,オートバイ盗,田無,上の原交番,132225,東京都,東久留米市,金山町１丁目,2020-04-23,07,その他,その他,キーあり,なし,原動機付自転車（50cc以下）
298,窃盗,オートバイ盗,東村山,八坂交番,132136,東京都,東村山市,美住町１丁目,2020-05-14,17,４階建て以上共同住宅,駐車（輪）場,キーあり,なし,原動機付自転車（50cc以下）
299,窃盗,オートバイ盗,東村山,梅園駐在所,132217,東京都,清瀬市,梅園３丁目,2020-05-01,19,その他の住宅（３階建て以下共同住宅等）,駐車（輪）場,キーあり,なし,原動機付自転車（50cc以下）
300,窃盗,オートバイ盗,東村山,竹丘駐在所,132217,東京都,清瀬市,竹丘３丁目,2020-05-28,19,その他の住宅（３階建て以下共同住宅等）,駐車（輪）場,キーあり,あり,自動二輪（50cc超）
301,窃盗,オートバイ盗,東村山,下清戸駐在所,132217,東京都,清瀬市,中清戸４丁目,2019-01-01,不明,４階建て以上共同住宅,駐車（輪）場,キーあり,なし,原動機付自転車（50cc以下）
302,窃盗,オートバイ盗,三鷹,三鷹駅前交番,132047,東京都,三鷹市,上連雀１丁目,2020-03-11,08,その他の住宅（３階建て以下共同住宅等）,駐車（輪）場,キーあり,なし,原動機付自転車（50cc以下）
303,窃盗,オートバイ盗,三鷹,三鷹駅前交番,132047,東京都,三鷹市,下連雀４丁目,2020-12-11,08,４階建て以上共同住宅,駐車（輪）場,キーあり,なし,自動二輪（50cc超）
304,窃盗,オートバイ盗,三鷹,中仙川交番,132047,東京都,三鷹市,新川４丁目,2014-10-20,00,４階建て以上共同住宅,その他,キーあり,なし,原動機付自転車（50cc以下）
305,窃盗,オートバイ盗,三鷹,上連雀交番,132047,東京都,三鷹市,上連雀５丁目,2020-09-25,21,その他の住宅（３階建て以下共同住宅等）,駐車（輪）場,キーあり,なし,原動機付自転車（50cc以下）
306,窃盗,オートバイ盗,調布,京王多摩川駅前交番,132080,東京都,調布市,多摩川２丁目,2020-08-16,19,駐車（輪）場,駐車（輪）場,キーあり,あり,原動機付自転車（50cc以下）
307,窃盗,オートバイ盗,調布,菊野台交番,132080,東京都,調布市,菊野台３丁目,2015-09-20,00,その他の住宅（３階建て以下共同住宅等）,駐車（輪）場,キーあり,なし,自動二輪（50cc超）
308,窃盗,オートバイ盗,調布,菊野台交番,132080,東京都,調布市,西つつじケ丘１丁目,2020-03-24,13,駐車（輪）場,駐車（輪）場,キーあり,あり,原動機付自転車（50cc以下）
309,窃盗,オートバイ盗,調布,多摩川住宅交番,132195,東京都,狛江市,西和泉２丁目,2018-01-01,00,駐車（輪）場,駐車（輪）場,キーあり,なし,原動機付自転車（50cc以下）
310,窃盗,オートバイ盗,小平,小平駅前交番,132110,東京都,小平市,大沼町１丁目,2020-02-17,21,一戸建住宅,駐車（輪）場,キーあり,なし,自動二輪（50cc超）
311,窃盗,オートバイ盗,小平,小川駅前交番,132110,東京都,小平市,小川東町２丁目,2020-11-10,19,４階建て以上共同住宅,駐車（輪）場,キーあり,あり,自動二輪（50cc超）
312,窃盗,オートバイ盗,小平,小川駅前交番,132110,東京都,小平市,津田町２丁目,2020-03-19,09,一戸建住宅,駐車（輪）場,キーあり,なし,自動二輪（50cc超）
313,窃盗,オートバイ盗,小平,仲町交番,132110,東京都,小平市,学園東町２丁目,2020-07-07,02,その他の住宅（３階建て以下共同住宅等）,駐車（輪）場,キーあり,なし,原動機付自転車（50cc以下）
314,窃盗,オートバイ盗,小平,大沼町交番,132110,東京都,小平市,大沼町７丁目,2020-12-11,16,４階建て以上共同住宅,駐車（輪）場,キーあり,なし,原動機付自転車（50cc以下）
315,窃盗,オートバイ盗,深川,森下交番,131083,東京都,江東区,新大橋３丁目,2020-03-12,18,４階建て以上共同住宅,駐車（輪）場,キーなし,なし,自動二輪（50cc超）
316,窃盗,オートバイ盗,深川,住吉交番,131083,東京都,江東区,住吉２丁目,2019-12-26,15,道路上,その他,キーなし,なし,原動機付自転車（50cc以下）
317,窃盗,オートバイ盗,深川,門前仲町交番,131083,東京都,江東区,木場２丁目,2020-01-16,05,道路上,その他,キーなし,なし,自動二輪（50cc超）
318,窃盗,オートバイ盗,深川,千田交番,131083,東京都,江東区,扇橋３丁目,2020-05-31,01,４階建て以上共同住宅,駐車（輪）場,キーなし,なし,原動機付自転車（50cc以下）
319,窃盗,オートバイ盗,深川,豊洲交番,131083,東京都,江東区,豊洲４丁目,2014-01-04,15,４階建て以上共同住宅,駐車（輪）場,キーなし,なし,自動二輪（50cc超）
320,窃盗,オートバイ盗,深川,枝川交番,131083,東京都,江東区,塩浜１丁目,2020-05-23,18,４階建て以上共同住宅,駐車（輪）場,キーなし,なし,原動機付自転車（50cc以下）
321,窃盗,オートバイ盗,愛宕,浜松町交番,131032,東京都,港区,浜松町２丁目,2016-10-01,不明,その他の住宅（３階建て以下共同住宅等）,その他,キーなし,なし,自動二輪（50cc超）
322,窃盗,オートバイ盗,高輪,白金三光町交番,131032,東京都,港区,白金３丁目,2020-10-27,10,その他の住宅（３階建て以下共同住宅等）,駐車（輪）場,キーなし,なし,自動二輪（50cc超）
323,窃盗,オートバイ盗,東京湾岸,第五台場交番,131091,東京都,品川区,八潮３丁目,2020-12-22,06,その他,駐車（輪）場,キーなし,あり,原動機付自転車（50cc以下）
324,窃盗,オートバイ盗,東京湾岸,大田市場前交番,131113,東京都,大田区,東海３丁目,2019-11-10,14,駐車（輪）場,駐車（輪）場,キーなし,なし,自動二輪（50cc超）
325,窃盗,オートバイ盗,東京湾岸,辰巳交番,131083,東京都,江東区,辰巳２丁目,2020-10-06,19,４階建て以上共同住宅,駐車（輪）場,キーなし,なし,自動二輪（50cc超）
326,窃盗,オートバイ盗,品川,台場交番,131091,東京都,品川区,北品川１丁目,2020-05-05,09,４階建て以上共同住宅,駐車（輪）場,キーなし,なし,自動二輪（50cc超）
327,窃盗,オートバイ盗,品川,三ツ木交番,131091,東京都,品川区,西品川２丁目,2015-10-01,11,道路上,その他,キーなし,なし,自動二輪（50cc超）
328,窃盗,オートバイ盗,大井,立会川交番,131091,東京都,品川区,南大井４丁目,2020-11-09,22,４階建て以上共同住宅,駐車（輪）場,キーなし,なし,原動機付自転車（50cc以下）
329,窃盗,オートバイ盗,大井,南大井交番,131091,東京都,品川区,南大井５丁目,2020-09-29,09,道路上,その他,キーなし,なし,自動二輪（50cc超）
330,窃盗,オートバイ盗,大崎,大崎駅前交番,131091,東京都,品川区,大崎２丁目,2020-07-10,12,４階建て以上共同住宅,駐車（輪）場,キーなし,なし,自動二輪（50cc超）
331,窃盗,オートバイ盗,大崎,目黒駅前交番,131091,東京都,品川区,上大崎２丁目,2020-10-22,12,道路上,その他,キーなし,なし,原動機付自転車（50cc以下）
332,窃盗,オートバイ盗,荏原,平塚橋交番,131091,東京都,品川区,荏原１丁目,2016-08-05,09,道路上,その他,キーなし,なし,自動二輪（50cc超）
333,窃盗,オートバイ盗,荏原,源氏前交番,131091,東京都,品川区,中延５丁目,2020-05-02,21,道路上,その他,キーなし,なし,自動二輪（50cc超）
334,窃盗,オートバイ盗,荏原,旗の台交番,131091,東京都,品川区,旗の台２丁目,2019-12-25,17,４階建て以上共同住宅,駐車（輪）場,キーなし,なし,自動二輪（50cc超）
335,窃盗,オートバイ盗,荏原,旗の台交番,131091,東京都,品川区,旗の台２丁目,2020-12-03,18,その他の住宅（３階建て以下共同住宅等）,駐車（輪）場,キーなし,なし,原動機付自転車（50cc以下）
336,窃盗,オートバイ盗,大森,谷戸交番,131113,東京都,大田区,大森中３丁目,2020-05-11,21,一戸建住宅,駐車（輪）場,キーなし,なし,自動二輪（50cc超）
337,窃盗,オートバイ盗,大森,大森西交番,131113,東京都,大田区,大森西４丁目,2018-10-15,22,道路上,その他,キーなし,なし,原動機付自転車（50cc以下）
338,窃盗,オートバイ盗,大森,大森海岸交番,131113,東京都,大田区,大森東１丁目,2020-09-08,06,道路上,その他,キーなし,なし,原動機付自転車（50cc以下）
339,窃盗,オートバイ盗,大森,大森海岸交番,131113,東京都,大田区,平和島１丁目,2020-02-17,16,その他,駐車（輪）場,キーなし,なし,自動二輪（50cc超）
340,窃盗,オートバイ盗,大森,大森駅前交番,131113,東京都,大田区,大森北２丁目,2020-10-06,09,その他,駐車（輪）場,キーなし,なし,原動機付自転車（50cc以下）
341,窃盗,オートバイ盗,田園調布,道々橋交番,131113,東京都,大田区,上池台３丁目,2020-10-01,17,一戸建住宅,その他,キーなし,なし,原動機付自転車（50cc以下）
342,窃盗,オートバイ盗,田園調布,丸子橋交番,131113,東京都,大田区,田園調布本町,2020-08-17,20,４階建て以上共同住宅,駐車（輪）場,キーなし,あり,自動二輪（50cc超）
343,窃盗,オートバイ盗,蒲田,京急蒲田駅前交番,131113,東京都,大田区,東蒲田２丁目,2020-03-01,22,その他,その他,キーなし,なし,原動機付自転車（50cc以下）
344,窃盗,オートバイ盗,蒲田,京急蒲田駅前交番,131113,東京都,大田区,南蒲田１丁目,2017-07-21,不明,４階建て以上共同住宅,その他,キーなし,なし,原動機付自転車（50cc以下）
345,窃盗,オートバイ盗,蒲田,蒲田駅東口交番,131113,東京都,大田区,蒲田５丁目,2020-09-10,06,４階建て以上共同住宅,駐車（輪）場,キーなし,なし,原動機付自転車（50cc以下）
346,窃盗,オートバイ盗,蒲田,蒲田駅東口交番,131113,東京都,大田区,蒲田本町１丁目,2020-09-09,19,４階建て以上共同住宅,駐車（輪）場,キーなし,なし,原動機付自転車（50cc以下）
347,窃盗,オートバイ盗,蒲田,蒲田駅西口交番,131113,東京都,大田区,西蒲田７丁目,2020-06-06,19,道路上,その他,キーなし,なし,自動二輪（50cc超）
348,窃盗,オートバイ盗,蒲田,西六郷交番,131113,東京都,大田区,西六郷１丁目,2020-07-30,00,道路上,その他,キーなし,なし,原動機付自転車（50cc以下）
349,窃盗,オートバイ盗,蒲田,西六郷交番,131113,東京都,大田区,西六郷４丁目,2020-10-01,20,その他の住宅（３階建て以下共同住宅等）,駐車（輪）場,キーなし,なし,自動二輪（50cc超）
350,窃盗,オートバイ盗,蒲田,東六郷交番,131113,東京都,大田区,南六郷１丁目,2019-12-26,12,その他の住宅（３階建て以下共同住宅等）,駐車（輪）場,キーなし,なし,原動機付自転車（50cc以下）
351,窃盗,オートバイ盗,蒲田,東六郷交番,131113,東京都,大田区,南六郷２丁目,2017-03-21,不明,４階建て以上共同住宅,駐車（輪）場,キーなし,なし,原動機付自転車（50cc以下）
352,窃盗,オートバイ盗,蒲田,東六郷交番,131113,東京都,大田区,南六郷２丁目,2020-12-21,12,道路上,その他,キーなし,なし,自動二輪（50cc超）
353,窃盗,オートバイ盗,蒲田,雑色交番,131113,東京都,大田区,仲六郷２丁目,2020-02-25,17,その他,駐車（輪）場,キーなし,なし,原動機付自転車（50cc以下）
354,窃盗,オートバイ盗,蒲田,日の出通交番,131113,東京都,大田区,南蒲田３丁目,2020-08-12,17,道路上,その他,キーなし,なし,原動機付自転車（50cc以下）
355,窃盗,オートバイ盗,蒲田,本羽田交番,131113,東京都,大田区,萩中１丁目,2016-05-26,不明,駐車（輪）場,駐車（輪）場,キーなし,なし,自動二輪（50cc超）
356,窃盗,オートバイ盗,蒲田,大鳥居交番,131113,東京都,大田区,萩中３丁目,2020-02-21,17,４階建て以上共同住宅,駐車（輪）場,キーなし,なし,自動二輪（50cc超）
357,窃盗,オートバイ盗,蒲田,大鳥居交番,131113,東京都,大田区,萩中３丁目,2020-02-22,22,その他の住宅（３階建て以下共同住宅等）,その他,キーなし,なし,原動機付自転車（50cc以下）
358,窃盗,オートバイ盗,蒲田,大鳥居交番,131113,東京都,大田区,萩中３丁目,2020-05-07,15,道路上,その他,キーなし,なし,原動機付自転車（50cc以下）
359,窃盗,オートバイ盗,蒲田,北糀谷交番,131113,東京都,大田区,東糀谷１丁目,2017-03-30,13,４階建て以上共同住宅,駐車（輪）場,キーなし,なし,原動機付自転車（50cc以下）
360,窃盗,オートバイ盗,池上,市野倉交番,131113,東京都,大田区,中央８丁目,2020-04-17,01,駐車（輪）場,駐車（輪）場,キーなし,なし,自動二輪（50cc超）
361,窃盗,オートバイ盗,池上,池上駅前交番,131113,東京都,大田区,池上１丁目,2020-05-03,23,その他,その他,キーなし,なし,自動二輪（50cc超）
362,窃盗,オートバイ盗,池上,池上駅前交番,131113,東京都,大田区,池上３丁目,2020-09-30,18,４階建て以上共同住宅,駐車（輪）場,キーなし,なし,原動機付自転車（50cc以下）
363,窃盗,オートバイ盗,池上,多摩川大橋交番,131113,東京都,大田区,多摩川２丁目,2020-11-26,07,４階建て以上共同住宅,駐車（輪）場,キーなし,あり,自動二輪（50cc超）
364,窃盗,オートバイ盗,池上,千鳥交番,131113,東京都,大田区,矢口１丁目,2020-06-21,07,駐車（輪）場,駐車（輪）場,キーなし,なし,自動二輪（50cc超）
365,窃盗,オートバイ盗,東京空港,第１ターミナル交番,131113,東京都,大田区,羽田空港３丁目,2020-06-25,07,道路上,その他,キーなし,なし,自動二輪（50cc超）
366,窃盗,オートバイ盗,世田谷,上馬交番,131121,東京都,世田谷区,駒沢２丁目,2020-05-09,22,道路上,その他,キーなし,なし,自動二輪（50cc超）
367,窃盗,オートバイ盗,世田谷,若林交番,131121,東京都,世田谷区,若林２丁目,2020-07-02,21,一戸建住宅,駐車（輪）場,キーなし,なし,自動二輪（50cc超）
368,窃盗,オートバイ盗,世田谷,桜丘交番,131121,東京都,世田谷区,桜丘２丁目,2020-06-25,17,その他,駐車（輪）場,キーなし,なし,自動二輪（50cc超）
369,窃盗,オートバイ盗,世田谷,桜丘交番,131121,東京都,世田谷区,桜丘３丁目,2020-11-08,09,一戸建住宅,駐車（輪）場,キーなし,なし,原動機付自転車（50cc以下）
370,窃盗,オートバイ盗,北沢,赤堤交番,131121,東京都,世田谷区,松原６丁目,2020-08-07,08,その他の住宅（３階建て以下共同住宅等）,その他,キーなし,なし,原動機付自転車（50cc以下）
371,窃盗,オートバイ盗,北沢,明大前駅前交番,131121,東京都,世田谷区,松原１丁目,2020-09-14,09,その他の住宅（３階建て以下共同住宅等）,駐車（輪）場,キーなし,なし,原動機付自転車（50cc以下）
372,窃盗,オートバイ盗,玉川,奥沢駅前交番,131121,東京都,世田谷区,奥沢１丁目,2020-09-01,17,道路上,その他,キーなし,なし,自動二輪（50cc超）
373,窃盗,オートバイ盗,玉川,二子玉川交番,131121,東京都,世田谷区,玉川４丁目,2020-03-01,20,その他の住宅（３階建て以下共同住宅等）,駐車（輪）場,キーなし,なし,原動機付自転車（50cc以下）
374,窃盗,オートバイ盗,玉川,瀬田交番,131121,東京都,世田谷区,上野毛４丁目,2017-04-15,08,その他の住宅（３階建て以下共同住宅等）,その他,キーなし,なし,自動二輪（50cc超）
375,窃盗,オートバイ盗,玉川,深沢交番,131121,東京都,世田谷区,駒沢公園,2020-09-03,08,その他,駐車（輪）場,キーなし,なし,原動機付自転車（50cc以下）
376,窃盗,オートバイ盗,玉川,深沢交番,131121,東京都,世田谷区,駒沢公園,2020-10-06,07,その他,駐車（輪）場,キーなし,なし,原動機付自転車（50cc以下）
377,窃盗,オートバイ盗,玉川,桜新町交番,131121,東京都,世田谷区,新町２丁目,2020-08-20,10,その他の住宅（３階建て以下共同住宅等）,駐車（輪）場,キーなし,なし,原動機付自転車（50cc以下）
378,窃盗,オートバイ盗,成城,千歳台交番,131121,東京都,世田谷区,千歳台３丁目,2020-08-18,21,その他の住宅（３階建て以下共同住宅等）,駐車（輪）場,キーなし,なし,原動機付自転車（50cc以下）
379,窃盗,オートバイ盗,成城,上北沢駅前交番,131121,東京都,世田谷区,上北沢３丁目,2020-09-22,00,その他の住宅（３階建て以下共同住宅等）,駐車（輪）場,キーなし,なし,自動二輪（50cc超）
380,窃盗,オートバイ盗,成城,喜多見駐在所,131121,東京都,世田谷区,喜多見２丁目,2020-09-25,14,４階建て以上共同住宅,駐車（輪）場,キーなし,なし,自動二輪（50cc超）
381,窃盗,オートバイ盗,成城,喜多見駐在所,131121,東京都,世田谷区,喜多見５丁目,2020-02-26,18,その他の住宅（３階建て以下共同住宅等）,その他,キーなし,なし,原動機付自転車（50cc以下）
382,窃盗,オートバイ盗,成城,上祖師谷駐在所,131121,東京都,世田谷区,上祖師谷４丁目,2020-04-01,不明,４階建て以上共同住宅,駐車（輪）場,キーなし,なし,原動機付自転車（50cc以下）
383,窃盗,オートバイ盗,成城,松葉通駐在所,131121,東京都,世田谷区,北烏山２丁目,2020-10-23,19,４階建て以上共同住宅,駐車（輪）場,キーなし,なし,原動機付自転車（50cc以下）
384,窃盗,オートバイ盗,成城,船橋交番,131121,東京都,世田谷区,船橋６丁目,2020-04-12,21,４階建て以上共同住宅,駐車（輪）場,キーなし,なし,自動二輪（50cc超）
385,窃盗,オートバイ盗,成城,船橋交番,131121,東京都,世田谷区,船橋７丁目,2020-05-19,18,４階建て以上共同住宅,駐車（輪）場,キーなし,なし,原動機付自転車（50cc以下）
386,窃盗,オートバイ盗,目黒,大橋交番,131105,東京都,目黒区,青葉台２丁目,2015-09-01,00,その他の住宅（３階建て以下共同住宅等）,その他,キーなし,なし,自動二輪（50cc超）
387,窃盗,オートバイ盗,碑文谷,都立大学駅前交番,131105,東京都,目黒区,中根２丁目,2020-10-05,22,４階建て以上共同住宅,駐車（輪）場,キーなし,なし,原動機付自転車（50cc以下）
388,窃盗,オートバイ盗,碑文谷,本町二丁目交番,131105,東京都,目黒区,目黒本町５丁目,2020-04-14,18,４階建て以上共同住宅,駐車（輪）場,キーなし,なし,自動二輪（50cc超）
389,窃盗,オートバイ盗,渋谷,宇田川交番,131130,東京都,渋谷区,神山町,2020-04-02,21,４階建て以上共同住宅,駐車（輪）場,キーなし,なし,自動二輪（50cc超）
390,窃盗,オートバイ盗,渋谷,道玄坂上交番,131130,東京都,渋谷区,道玄坂１丁目,2020-06-29,18,道路上,その他,キーなし,なし,自動二輪（50cc超）
391,窃盗,オートバイ盗,渋谷,道玄坂上交番,131130,東京都,渋谷区,円山町,2020-10-18,05,４階建て以上共同住宅,その他,キーなし,なし,原動機付自転車（50cc以下）
392,窃盗,オートバイ盗,渋谷,恵比寿駅前交番,131130,東京都,渋谷区,恵比寿１丁目,2020-08-03,13,その他,駐車（輪）場,キーなし,なし,自動二輪（50cc超）
393,窃盗,オートバイ盗,原宿,代々木駅前交番,131130,東京都,渋谷区,代々木１丁目,2019-05-05,00,その他,その他,キーなし,なし,自動二輪（50cc超）
394,窃盗,オートバイ盗,原宿,千駄ケ谷五丁目交番,131130,東京都,渋谷区,千駄ヶ谷５丁目,2020-04-03,11,駐車（輪）場,駐車（輪）場,キーなし,なし,原動機付自転車（50cc以下）
395,窃盗,オートバイ盗,代々木,幡ケ谷駅前交番,131130,東京都,渋谷区,幡ヶ谷２丁目,2020-12-10,17,道路上,その他,キーなし,なし,自動二輪（50cc超）
396,窃盗,オートバイ盗,新宿,新宿駅西口交番,131041,東京都,新宿区,西新宿１丁目,2020-02-03,15,駐車（輪）場,駐車（輪）場,キーなし,なし,原動機付自転車（50cc以下）
397,窃盗,オートバイ盗,新宿,北新宿一丁目交番,131041,東京都,新宿区,西新宿８丁目,2020-07-02,19,駐車（輪）場,駐車（輪）場,キーなし,なし,自動二輪（50cc超）
398,窃盗,オートバイ盗,新宿,淀橋市場前交番,131041,東京都,新宿区,北新宿４丁目,2020-11-30,00,４階建て以上共同住宅,駐車（輪）場,キーなし,なし,自動二輪（50cc超）
399,窃盗,オートバイ盗,新宿,大久保交番,131041,東京都,新宿区,大久保１丁目,2020-11-15,00,道路上,その他,キーなし,なし,原動機付自転車（50cc以下）
400,窃盗,オートバイ盗,新宿,新宿六丁目交番,131041,東京都,新宿区,新宿６丁目,2020-07-04,01,道路上,その他,キーなし,なし,自動二輪（50cc超）
401,窃盗,オートバイ盗,戸塚,高田馬場駅前交番,131041,東京都,新宿区,高田馬場４丁目,2020-07-21,05,４階建て以上共同住宅,駐車（輪）場,キーなし,なし,原動機付自転車（50cc以下）
402,窃盗,オートバイ盗,戸塚,下落合駅前交番,131041,東京都,新宿区,中落合１丁目,2020-12-26,17,その他の住宅（３階建て以下共同住宅等）,駐車（輪）場,キーなし,なし,原動機付自転車（50cc以下）
403,窃盗,オートバイ盗,中野,中野坂上交番,131148,東京都,中野区,中央１丁目,2015-08-01,00,その他の住宅（３階建て以下共同住宅等）,その他,キーなし,あり,自動二輪（50cc超）
404,窃盗,オートバイ盗,中野,中野駅前交番,131148,東京都,中野区,中野２丁目,2020-04-14,16,道路上,その他,キーなし,なし,原動機付自転車（50cc以下）
405,窃盗,オートバイ盗,中野,中野駅前交番,131148,東京都,中野区,中野２丁目,2020-05-11,18,その他,駐車（輪）場,キーなし,なし,原動機付自転車（50cc以下）
406,窃盗,オートバイ盗,中野,中野駅前交番,131148,東京都,中野区,中野５丁目,2020-03-17,18,駐車（輪）場,駐車（輪）場,キーなし,なし,原動機付自転車（50cc以下）
407,窃盗,オートバイ盗,中野,中野駅前交番,131148,東京都,中野区,中野５丁目,2020-03-31,13,４階建て以上共同住宅,駐車（輪）場,キーなし,なし,自動二輪（50cc超）
408,窃盗,オートバイ盗,中野,本郷通交番,131148,東京都,中野区,本町５丁目,2020-07-23,22,その他の住宅（３階建て以下共同住宅等）,駐車（輪）場,キーなし,なし,自動二輪（50cc超）
409,窃盗,オートバイ盗,中野,鍋屋横丁交番,131148,東京都,中野区,本町３丁目,2019-12-02,20,４階建て以上共同住宅,駐車（輪）場,キーなし,なし,原動機付自転車（50cc以下）
410,窃盗,オートバイ盗,中野,中央五丁目交番,131148,東京都,中野区,中央４丁目,2020-02-01,12,一戸建住宅,駐車（輪）場,キーなし,あり,原動機付自転車（50cc以下）
411,窃盗,オートバイ盗,中野,中央五丁目交番,131148,東京都,中野区,本町４丁目,2020-01-15,23,その他の住宅（３階建て以下共同住宅等）,その他,キーなし,なし,自動二輪（50cc超）
412,窃盗,オートバイ盗,中野,中央五丁目交番,131148,東京都,中野区,本町４丁目,2020-07-11,21,その他,その他,キーなし,なし,自動二輪（50cc超）
413,窃盗,オートバイ盗,中野,中央五丁目交番,131148,東京都,中野区,本町６丁目,2020-02-09,10,その他の住宅（３階建て以下共同住宅等）,その他,キーなし,なし,原動機付自転車（50cc以下）
414,窃盗,オートバイ盗,野方,江原町交番,131148,東京都,中野区,江原町２丁目,2020-04-05,09,その他の住宅（３階建て以下共同住宅等）,その他,キーなし,なし,原動機付自転車（50cc以下）
415,窃盗,オートバイ盗,野方,野方駅前交番,131148,東京都,中野区,丸山１丁目,2020-03-09,19,道路上,その他,キーなし,あり,自動二輪（50cc超）
416,窃盗,オートバイ盗,野方,野方駅前交番,131148,東京都,中野区,大和町２丁目,2019-12-29,23,その他の住宅（３階建て以下共同住宅等）,駐車（輪）場,キーなし,なし,原動機付自転車（50cc以下）
417,窃盗,オートバイ盗,野方,鷺宮駅前交番,131148,東京都,中野区,白鷺２丁目,2018-10-01,不明,その他の住宅（３階建て以下共同住宅等）,駐車（輪）場,キーなし,なし,原動機付自転車（50cc以下）
418,窃盗,オートバイ盗,野方,若宮交番,131148,東京都,中野区,若宮１丁目,2020-09-12,08,その他の住宅（３階建て以下共同住宅等）,その他,キーなし,なし,自動二輪（50cc超）
419,窃盗,オートバイ盗,杉並,高円寺交番,131156,東京都,杉並区,高円寺北４丁目,2016-08-09,00,道路上,その他,キーなし,なし,原動機付自転車（50cc以下）
420,窃盗,オートバイ盗,杉並,高円寺南四丁目交番,131156,東京都,杉並区,高円寺北１丁目,2017-01-05,15,道路上,その他,キーなし,なし,自動二輪（50cc超）
421,窃盗,オートバイ盗,杉並,成宗交番,131156,東京都,杉並区,阿佐谷北２丁目,2019-11-03,13,４階建て以上共同住宅,その他,キーなし,なし,自動二輪（50cc超）
422,窃盗,オートバイ盗,杉並,西田端橋駐在所,131156,東京都,杉並区,荻窪２丁目,2020-02-01,22,その他の住宅（３階建て以下共同住宅等）,駐車（輪）場,キーなし,なし,自動二輪（50cc超）
423,窃盗,オートバイ盗,杉並,成田交番,131156,東京都,杉並区,松ノ木２丁目,2020-08-17,09,一戸建住宅,駐車（輪）場,キーなし,あり,原動機付自転車（50cc以下）
424,窃盗,オートバイ盗,高井戸,浜田山交番,131156,東京都,杉並区,高井戸東４丁目,2020-04-30,12,その他の住宅（３階建て以下共同住宅等）,駐車（輪）場,キーなし,なし,原動機付自転車（50cc以下）
425,窃盗,オートバイ盗,荻窪,桃井四丁目交番,131156,東京都,杉並区,桃井４丁目,2020-12-19,12,一戸建住宅,駐車（輪）場,キーなし,なし,原動機付自転車（50cc以下）
426,窃盗,オートバイ盗,荻窪,善福寺交番,131156,東京都,杉並区,今川４丁目,2020-04-19,14,その他の住宅（３階建て以下共同住宅等）,駐車（輪）場,キーなし,なし,自動二輪（50cc超）
427,窃盗,オートバイ盗,荻窪,荻窪五丁目交番,131156,東京都,杉並区,荻窪４丁目,2017-10-01,不明,道路上,その他,キーなし,なし,自動二輪（50cc超）
428,窃盗,オートバイ盗,荻窪,荻窪駅北口交番,131156,東京都,杉並区,上荻１丁目,2020-04-15,06,道路上,その他,キーなし,なし,原動機付自転車（50cc以下）
429,窃盗,オートバイ盗,荻窪,下井草駅前交番,131156,東京都,杉並区,下井草２丁目,2020-03-22,00,一戸建住宅,駐車（輪）場,キーなし,なし,自動二輪（50cc超）
430,窃盗,オートバイ盗,荻窪,井荻駅前交番,131156,東京都,杉並区,井草４丁目,2020-12-24,23,その他の住宅（３階建て以下共同住宅等）,駐車（輪）場,キーなし,なし,自動二輪（50cc超）
431,窃盗,オートバイ盗,本富士,根津交番,131059,東京都,文京区,根津１丁目,2020-08-18,08,その他,駐車（輪）場,キーなし,なし,自動二輪（50cc超）
432,窃盗,オートバイ盗,駒込,動坂交番,131059,東京都,文京区,本駒込３丁目,2020-05-08,17,４階建て以上共同住宅,駐車（輪）場,キーなし,あり,自動二輪（50cc超）
433,窃盗,オートバイ盗,巣鴨,巣鴨新田交番,131164,東京都,豊島区,北大塚３丁目,2018-09-15,不明,道路上,その他,キーなし,なし,自動二輪（50cc超）
434,窃盗,オートバイ盗,池袋,川越通交番,131164,東京都,豊島区,池袋本町２丁目,2020-06-01,17,その他,駐車（輪）場,キーなし,なし,自動二輪（50cc超）
435,窃盗,オートバイ盗,池袋,平和通交番,131164,東京都,豊島区,池袋１丁目,2015-10-01,00,一戸建住宅,その他,キーなし,なし,自動二輪（50cc超）
436,窃盗,オートバイ盗,滝野川,板橋駅東口交番,131172,東京都,北区,滝野川６丁目,2020-02-08,14,道路上,その他,キーなし,なし,原動機付自転車（50cc以下）
437,窃盗,オートバイ盗,滝野川,西ケ原交番,131172,東京都,北区,上中里１丁目,2020-09-12,03,駐車（輪）場,駐車（輪）場,キーなし,なし,原動機付自転車（50cc以下）
438,窃盗,オートバイ盗,王子,王子駅前交番,131172,東京都,北区,堀船３丁目,2020-03-05,18,道路上,その他,キーなし,なし,原動機付自転車（50cc以下）
439,窃盗,オートバイ盗,王子,豊島五丁目駐在所,131172,東京都,北区,豊島５丁目,2020-02-23,15,４階建て以上共同住宅,その他,キーなし,なし,自動二輪（50cc超）
440,窃盗,オートバイ盗,王子,豊島五丁目駐在所,131172,東京都,北区,豊島５丁目,2020-10-21,06,４階建て以上共同住宅,駐車（輪）場,キーなし,あり,原動機付自転車（50cc以下）
441,窃盗,オートバイ盗,王子,東十条交番,131172,東京都,北区,王子５丁目,2020-11-07,18,４階建て以上共同住宅,駐車（輪）場,キーなし,なし,原動機付自転車（50cc以下）
442,窃盗,オートバイ盗,王子,十条仲原交番,131172,東京都,北区,上十条１丁目,2020-02-11,14,道路上,その他,キーなし,あり,自動二輪（50cc超）
443,窃盗,オートバイ盗,王子,王子本町交番,131172,東京都,北区,王子本町３丁目,2019-05-02,18,４階建て以上共同住宅,駐車（輪）場,キーなし,なし,自動二輪（50cc超）
444,窃盗,オートバイ盗,赤羽,法善寺交番,131172,東京都,北区,赤羽台３丁目,2020-10-21,12,その他,その他,キーなし,なし,原動機付自転車（50cc以下）
445,窃盗,オートバイ盗,赤羽,浮間交番,131172,東京都,北区,浮間１丁目,2020-04-03,16,駐車（輪）場,駐車（輪）場,キーなし,なし,原動機付自転車（50cc以下）
446,窃盗,オートバイ盗,板橋,平尾交番,131199,東京都,板橋区,板橋２丁目,2020-04-15,16,一戸建住宅,その他,キーなし,なし,原動機付自転車（50cc以下）
447,窃盗,オートバイ盗,板橋,熊野町交番,131199,東京都,板橋区,大山金井町,2020-02-09,08,４階建て以上共同住宅,駐車（輪）場,キーなし,なし,自動二輪（50cc超）
448,窃盗,オートバイ盗,板橋,養育院前交番,131199,東京都,板橋区,大山東町,2020-04-10,17,その他,駐車（輪）場,キーなし,なし,原動機付自転車（50cc以下）
449,窃盗,オートバイ盗,板橋,大山町交番,131199,東京都,板橋区,幸町,2014-04-01,不明,その他の住宅（３階建て以下共同住宅等）,駐車（輪）場,キーなし,なし,原動機付自転車（50cc以下）
450,窃盗,オートバイ盗,板橋,大谷口交番,131199,東京都,板橋区,大谷口１丁目,2020-05-02,19,道路上,その他,キーなし,なし,自動二輪（50cc超）
451,窃盗,オートバイ盗,板橋,茂呂交番,131199,東京都,板橋区,向原２丁目,2014-07-01,不明,道路上,その他,キーなし,なし,自動二輪（50cc超）
452,窃盗,オートバイ盗,板橋,東山町交番,131199,東京都,板橋区,大谷口北町,2020-11-16,20,道路上,その他,キーなし,なし,原動機付自転車（50cc以下）
453,窃盗,オートバイ盗,板橋,上板橋駅前交番,131199,東京都,板橋区,上板橋２丁目,2015-11-01,不明,４階建て以上共同住宅,駐車（輪）場,キーなし,なし,自動二輪（50cc超）
454,窃盗,オートバイ盗,板橋,上板橋駅前交番,131199,東京都,板橋区,東新町１丁目,2018-12-30,22,４階建て以上共同住宅,駐車（輪）場,キーなし,なし,原動機付自転車（50cc以下）
455,窃盗,オートバイ盗,板橋,桜川三丁目駐在所,131199,東京都,板橋区,桜川３丁目,2020-03-01,01,一戸建住宅,駐車（輪）場,キーなし,なし,原動機付自転車（50cc以下）
456,窃盗,オートバイ盗,志村,坂上交番,131199,東京都,板橋区,志村３丁目,2020-09-03,10,駐車（輪）場,駐車（輪）場,キーなし,なし,原動機付自転車（50cc以下）
457,窃盗,オートバイ盗,志村,坂下交番,131199,東京都,板橋区,坂下３丁目,2016-12-01,不明,４階建て以上共同住宅,駐車（輪）場,キーなし,あり,自動二輪（50cc超）
458,窃盗,オートバイ盗,志村,坂下交番,131199,東京都,板橋区,東坂下２丁目,2020-09-03,12,その他,駐車（輪）場,キーなし,なし,原動機付自転車（50cc以下）
459,窃盗,オートバイ盗,志村,蓮根交番,131199,東京都,板橋区,相生町,2020-08-09,21,道路上,その他,キーなし,なし,原動機付自転車（50cc以下）
460,窃盗,オートバイ盗,志村,蓮根交番,131199,東京都,板橋区,蓮根１丁目,2017-12-10,13,その他の住宅（３階建て以下共同住宅等）,駐車（輪）場,キーなし,なし,原動機付自転車（50cc以下）
461,窃盗,オートバイ盗,志村,蓮根交番,131199,東京都,板橋区,蓮根１丁目,2020-09-02,21,一戸建住宅,駐車（輪）場,キーなし,なし,原動機付自転車（50cc以下）
462,窃盗,オートバイ盗,志村,蓮根交番,131199,東京都,板橋区,蓮根３丁目,2020-04-30,19,４階建て以上共同住宅,駐車（輪）場,キーなし,なし,原動機付自転車（50cc以下）
463,窃盗,オートバイ盗,練馬,豊島園前交番,131202,東京都,練馬区,練馬４丁目,2020-05-01,18,その他の住宅（３階建て以下共同住宅等）,駐車（輪）場,キーなし,あり,自動二輪（50cc超）
464,窃盗,オートバイ盗,練馬,豊玉交番,131202,東京都,練馬区,豊玉北４丁目,2015-08-31,21,道路上,その他,キーなし,なし,自動二輪（50cc超）
465,窃盗,オートバイ盗,練馬,桜台交番,131202,東京都,練馬区,桜台３丁目,2019-12-02,18,その他,駐車（輪）場,キーなし,なし,原動機付自転車（50cc以下）
466,窃盗,オートバイ盗,練馬,桜台交番,131202,東京都,練馬区,桜台５丁目,2020-06-05,08,一戸建住宅,駐車（輪）場,キーなし,なし,原動機付自転車（50cc以下）
467,窃盗,オートバイ盗,練馬,江古田駅前交番,131202,東京都,練馬区,豊玉北１丁目,2020-11-07,20,その他,駐車（輪）場,キーなし,なし,原動機付自転車（50cc以下）
468,窃盗,オートバイ盗,練馬,氷川台駐在所,131202,東京都,練馬区,氷川台４丁目,2020-12-05,23,４階建て以上共同住宅,その他,キーなし,なし,原動機付自転車（50cc以下）
469,窃盗,オートバイ盗,練馬,春日町交番,131202,東京都,練馬区,春日町１丁目,2020-03-02,07,駐車（輪）場,駐車（輪）場,キーなし,なし,自動二輪（50cc超）
470,窃盗,オートバイ盗,練馬,春日町交番,131202,東京都,練馬区,春日町２丁目,2020-05-12,20,一戸建住宅,その他,キーなし,なし,自動二輪（50cc超）
471,窃盗,オートバイ盗,練馬,富士見台駅前交番,131202,東京都,練馬区,貫井４丁目,2020-09-11,12,道路上,その他,キーなし,なし,原動機付自転車（50cc以下）
472,窃盗,オートバイ盗,練馬,富士見台駅前交番,131202,東京都,練馬区,貫井４丁目,2020-09-19,16,一戸建住宅,駐車（輪）場,キーなし,なし,自動二輪（50cc超）
473,窃盗,オートバイ盗,石神井,石神井公園駅前交番,131202,東京都,練馬区,石神井台１丁目,2020-02-21,09,道路上,その他,キーなし,なし,自動二輪（50cc超）
474,窃盗,オートバイ盗,石神井,石神井公園駅前交番,131202,東京都,練馬区,石神井町３丁目,2020-08-16,16,その他,駐車（輪）場,キーなし,なし,原動機付自転車（50cc以下）
475,窃盗,オートバイ盗,石神井,武蔵関駅前交番,131202,東京都,練馬区,関町北４丁目,2020-06-12,20,その他の住宅（３階建て以下共同住宅等）,駐車（輪）場,キーなし,なし,原動機付自転車（50cc以下）
476,窃盗,オートバイ盗,石神井,大泉学園交番,131202,東京都,練馬区,大泉学園町６丁目,2020-04-11,19,道路上,その他,キーなし,なし,原動機付自転車（50cc以下）
477,窃盗,オートバイ盗,石神井,北大泉交番,131202,東京都,練馬区,大泉町４丁目,2019-06-05,07,駐車（輪）場,駐車（輪）場,キーなし,なし,原動機付自転車（50cc以下）
478,窃盗,オートバイ盗,石神井,西大泉交番,131202,東京都,練馬区,西大泉６丁目,2020-05-18,13,４階建て以上共同住宅,駐車（輪）場,キーなし,なし,原動機付自転車（50cc以下）
479,窃盗,オートバイ盗,石神井,南大泉交番,131202,東京都,練馬区,東大泉７丁目,2020-03-17,14,その他の住宅（３階建て以下共同住宅等）,駐車（輪）場,キーなし,なし,自動二輪（50cc超）
480,窃盗,オートバイ盗,高島平,高島平駅前交番,131199,東京都,板橋区,高島平２丁目,2020-01-09,19,４階建て以上共同住宅,駐車（輪）場,キーなし,なし,原動機付自転車（50cc以下）
481,窃盗,オートバイ盗,高島平,高島平駅前交番,131199,東京都,板橋区,高島平２丁目,2020-04-05,12,４階建て以上共同住宅,駐車（輪）場,キーなし,なし,自動二輪（50cc超）
482,窃盗,オートバイ盗,高島平,高島平駅前交番,131199,東京都,板橋区,高島平７丁目,2020-12-06,12,４階建て以上共同住宅,駐車（輪）場,キーなし,なし,自動二輪（50cc超）
483,窃盗,オートバイ盗,高島平,笹目橋交番,131199,東京都,板橋区,三園１丁目,2020-02-04,22,道路上,その他,キーなし,あり,自動二輪（50cc超）
484,窃盗,オートバイ盗,高島平,笹目橋交番,131199,東京都,板橋区,三園２丁目,2019-08-15,不明,道路上,その他,キーなし,なし,自動二輪（50cc超）
485,窃盗,オートバイ盗,高島平,成増駅前交番,131199,東京都,板橋区,赤塚５丁目,2020-02-14,07,その他の住宅（３階建て以下共同住宅等）,駐車（輪）場,キーなし,なし,自動二輪（50cc超）
486,窃盗,オートバイ盗,高島平,成増駅前交番,131199,東京都,板橋区,成増３丁目,2020-09-03,09,駐車（輪）場,駐車（輪）場,キーなし,なし,自動二輪（50cc超）
487,窃盗,オートバイ盗,高島平,松月院前交番,131199,東京都,板橋区,四葉２丁目,2020-04-28,18,その他,駐車（輪）場,キーなし,なし,原動機付自転車（50cc以下）
488,窃盗,オートバイ盗,高島平,徳丸駐在所,131199,東京都,板橋区,高島平７丁目,2019-10-15,17,その他の住宅（３階建て以下共同住宅等）,駐車（輪）場,キーなし,なし,自動二輪（50cc超）
489,窃盗,オートバイ盗,光が丘,田柄交番,131202,東京都,練馬区,北町７丁目,2019-11-01,00,その他の住宅（３階建て以下共同住宅等）,その他,キーなし,なし,原動機付自転車（50cc以下）
490,窃盗,オートバイ盗,光が丘,田柄交番,131202,東京都,練馬区,北町８丁目,2020-02-11,23,その他の住宅（３階建て以下共同住宅等）,駐車（輪）場,キーなし,なし,自動二輪（50cc超）
491,窃盗,オートバイ盗,光が丘,田柄交番,131202,東京都,練馬区,田柄１丁目,2020-01-06,21,その他の住宅（３階建て以下共同住宅等）,駐車（輪）場,キーなし,なし,原動機付自転車（50cc以下）
492,窃盗,オートバイ盗,光が丘,田柄交番,131202,東京都,練馬区,田柄２丁目,2020-05-23,08,その他の住宅（３階建て以下共同住宅等）,駐車（輪）場,キーなし,なし,自動二輪（50cc超）
493,窃盗,オートバイ盗,光が丘,光が丘三丁目交番,131202,東京都,練馬区,光が丘２丁目,2020-03-01,06,４階建て以上共同住宅,駐車（輪）場,キーなし,なし,自動二輪（50cc超）
494,窃盗,オートバイ盗,光が丘,光が丘三丁目交番,131202,東京都,練馬区,光が丘２丁目,2020-03-23,16,その他,駐車（輪）場,キーなし,なし,原動機付自転車（50cc以下）
495,窃盗,オートバイ盗,光が丘,光が丘三丁目交番,131202,東京都,練馬区,光が丘３丁目,2019-02-10,00,４階建て以上共同住宅,駐車（輪）場,キーなし,なし,自動二輪（50cc超）
496,窃盗,オートバイ盗,光が丘,光が丘三丁目交番,131202,東京都,練馬区,光が丘５丁目,2020-02-01,不明,４階建て以上共同住宅,駐車（輪）場,キーなし,なし,自動二輪（50cc超）
497,窃盗,オートバイ盗,光が丘,練馬高野台駅前交番,131202,東京都,練馬区,南田中１丁目,2020-01-29,23,４階建て以上共同住宅,駐車（輪）場,キーなし,なし,自動二輪（50cc超）
498,窃盗,オートバイ盗,光が丘,谷原交番,131202,東京都,練馬区,富士見台４丁目,2020-01-10,15,道路上,その他,キーなし,なし,自動二輪（50cc超）
499,窃盗,オートバイ盗,光が丘,土支田交番,131202,東京都,練馬区,土支田１丁目,2020-03-12,17,４階建て以上共同住宅,駐車（輪）場,キーなし,なし,原動機付自転車（50cc以下）
500,窃盗,オートバイ盗,光が丘,三原台交番,131202,東京都,練馬区,土支田３丁目,2019-05-20,16,その他,その他,キーなし,あり,自動二輪（50cc超）
501,窃盗,オートバイ盗,光が丘,三原台交番,131202,東京都,練馬区,三原台２丁目,2020-03-14,19,一戸建住宅,その他,キーなし,あり,自動二輪（50cc超）
502,窃盗,オートバイ盗,光が丘,旭町駐在所,131202,東京都,練馬区,旭町３丁目,2020-03-20,09,４階建て以上共同住宅,その他,キーなし,なし,原動機付自転車（50cc以下）
503,窃盗,オートバイ盗,上野,御徒町交番,131067,東京都,台東区,台東３丁目,2020-03-01,21,一戸建住宅,駐車（輪）場,キーなし,なし,自動二輪（50cc超）
504,窃盗,オートバイ盗,下谷,三ノ輪交番,131067,東京都,台東区,根岸５丁目,2019-08-21,00,その他,駐車（輪）場,キーなし,なし,原動機付自転車（50cc以下）
505,窃盗,オートバイ盗,浅草,東浅草交番,131067,東京都,台東区,浅草５丁目,2019-08-10,19,道路上,その他,キーなし,なし,自動二輪（50cc超）
506,窃盗,オートバイ盗,浅草,橋場交番,131067,東京都,台東区,橋場１丁目,2020-03-09,09,道路上,その他,キーなし,なし,原動機付自転車（50cc以下）
507,窃盗,オートバイ盗,蔵前,田原町交番,131067,東京都,台東区,寿４丁目,2020-11-06,23,道路上,その他,キーなし,なし,原動機付自転車（50cc以下）
508,窃盗,オートバイ盗,尾久,赤土交番,131181,東京都,荒川区,東尾久４丁目,2020-06-16,06,４階建て以上共同住宅,駐車（輪）場,キーなし,あり,原動機付自転車（50cc以下）
509,窃盗,オートバイ盗,尾久,荒川遊園前交番,131181,東京都,荒川区,西尾久８丁目,2020-04-01,不明,一戸建住宅,駐車（輪）場,キーなし,あり,自動二輪（50cc超）
510,窃盗,オートバイ盗,南千住,南千住八丁目交番,131181,東京都,荒川区,南千住８丁目,2020-09-17,19,４階建て以上共同住宅,駐車（輪）場,キーなし,なし,原動機付自転車（50cc以下）
511,窃盗,オートバイ盗,荒川,三河島駅前交番,131181,東京都,荒川区,荒川３丁目,2020-08-23,09,道路上,その他,キーなし,なし,自動二輪（50cc超）
512,窃盗,オートバイ盗,荒川,町屋交番,131181,東京都,荒川区,町屋８丁目,2020-02-25,23,４階建て以上共同住宅,駐車（輪）場,キーなし,なし,原動機付自転車（50cc以下）
513,窃盗,オートバイ盗,千住,千住四丁目交番,131211,東京都,足立区,千住４丁目,2020-02-15,08,４階建て以上共同住宅,駐車（輪）場,キーなし,なし,自動二輪（50cc超）
514,窃盗,オートバイ盗,千住,桜木町交番,131211,東京都,足立区,千住元町,2017-06-08,19,道路上,その他,キーなし,なし,原動機付自転車（50cc以下）
515,窃盗,オートバイ盗,千住,緑町交番,131211,東京都,足立区,千住緑町３丁目,2014-04-01,不明,その他の住宅（３階建て以下共同住宅等）,駐車（輪）場,キーなし,なし,自動二輪（50cc超）
516,窃盗,オートバイ盗,西新井,梅田七丁目交番,131211,東京都,足立区,梅田５丁目,2020-09-04,19,道路上,その他,キーなし,なし,自動二輪（50cc超）
517,窃盗,オートバイ盗,西新井,大師前交番,131211,東京都,足立区,西新井本町１丁目,2020-01-10,15,その他の住宅（３階建て以下共同住宅等）,駐車（輪）場,キーなし,なし,自動二輪（50cc超）
518,窃盗,オートバイ盗,西新井,西新井駅前交番,131211,東京都,足立区,西新井栄町１丁目,2020-08-23,17,道路上,その他,キーなし,なし,原動機付自転車（50cc以下）
519,窃盗,オートバイ盗,西新井,本木交番,131211,東京都,足立区,西新井本町４丁目,2020-04-02,21,一戸建住宅,駐車（輪）場,キーなし,なし,自動二輪（50cc超）
520,窃盗,オートバイ盗,西新井,本木交番,131211,東京都,足立区,西新井本町４丁目,2020-09-28,23,道路上,その他,キーなし,なし,原動機付自転車（50cc以下）
521,窃盗,オートバイ盗,西新井,島根交番,131211,東京都,足立区,島根２丁目,2020-05-25,16,その他,その他,キーなし,あり,自動二輪（50cc超）
522,窃盗,オートバイ盗,西新井,新田駐在所,131211,東京都,足立区,新田２丁目,2020-07-31,06,道路上,その他,キーなし,なし,原動機付自転車（50cc以下）
523,窃盗,オートバイ盗,西新井,西新井五丁目交番,131211,東京都,足立区,西新井４丁目,2020-08-05,19,その他の住宅（３階建て以下共同住宅等）,駐車（輪）場,キーなし,なし,原動機付自転車（50cc以下）
524,窃盗,オートバイ盗,綾瀬,大谷田交番,131211,東京都,足立区,大谷田１丁目,2020-09-10,10,４階建て以上共同住宅,駐車（輪）場,キーなし,なし,原動機付自転車（50cc以下）
525,窃盗,オートバイ盗,綾瀬,大谷田交番,131211,東京都,足立区,大谷田４丁目,2020-01-06,00,一戸建住宅,その他,キーなし,あり,自動二輪（50cc超）
526,窃盗,オートバイ盗,綾瀬,大谷田交番,131211,東京都,足立区,大谷田４丁目,2020-06-16,15,４階建て以上共同住宅,駐車（輪）場,キーなし,なし,自動二輪（50cc超）
527,窃盗,オートバイ盗,綾瀬,大谷田交番,131211,東京都,足立区,大谷田５丁目,2020-01-01,17,４階建て以上共同住宅,駐車（輪）場,キーなし,あり,自動二輪（50cc超）
528,窃盗,オートバイ盗,綾瀬,大谷田交番,131211,東京都,足立区,大谷田５丁目,2020-12-12,20,その他の住宅（３階建て以下共同住宅等）,駐車（輪）場,キーなし,なし,原動機付自転車（50cc以下）
529,窃盗,オートバイ盗,綾瀬,大谷田交番,131211,東京都,足立区,六木２丁目,2020-01-30,18,一戸建住宅,駐車（輪）場,キーなし,なし,原動機付自転車（50cc以下）
530,窃盗,オートバイ盗,綾瀬,大谷田交番,131211,東京都,足立区,六木２丁目,2020-02-13,21,その他の住宅（３階建て以下共同住宅等）,その他,キーなし,なし,自動二輪（50cc超）
531,窃盗,オートバイ盗,綾瀬,大谷田交番,131211,東京都,足立区,谷中２丁目,2020-01-31,22,４階建て以上共同住宅,駐車（輪）場,キーなし,なし,自動二輪（50cc超）
532,窃盗,オートバイ盗,綾瀬,大谷田交番,131211,東京都,足立区,谷中３丁目,2020-02-06,09,その他,駐車（輪）場,キーなし,なし,原動機付自転車（50cc以下）
533,窃盗,オートバイ盗,綾瀬,中川交番,131211,東京都,足立区,中川３丁目,2020-12-19,21,道路上,その他,キーなし,なし,自動二輪（50cc超）
534,窃盗,オートバイ盗,綾瀬,綾瀬駅西口交番,131211,東京都,足立区,綾瀬４丁目,2020-04-04,19,その他の住宅（３階建て以下共同住宅等）,駐車（輪）場,キーなし,なし,原動機付自転車（50cc以下）
535,窃盗,オートバイ盗,綾瀬,綾瀬駅西口交番,131211,東京都,足立区,西綾瀬１丁目,2020-10-03,19,その他の住宅（３階建て以下共同住宅等）,駐車（輪）場,キーなし,なし,原動機付自転車（50cc以下）
536,窃盗,オートバイ盗,綾瀬,神明交番,131211,東京都,足立区,大谷田５丁目,2020-01-21,11,４階建て以上共同住宅,駐車（輪）場,キーなし,なし,原動機付自転車（50cc以下）
537,窃盗,オートバイ盗,綾瀬,神明交番,131211,東京都,足立区,六木３丁目,2020-04-27,19,その他の住宅（３階建て以下共同住宅等）,駐車（輪）場,キーなし,なし,自動二輪（50cc超）
538,窃盗,オートバイ盗,綾瀬,神明交番,131211,東京都,足立区,六木３丁目,2020-11-19,19,その他の住宅（３階建て以下共同住宅等）,駐車（輪）場,キーなし,なし,自動二輪（50cc超）
539,窃盗,オートバイ盗,綾瀬,一ツ家交番,131211,東京都,足立区,青井５丁目,2020-02-03,18,４階建て以上共同住宅,駐車（輪）場,キーなし,なし,自動二輪（50cc超）
540,窃盗,オートバイ盗,綾瀬,一ツ家交番,131211,東京都,足立区,一ツ家３丁目,2020-03-03,17,道路上,その他,キーなし,なし,自動二輪（50cc超）
541,窃盗,オートバイ盗,綾瀬,一ツ家交番,131211,東京都,足立区,六町４丁目,2020-03-01,23,その他の住宅（３階建て以下共同住宅等）,駐車（輪）場,キーなし,なし,自動二輪（50cc超）
542,窃盗,オートバイ盗,綾瀬,足立四丁目交番,131211,東京都,足立区,足立４丁目,2020-04-04,07,その他,その他,キーなし,なし,自動二輪（50cc超）
543,窃盗,オートバイ盗,綾瀬,足立四丁目交番,131211,東京都,足立区,中央本町１丁目,2020-03-11,21,４階建て以上共同住宅,駐車（輪）場,キーなし,なし,自動二輪（50cc超）
544,窃盗,オートバイ盗,綾瀬,綾瀬駅東口交番,131211,東京都,足立区,東綾瀬１丁目,2020-07-02,19,道路上,その他,キーなし,なし,自動二輪（50cc超）
545,窃盗,オートバイ盗,綾瀬,綾瀬駅東口交番,131211,東京都,足立区,東綾瀬２丁目,2020-05-18,12,４階建て以上共同住宅,駐車（輪）場,キーなし,あり,自動二輪（50cc超）
546,窃盗,オートバイ盗,竹の塚,花畑交番,131211,東京都,足立区,南花畑２丁目,2020-01-12,18,４階建て以上共同住宅,駐車（輪）場,キーなし,なし,原動機付自転車（50cc以下）
547,窃盗,オートバイ盗,竹の塚,花畑交番,131211,東京都,足立区,南花畑３丁目,2020-04-27,16,一戸建住宅,その他,キーなし,なし,自動二輪（50cc超）
548,窃盗,オートバイ盗,竹の塚,花畑交番,131211,東京都,足立区,南花畑３丁目,2020-11-05,23,その他の住宅（３階建て以下共同住宅等）,その他,キーなし,あり,原動機付自転車（50cc以下）
549,窃盗,オートバイ盗,竹の塚,西保木間交番,131211,東京都,足立区,西保木間３丁目,2018-04-01,16,４階建て以上共同住宅,駐車（輪）場,キーなし,なし,自動二輪（50cc超）
550,窃盗,オートバイ盗,竹の塚,伊興町交番,131211,東京都,足立区,伊興３丁目,2020-06-22,06,駐車（輪）場,駐車（輪）場,キーなし,なし,自動二輪（50cc超）
551,窃盗,オートバイ盗,竹の塚,入谷町交番,131211,東京都,足立区,入谷８丁目,2020-03-12,12,その他の住宅（３階建て以下共同住宅等）,駐車（輪）場,キーなし,なし,自動二輪（50cc超）
552,窃盗,オートバイ盗,城東,日曹橋交番,131083,東京都,江東区,南砂２丁目,2020-04-06,15,道路上,その他,キーなし,なし,原動機付自転車（50cc以下）
553,窃盗,オートバイ盗,城東,日曹橋交番,131083,東京都,江東区,南砂２丁目,2020-07-03,20,４階建て以上共同住宅,駐車（輪）場,キーなし,なし,自動二輪（50cc超）
554,窃盗,オートバイ盗,城東,葛西橋西交番,131083,東京都,江東区,東砂７丁目,2020-08-30,14,道路上,その他,キーなし,なし,自動二輪（50cc超）
555,窃盗,オートバイ盗,城東,北砂五丁目交番,131083,東京都,江東区,北砂２丁目,2018-05-12,18,その他,駐車（輪）場,キーなし,なし,自動二輪（50cc超）
556,窃盗,オートバイ盗,城東,北砂五丁目交番,131083,東京都,江東区,北砂５丁目,2020-07-04,15,４階建て以上共同住宅,駐車（輪）場,キーなし,なし,原動機付自転車（50cc以下）
557,窃盗,オートバイ盗,城東,番所橋交番,131083,東京都,江東区,北砂７丁目,2020-06-12,18,４階建て以上共同住宅,駐車（輪）場,キーなし,なし,自動二輪（50cc超）
558,窃盗,オートバイ盗,城東,番所橋交番,131083,東京都,江東区,東砂１丁目,2020-01-31,07,４階建て以上共同住宅,駐車（輪）場,キーなし,なし,自動二輪（50cc超）
559,窃盗,オートバイ盗,城東,番所橋交番,131083,東京都,江東区,東砂２丁目,2020-12-05,20,４階建て以上共同住宅,駐車（輪）場,キーなし,なし,自動二輪（50cc超）
560,窃盗,オートバイ盗,城東,番所橋交番,131083,東京都,江東区,東砂３丁目,2020-03-21,06,その他の住宅（３階建て以下共同住宅等）,その他,キーなし,なし,自動二輪（50cc超）
561,窃盗,オートバイ盗,城東,大島交番,131083,東京都,江東区,大島３丁目,2020-07-12,15,４階建て以上共同住宅,駐車（輪）場,キーなし,なし,原動機付自転車（50cc以下）
562,窃盗,オートバイ盗,城東,大島交番,131083,東京都,江東区,大島５丁目,2020-10-27,22,道路上,その他,キーなし,あり,原動機付自転車（50cc以下）
563,窃盗,オートバイ盗,城東,大島交番,131083,東京都,江東区,大島６丁目,2017-05-06,17,４階建て以上共同住宅,駐車（輪）場,キーなし,なし,原動機付自転車（50cc以下）
564,窃盗,オートバイ盗,城東,大島交番,131083,東京都,江東区,大島６丁目,2020-09-20,07,４階建て以上共同住宅,駐車（輪）場,キーなし,なし,原動機付自転車（50cc以下）
565,窃盗,オートバイ盗,城東,大島交番,131083,東京都,江東区,大島６丁目,2020-09-24,07,４階建て以上共同住宅,駐車（輪）場,キーなし,なし,原動機付自転車（50cc以下）
566,窃盗,オートバイ盗,城東,亀戸交番,131083,東京都,江東区,亀戸７丁目,2020-01-10,18,４階建て以上共同住宅,駐車（輪）場,キーなし,なし,自動二輪（50cc超）
567,窃盗,オートバイ盗,城東,亀戸交番,131083,東京都,江東区,亀戸９丁目,2019-12-29,18,４階建て以上共同住宅,駐車（輪）場,キーなし,あり,自動二輪（50cc超）
568,窃盗,オートバイ盗,城東,天神橋交番,131083,東京都,江東区,亀戸３丁目,2020-04-26,14,その他,駐車（輪）場,キーなし,なし,原動機付自転車（50cc以下）
569,窃盗,オートバイ盗,城東,亀戸駅前交番,131083,東京都,江東区,亀戸５丁目,2020-01-05,09,道路上,その他,キーなし,なし,原動機付自転車（50cc以下）
570,窃盗,オートバイ盗,城東,東大島駅前交番,131083,東京都,江東区,大島９丁目,2020-03-23,19,駐車（輪）場,駐車（輪）場,キーなし,なし,原動機付自転車（50cc以下）
571,窃盗,オートバイ盗,本所,両国交番,131075,東京都,墨田区,両国４丁目,2018-08-10,08,その他,駐車（輪）場,キーなし,なし,自動二輪（50cc超）
572,窃盗,オートバイ盗,本所,錦糸町駅南口交番,131075,東京都,墨田区,江東橋２丁目,2020-04-04,13,道路上,その他,キーなし,なし,原動機付自転車（50cc以下）
573,窃盗,オートバイ盗,本所,錦糸町駅北口交番,131075,東京都,墨田区,錦糸４丁目,2020-05-13,21,駐車（輪）場,駐車（輪）場,キーなし,なし,自動二輪（50cc超）
574,窃盗,オートバイ盗,亀有,小菅交番,131229,東京都,葛飾区,小菅３丁目,2020-05-30,16,その他,駐車（輪）場,キーなし,なし,自動二輪（50cc超）
575,窃盗,オートバイ盗,亀有,堀切七丁目交番,131229,東京都,葛飾区,堀切８丁目,2019-09-26,17,４階建て以上共同住宅,駐車（輪）場,キーなし,なし,原動機付自転車（50cc以下）
576,窃盗,オートバイ盗,亀有,青戸交番,131229,東京都,葛飾区,亀有１丁目,2020-06-06,11,道路上,その他,キーなし,なし,自動二輪（50cc超）
577,窃盗,オートバイ盗,亀有,亀有駅南口交番,131229,東京都,葛飾区,金町４丁目,2020-03-17,06,駐車（輪）場,駐車（輪）場,キーなし,なし,自動二輪（50cc超）
578,窃盗,オートバイ盗,亀有,亀有駅南口交番,131229,東京都,葛飾区,亀有２丁目,2020-04-03,17,道路上,その他,キーなし,なし,自動二輪（50cc超）
579,窃盗,オートバイ盗,亀有,西亀有交番,131229,東京都,葛飾区,亀有４丁目,2020-03-26,18,４階建て以上共同住宅,駐車（輪）場,キーなし,なし,原動機付自転車（50cc以下）
580,窃盗,オートバイ盗,亀有,西亀有交番,131229,東京都,葛飾区,亀有４丁目,2020-05-06,15,４階建て以上共同住宅,駐車（輪）場,キーなし,なし,自動二輪（50cc超）
581,窃盗,オートバイ盗,亀有,亀田橋駐在所,131229,東京都,葛飾区,高砂８丁目,2014-05-15,22,その他の住宅（３階建て以下共同住宅等）,駐車（輪）場,キーなし,なし,自動二輪（50cc超）
582,窃盗,オートバイ盗,亀有,金町駅北口交番,131229,東京都,葛飾区,東金町１丁目,2020-08-24,13,その他,駐車（輪）場,キーなし,なし,自動二輪（50cc超）
583,窃盗,オートバイ盗,亀有,金町駅北口交番,131229,東京都,葛飾区,東金町１丁目,2020-10-11,07,４階建て以上共同住宅,駐車（輪）場,キーなし,なし,原動機付自転車（50cc以下）
584,窃盗,オートバイ盗,亀有,金町駅北口交番,131229,東京都,葛飾区,東金町２丁目,2020-09-15,17,４階建て以上共同住宅,駐車（輪）場,キーなし,なし,なし
585,窃盗,オートバイ盗,亀有,西水元駐在所,131229,東京都,葛飾区,水元５丁目,2020-09-19,08,駐車（輪）場,駐車（輪）場,キーなし,あり,自動二輪（50cc超）
586,窃盗,オートバイ盗,亀有,水元駐在所,131229,東京都,葛飾区,西水元１丁目,2020-11-13,22,一戸建住宅,駐車（輪）場,キーなし,あり,原動機付自転車（50cc以下）
587,窃盗,オートバイ盗,亀有,南水元交番,131229,東京都,葛飾区,新宿６丁目,2020-04-17,16,その他,その他,キーなし,なし,自動二輪（50cc超）
588,窃盗,オートバイ盗,亀有,葛三橋交番,131229,東京都,葛飾区,東水元３丁目,2020-05-23,13,道路上,その他,キーなし,なし,原動機付自転車（50cc以下）
589,窃盗,オートバイ盗,亀有,葛三橋交番,131229,東京都,葛飾区,東水元５丁目,2020-07-01,04,４階建て以上共同住宅,駐車（輪）場,キーなし,なし,自動二輪（50cc超）
590,窃盗,オートバイ盗,亀有,葛三橋交番,131229,東京都,葛飾区,東水元６丁目,2020-06-26,19,一戸建住宅,その他,キーなし,なし,自動二輪（50cc超）
591,窃盗,オートバイ盗,亀有,葛三橋交番,131229,東京都,葛飾区,水元２丁目,2019-09-01,不明,その他の住宅（３階建て以下共同住宅等）,駐車（輪）場,キーなし,なし,自動二輪（50cc超）
592,窃盗,オートバイ盗,葛飾,たつみ橋交番,131229,東京都,葛飾区,西新小岩１丁目,2020-01-19,15,その他,駐車（輪）場,キーなし,なし,原動機付自転車（50cc以下）
593,窃盗,オートバイ盗,葛飾,たつみ橋交番,131229,東京都,葛飾区,東新小岩１丁目,2020-03-10,13,４階建て以上共同住宅,駐車（輪）場,キーなし,なし,自動二輪（50cc超）
594,窃盗,オートバイ盗,葛飾,四ツ木駅前交番,131229,東京都,葛飾区,東四つ木４丁目,2020-02-19,19,一戸建住宅,駐車（輪）場,キーなし,なし,自動二輪（50cc超）
595,窃盗,オートバイ盗,葛飾,奥戸交番,131229,東京都,葛飾区,奥戸５丁目,2020-05-08,07,４階建て以上共同住宅,駐車（輪）場,キーなし,なし,自動二輪（50cc超）
596,窃盗,オートバイ盗,葛飾,奥戸交番,131229,東京都,葛飾区,奥戸５丁目,2020-05-10,15,その他の住宅（３階建て以下共同住宅等）,駐車（輪）場,キーなし,なし,自動二輪（50cc超）
597,窃盗,オートバイ盗,葛飾,奥戸交番,131229,東京都,葛飾区,奥戸８丁目,2020-02-21,18,一戸建住宅,駐車（輪）場,キーなし,あり,自動二輪（50cc超）
598,窃盗,オートバイ盗,葛飾,奥戸交番,131229,東京都,葛飾区,奥戸８丁目,2020-03-11,19,その他の住宅（３階建て以下共同住宅等）,駐車（輪）場,キーなし,なし,自動二輪（50cc超）
599,窃盗,オートバイ盗,葛飾,奥戸交番,131229,東京都,葛飾区,奥戸８丁目,2020-10-07,20,一戸建住宅,その他,キーなし,なし,自動二輪（50cc超）
600,窃盗,オートバイ盗,小松川,小松川四丁目交番,131237,東京都,江戸川区,小松川３丁目,2020-11-19,18,４階建て以上共同住宅,駐車（輪）場,キーなし,なし,原動機付自転車（50cc以下）
601,窃盗,オートバイ盗,小松川,八蔵橋交番,131237,東京都,江戸川区,大杉４丁目,2019-08-21,不明,道路上,その他,キーなし,なし,自動二輪（50cc超）
602,窃盗,オートバイ盗,小松川,八蔵橋交番,131237,東京都,江戸川区,大杉５丁目,2020-03-02,12,道路上,その他,キーなし,なし,自動二輪（50cc超）
603,窃盗,オートバイ盗,小松川,八蔵橋交番,131237,東京都,江戸川区,大杉５丁目,2020-09-18,18,４階建て以上共同住宅,駐車（輪）場,キーなし,なし,自動二輪（50cc超）
604,窃盗,オートバイ盗,小松川,京葉通交番,131237,東京都,江戸川区,大杉２丁目,2020-09-04,19,その他の住宅（３階建て以下共同住宅等）,駐車（輪）場,キーなし,なし,原動機付自転車（50cc以下）
605,窃盗,オートバイ盗,小松川,松江交番,131237,東京都,江戸川区,松江６丁目,2019-06-01,00,４階建て以上共同住宅,駐車（輪）場,キーなし,なし,自動二輪（50cc超）
606,窃盗,オートバイ盗,小松川,今井交番,131237,東京都,江戸川区,西瑞江４丁目,2020-04-12,23,４階建て以上共同住宅,駐車（輪）場,キーなし,あり,自動二輪（50cc超）
607,窃盗,オートバイ盗,小松川,南篠崎交番,131237,東京都,江戸川区,江戸川１丁目,2020-05-14,04,その他の住宅（３階建て以下共同住宅等）,駐車（輪）場,キーなし,なし,自動二輪（50cc超）
608,窃盗,オートバイ盗,小松川,南篠崎交番,131237,東京都,江戸川区,南篠崎町１丁目,2020-02-17,13,４階建て以上共同住宅,駐車（輪）場,キーなし,なし,自動二輪（50cc超）
609,窃盗,オートバイ盗,小松川,東小松川交番,131237,東京都,江戸川区,東小松川４丁目,2020-03-24,18,その他,駐車（輪）場,キーなし,なし,原動機付自転車（50cc以下）
610,窃盗,オートバイ盗,小松川,東瑞江交番,131237,東京都,江戸川区,江戸川２丁目,2020-12-19,18,４階建て以上共同住宅,駐車（輪）場,キーなし,なし,原動機付自転車（50cc以下）
611,窃盗,オートバイ盗,小松川,瑞江駅前交番,131237,東京都,江戸川区,南篠崎町３丁目,2019-12-01,17,その他,駐車（輪）場,キーなし,なし,自動二輪（50cc超）
612,窃盗,オートバイ盗,小松川,瑞江駅前交番,131237,東京都,江戸川区,南篠崎町３丁目,2020-04-21,不明,４階建て以上共同住宅,駐車（輪）場,キーなし,なし,自動二輪（50cc超）
613,窃盗,オートバイ盗,小岩,菅原橋交番,131237,東京都,江戸川区,本一色２丁目,2020-09-11,08,その他の住宅（３階建て以下共同住宅等）,駐車（輪）場,キーなし,あり,自動二輪（50cc超）
614,窃盗,オートバイ盗,小岩,鹿骨交番,131237,東京都,江戸川区,鹿骨１丁目,2020-10-13,05,道路上,その他,キーなし,あり,自動二輪（50cc超）
615,窃盗,オートバイ盗,葛西,船堀駅前交番,131237,東京都,江戸川区,北葛西１丁目,2020-09-30,19,道路上,その他,キーなし,なし,自動二輪（50cc超）
616,窃盗,オートバイ盗,葛西,船堀駅前交番,131237,東京都,江戸川区,船堀６丁目,2020-10-05,22,４階建て以上共同住宅,駐車（輪）場,キーなし,なし,原動機付自転車（50cc以下）
617,窃盗,オートバイ盗,葛西,船堀駅前交番,131237,東京都,江戸川区,船堀６丁目,2020-10-20,19,４階建て以上共同住宅,その他,キーなし,なし,自動二輪（50cc超）
618,窃盗,オートバイ盗,葛西,南葛西交番,131237,東京都,江戸川区,南葛西５丁目,2018-03-10,18,道路上,その他,キーなし,なし,自動二輪（50cc超）
619,窃盗,オートバイ盗,葛西,南葛西交番,131237,東京都,江戸川区,南葛西５丁目,2020-06-13,22,４階建て以上共同住宅,駐車（輪）場,キーなし,なし,自動二輪（50cc超）
620,窃盗,オートバイ盗,葛西,南葛西交番,131237,東京都,江戸川区,南葛西７丁目,2020-05-11,18,４階建て以上共同住宅,駐車（輪）場,キーなし,なし,自動二輪（50cc超）
621,窃盗,オートバイ盗,葛西,清新町交番,131237,東京都,江戸川区,清新町２丁目,2019-08-15,13,４階建て以上共同住宅,駐車（輪）場,キーなし,なし,自動二輪（50cc超）
622,窃盗,オートバイ盗,葛西,葛西駅前交番,131237,東京都,江戸川区,東葛西６丁目,2020-12-13,22,その他の住宅（３階建て以下共同住宅等）,その他,キーなし,あり,自動二輪（50cc超）
623,窃盗,オートバイ盗,葛西,臨海公園交番,131237,東京都,江戸川区,南葛西５丁目,2020-01-04,00,４階建て以上共同住宅,駐車（輪）場,キーなし,あり,自動二輪（50cc超）
624,窃盗,オートバイ盗,南大沢,北野駅前交番,132012,東京都,八王子市,北野町,2020-06-03,19,４階建て以上共同住宅,駐車（輪）場,キーなし,なし,自動二輪（50cc超）
625,窃盗,オートバイ盗,南大沢,北野駅前交番,132012,東京都,八王子市,長沼町,2020-04-21,20,４階建て以上共同住宅,駐車（輪）場,キーなし,なし,自動二輪（50cc超）
626,窃盗,オートバイ盗,南大沢,北野駅前交番,132012,東京都,八王子市,長沼町,2020-09-02,16,４階建て以上共同住宅,駐車（輪）場,キーなし,なし,原動機付自転車（50cc以下）
627,窃盗,オートバイ盗,南大沢,下柚木交番,132012,東京都,八王子市,越野,2020-07-19,17,その他,駐車（輪）場,キーなし,なし,原動機付自転車（50cc以下）
628,窃盗,オートバイ盗,南大沢,下柚木交番,132012,東京都,八王子市,下柚木２丁目,2020-06-20,16,その他の住宅（３階建て以下共同住宅等）,駐車（輪）場,キーなし,なし,原動機付自転車（50cc以下）
629,窃盗,オートバイ盗,南大沢,下柚木交番,132012,東京都,八王子市,下柚木３丁目,2020-11-10,09,４階建て以上共同住宅,駐車（輪）場,キーなし,なし,原動機付自転車（50cc以下）
630,窃盗,オートバイ盗,南大沢,松が谷交番,132012,東京都,八王子市,大塚,2020-01-28,20,その他の住宅（３階建て以下共同住宅等）,駐車（輪）場,キーなし,なし,原動機付自転車（50cc以下）
631,窃盗,オートバイ盗,南大沢,堀之内駅前交番,132012,東京都,八王子市,別所１丁目,2019-06-16,00,４階建て以上共同住宅,駐車（輪）場,キーなし,なし,原動機付自転車（50cc以下）
632,窃盗,オートバイ盗,南大沢,堀之内駅前交番,132012,東京都,八王子市,堀之内２丁目,2019-12-26,10,その他の住宅（３階建て以下共同住宅等）,駐車（輪）場,キーなし,なし,原動機付自転車（50cc以下）
633,窃盗,オートバイ盗,南大沢,堀之内駅前交番,132012,東京都,八王子市,堀之内２丁目,2020-11-18,23,４階建て以上共同住宅,駐車（輪）場,キーなし,なし,原動機付自転車（50cc以下）
634,窃盗,オートバイ盗,南大沢,堀之内駅前交番,132012,東京都,八王子市,松木,2020-05-26,11,４階建て以上共同住宅,駐車（輪）場,キーなし,なし,原動機付自転車（50cc以下）
635,窃盗,オートバイ盗,南大沢,南大沢駅前交番,132012,東京都,八王子市,上柚木３丁目,2020-10-14,21,４階建て以上共同住宅,駐車（輪）場,キーなし,なし,原動機付自転車（50cc以下）
636,窃盗,オートバイ盗,南大沢,南大沢駅前交番,132012,東京都,八王子市,松木,2019-05-25,16,その他の住宅（３階建て以下共同住宅等）,駐車（輪）場,キーなし,なし,自動二輪（50cc超）
637,窃盗,オートバイ盗,南大沢,南大沢駅前交番,132012,東京都,八王子市,南大沢２丁目,2020-10-01,17,その他の住宅（３階建て以下共同住宅等）,駐車（輪）場,キーなし,なし,自動二輪（50cc超）
638,窃盗,オートバイ盗,南大沢,南大沢駅前交番,132012,東京都,八王子市,南大沢４丁目,2020-12-18,10,その他の住宅（３階建て以下共同住宅等）,駐車（輪）場,キーなし,なし,原動機付自転車（50cc以下）
639,窃盗,オートバイ盗,南大沢,南大沢駅前交番,132012,東京都,八王子市,南大沢５丁目,2019-08-01,不明,４階建て以上共同住宅,駐車（輪）場,キーなし,なし,原動機付自転車（50cc以下）
640,窃盗,オートバイ盗,南大沢,みなみ野交番,132012,東京都,八王子市,片倉町,2020-06-04,07,その他,駐車（輪）場,キーなし,なし,自動二輪（50cc超）
641,窃盗,オートバイ盗,南大沢,みなみ野交番,132012,東京都,八王子市,片倉町,2020-08-17,14,道路上,その他,キーなし,なし,原動機付自転車（50cc以下）
642,窃盗,オートバイ盗,南大沢,みなみ野交番,132012,東京都,八王子市,小比企町,2020-09-24,不明,４階建て以上共同住宅,駐車（輪）場,キーなし,なし,自動二輪（50cc超）
643,窃盗,オートバイ盗,南大沢,みなみ野交番,132012,東京都,八王子市,みなみ野５丁目,2020-07-01,06,４階建て以上共同住宅,駐車（輪）場,キーなし,なし,原動機付自転車（50cc以下）
644,窃盗,オートバイ盗,南大沢,相原駅前交番,132098,東京都,町田市,相原町,2014-08-11,不明,その他の住宅（３階建て以下共同住宅等）,駐車（輪）場,キーなし,なし,自動二輪（50cc超）
645,窃盗,オートバイ盗,南大沢,相原駅前交番,132098,東京都,町田市,相原町,2019-05-01,12,その他,駐車（輪）場,キーなし,なし,原動機付自転車（50cc以下）
646,窃盗,オートバイ盗,南大沢,堀之内駐在所,132012,東京都,八王子市,東中野,2018-07-01,不明,４階建て以上共同住宅,駐車（輪）場,キーなし,なし,原動機付自転車（50cc以下）
647,窃盗,オートバイ盗,南大沢,上柚木駐在所,132012,東京都,八王子市,鑓水,2020-02-15,22,その他の住宅（３階建て以下共同住宅等）,駐車（輪）場,キーなし,なし,自動二輪（50cc超）
648,窃盗,オートバイ盗,南大沢,上柚木駐在所,132012,東京都,八王子市,鑓水２丁目,2020-07-12,12,４階建て以上共同住宅,駐車（輪）場,キーなし,なし,原動機付自転車（50cc以下）
649,窃盗,オートバイ盗,南大沢,南陽台駐在所,132012,東京都,八王子市,南陽台２丁目,2020-04-27,06,一戸建住宅,駐車（輪）場,キーなし,なし,原動機付自転車（50cc以下）
650,窃盗,オートバイ盗,南大沢,宮上駐在所,132012,東京都,八王子市,上柚木３丁目,2020-06-02,08,４階建て以上共同住宅,駐車（輪）場,キーなし,なし,原動機付自転車（50cc以下）
651,窃盗,オートバイ盗,南大沢,小山駐在所,132098,東京都,町田市,小山ヶ丘１丁目,2020-05-31,03,駐車（輪）場,駐車（輪）場,キーなし,なし,自動二輪（50cc超）
652,窃盗,オートバイ盗,南大沢,相原駐在所,132098,東京都,町田市,小山町,2020-04-26,21,４階建て以上共同住宅,駐車（輪）場,キーなし,なし,自動二輪（50cc超）
653,窃盗,オートバイ盗,南大沢,相原駐在所,132098,東京都,町田市,小山町,2020-10-31,09,その他の住宅（３階建て以下共同住宅等）,駐車（輪）場,キーなし,なし,自動二輪（50cc超）
654,窃盗,オートバイ盗,南大沢,大戸駐在所,132098,東京都,町田市,相原町,2017-06-01,不明,駐車（輪）場,駐車（輪）場,キーなし,なし,原動機付自転車（50cc以下）
655,窃盗,オートバイ盗,高尾,高尾駅前交番,132012,東京都,八王子市,高尾町,2020-04-05,22,駐車（輪）場,駐車（輪）場,キーなし,なし,原動機付自転車（50cc以下）
656,窃盗,オートバイ盗,高尾,高尾駅前交番,132012,東京都,八王子市,狭間町,2020-06-15,12,その他の住宅（３階建て以下共同住宅等）,駐車（輪）場,キーなし,なし,原動機付自転車（50cc以下）
657,窃盗,オートバイ盗,高尾,めじろ台交番,132012,東京都,八王子市,山田町,2020-05-27,20,一戸建住宅,駐車（輪）場,キーなし,なし,自動二輪（50cc超）
658,窃盗,オートバイ盗,高尾,長房町交番,132012,東京都,八王子市,長房町,2020-03-25,13,駐車（輪）場,駐車（輪）場,キーなし,なし,自動二輪（50cc超）
659,窃盗,オートバイ盗,高尾,横川町交番,132012,東京都,八王子市,横川町,2019-12-28,21,一戸建住宅,駐車（輪）場,キーなし,なし,原動機付自転車（50cc以下）
660,窃盗,オートバイ盗,高尾,元八王子交番,132012,東京都,八王子市,元八王子町２丁目,2020-01-02,20,その他の住宅（３階建て以下共同住宅等）,駐車（輪）場,キーなし,なし,原動機付自転車（50cc以下）
661,窃盗,オートバイ盗,高尾,元八王子交番,132012,東京都,八王子市,元八王子町２丁目,2020-05-06,12,その他の住宅（３階建て以下共同住宅等）,駐車（輪）場,キーなし,なし,原動機付自転車（50cc以下）
662,窃盗,オートバイ盗,高尾,館駐在所,132012,東京都,八王子市,館町,2020-10-07,01,その他,駐車（輪）場,キーなし,なし,自動二輪（50cc超）
663,窃盗,オートバイ盗,高尾,寺田団地駐在所,132012,東京都,八王子市,寺田町,2020-02-25,15,その他の住宅（３階建て以下共同住宅等）,駐車（輪）場,キーなし,なし,原動機付自転車（50cc以下）
664,窃盗,オートバイ盗,高尾,西寺方駐在所,132012,東京都,八王子市,下恩方町,2020-02-01,14,４階建て以上共同住宅,駐車（輪）場,キーなし,なし,自動二輪（50cc超）
665,窃盗,オートバイ盗,多摩中央,桜ケ丘駅前交番,132241,東京都,多摩市,一ノ宮１丁目,2019-06-01,17,４階建て以上共同住宅,駐車（輪）場,キーなし,なし,原動機付自転車（50cc以下）
666,窃盗,オートバイ盗,多摩中央,桜ケ丘駅前交番,132241,東京都,多摩市,一ノ宮３丁目,2020-02-14,06,駐車（輪）場,駐車（輪）場,キーなし,なし,自動二輪（50cc超）
667,窃盗,オートバイ盗,多摩中央,愛宕交番,132241,東京都,多摩市,愛宕１丁目,2020-08-21,19,４階建て以上共同住宅,駐車（輪）場,キーなし,なし,自動二輪（50cc超）
668,窃盗,オートバイ盗,多摩中央,愛宕交番,132241,東京都,多摩市,愛宕３丁目,2020-04-08,15,４階建て以上共同住宅,駐車（輪）場,キーなし,なし,原動機付自転車（50cc以下）
669,窃盗,オートバイ盗,多摩中央,愛宕交番,132241,東京都,多摩市,東寺方３丁目,2020-05-25,18,道路上,その他,キーなし,あり,原動機付自転車（50cc以下）
670,窃盗,オートバイ盗,多摩中央,愛宕交番,132241,東京都,多摩市,和田,2020-04-05,11,４階建て以上共同住宅,駐車（輪）場,キーなし,なし,原動機付自転車（50cc以下）
671,窃盗,オートバイ盗,多摩中央,永山駅前交番,132241,東京都,多摩市,諏訪１丁目,2020-09-16,16,一戸建住宅,駐車（輪）場,キーなし,なし,原動機付自転車（50cc以下）
672,窃盗,オートバイ盗,多摩中央,永山駅前交番,132241,東京都,多摩市,諏訪２丁目,2020-09-24,14,４階建て以上共同住宅,駐車（輪）場,キーなし,なし,自動二輪（50cc超）
673,窃盗,オートバイ盗,多摩中央,永山駅前交番,132241,東京都,多摩市,永山６丁目,2020-03-21,01,その他の住宅（３階建て以下共同住宅等）,駐車（輪）場,キーなし,なし,原動機付自転車（50cc以下）
674,窃盗,オートバイ盗,多摩中央,永山駅前交番,132241,東京都,多摩市,馬引沢２丁目,2020-09-10,10,４階建て以上共同住宅,駐車（輪）場,キーなし,なし,原動機付自転車（50cc以下）
675,窃盗,オートバイ盗,多摩中央,永山四丁目交番,132241,東京都,多摩市,諏訪４丁目,2020-09-25,20,４階建て以上共同住宅,駐車（輪）場,キーなし,なし,原動機付自転車（50cc以下）
676,窃盗,オートバイ盗,多摩中央,貝取交番,132241,東京都,多摩市,貝取２丁目,2020-03-14,15,４階建て以上共同住宅,駐車（輪）場,キーなし,なし,自動二輪（50cc超）
677,窃盗,オートバイ盗,多摩中央,貝取交番,132241,東京都,多摩市,貝取３丁目,2019-12-28,20,４階建て以上共同住宅,駐車（輪）場,キーなし,なし,自動二輪（50cc超）
678,窃盗,オートバイ盗,多摩中央,貝取交番,132241,東京都,多摩市,貝取３丁目,2020-03-12,20,４階建て以上共同住宅,駐車（輪）場,キーなし,あり,自動二輪（50cc超）
679,窃盗,オートバイ盗,多摩中央,貝取交番,132241,東京都,多摩市,貝取５丁目,2020-03-17,21,４階建て以上共同住宅,駐車（輪）場,キーなし,なし,原動機付自転車（50cc以下）
680,窃盗,オートバイ盗,多摩中央,多摩センター駅前交番,132241,東京都,多摩市,落合１丁目,2020-03-16,11,駐車（輪）場,駐車（輪）場,キーなし,なし,原動機付自転車（50cc以下）
681,窃盗,オートバイ盗,多摩中央,多摩センター駅前交番,132241,東京都,多摩市,中沢１丁目,2019-12-19,17,その他の住宅（３階建て以下共同住宅等）,駐車（輪）場,キーなし,なし,原動機付自転車（50cc以下）
682,窃盗,オートバイ盗,多摩中央,大丸交番,132250,東京都,稲城市,大丸,2020-09-06,10,駐車（輪）場,駐車（輪）場,キーなし,なし,原動機付自転車（50cc以下）
683,窃盗,オートバイ盗,多摩中央,大丸交番,132250,東京都,稲城市,大丸,2020-10-18,09,駐車（輪）場,駐車（輪）場,キーなし,なし,原動機付自転車（50cc以下）
684,窃盗,オートバイ盗,多摩中央,大丸交番,132250,東京都,稲城市,東長沼,2020-01-25,19,一戸建住宅,駐車（輪）場,キーなし,なし,自動二輪（50cc超）
685,窃盗,オートバイ盗,多摩中央,大丸交番,132250,東京都,稲城市,東長沼,2020-10-13,02,その他の住宅（３階建て以下共同住宅等）,駐車（輪）場,キーなし,なし,原動機付自転車（50cc以下）
686,窃盗,オートバイ盗,多摩中央,矢野口交番,132250,東京都,稲城市,矢野口,2020-11-08,15,その他の住宅（３階建て以下共同住宅等）,駐車（輪）場,キーなし,なし,原動機付自転車（50cc以下）
687,窃盗,オートバイ盗,多摩中央,矢野口交番,132250,東京都,稲城市,矢野口,2020-11-13,05,その他の住宅（３階建て以下共同住宅等）,駐車（輪）場,キーなし,なし,自動二輪（50cc超）
688,窃盗,オートバイ盗,多摩中央,北貝取駐在所,132241,東京都,多摩市,貝取１丁目,2020-03-19,07,４階建て以上共同住宅,駐車（輪）場,キーなし,なし,自動二輪（50cc超）
689,窃盗,オートバイ盗,多摩中央,北貝取駐在所,132241,東京都,多摩市,貝取２丁目,2020-03-12,07,４階建て以上共同住宅,その他,キーなし,なし,自動二輪（50cc超）
690,窃盗,オートバイ盗,多摩中央,北貝取駐在所,132241,東京都,多摩市,豊ケ丘２丁目,2020-09-11,19,４階建て以上共同住宅,駐車（輪）場,キーなし,なし,自動二輪（50cc超）
691,窃盗,オートバイ盗,多摩中央,聖ケ丘駐在所,132241,東京都,多摩市,聖ケ丘１丁目,2020-08-07,17,４階建て以上共同住宅,駐車（輪）場,キーなし,なし,原動機付自転車（50cc以下）
692,窃盗,オートバイ盗,多摩中央,落合六丁目駐在所,132241,東京都,多摩市,落合６丁目,2020-03-13,10,その他の住宅（３階建て以下共同住宅等）,駐車（輪）場,キーなし,なし,原動機付自転車（50cc以下）
693,窃盗,オートバイ盗,多摩中央,落合六丁目駐在所,132241,東京都,多摩市,南野３丁目,2020-03-07,12,道路上,その他,キーなし,なし,自動二輪（50cc超）
694,窃盗,オートバイ盗,多摩中央,向陽台駐在所,132250,東京都,稲城市,向陽台５丁目,2020-02-03,18,４階建て以上共同住宅,駐車（輪）場,キーなし,なし,原動機付自転車（50cc以下）
695,窃盗,オートバイ盗,多摩中央,向陽台駐在所,132250,東京都,稲城市,向陽台５丁目,2020-06-09,05,４階建て以上共同住宅,駐車（輪）場,キーなし,なし,原動機付自転車（50cc以下）
696,窃盗,オートバイ盗,多摩中央,唐木田駅前駐在所,132241,東京都,多摩市,鶴牧２丁目,2020-04-03,15,その他の住宅（３階建て以下共同住宅等）,駐車（輪）場,キーなし,なし,自動二輪（50cc超）
697,窃盗,オートバイ盗,多摩中央,唐木田駅前駐在所,132241,東京都,多摩市,鶴牧６丁目,2020-06-04,22,その他の住宅（３階建て以下共同住宅等）,駐車（輪）場,キーなし,なし,原動機付自転車（50cc以下）
698,窃盗,オートバイ盗,東大和,けやき通交番,132209,東京都,東大和市,清原３丁目,2020-08-25,17,４階建て以上共同住宅,駐車（輪）場,キーなし,なし,原動機付自転車（50cc以下）
699,窃盗,オートバイ盗,東大和,けやき通交番,132209,東京都,東大和市,清原４丁目,2020-05-19,12,４階建て以上共同住宅,駐車（輪）場,キーなし,なし,原動機付自転車（50cc以下）
700,窃盗,オートバイ盗,東大和,けやき通交番,132209,東京都,東大和市,清原４丁目,2020-06-26,10,その他の住宅（３階建て以下共同住宅等）,駐車（輪）場,キーなし,あり,自動二輪（50cc超）
701,窃盗,オートバイ盗,東大和,南街交番,132209,東京都,東大和市,桜が丘１丁目,2020-08-27,19,その他,駐車（輪）場,キーなし,なし,自動二輪（50cc超）
702,窃盗,オートバイ盗,東大和,奈良橋交番,132209,東京都,東大和市,蔵敷３丁目,2020-11-09,18,４階建て以上共同住宅,駐車（輪）場,キーなし,なし,原動機付自転車（50cc以下）
703,窃盗,オートバイ盗,東大和,村山交番,132233,東京都,武蔵村山市,緑が丘,2020-11-08,10,４階建て以上共同住宅,駐車（輪）場,キーなし,なし,原動機付自転車（50cc以下）
704,窃盗,オートバイ盗,東大和,中藤交番,132233,東京都,武蔵村山市,学園１丁目,2020-05-01,18,その他の住宅（３階建て以下共同住宅等）,駐車（輪）場,キーなし,なし,自動二輪（50cc超）
705,窃盗,オートバイ盗,東大和,中藤交番,132233,東京都,武蔵村山市,三ツ藤１丁目,2020-07-04,05,駐車（輪）場,駐車（輪）場,キーなし,なし,自動二輪（50cc超）
706,窃盗,オートバイ盗,東大和,三ツ木交番,132233,東京都,武蔵村山市,残堀５丁目,2020-05-12,16,その他の住宅（３階建て以下共同住宅等）,駐車（輪）場,キーなし,なし,原動機付自転車（50cc以下）
707,窃盗,オートバイ盗,東大和,三ツ木交番,132233,東京都,武蔵村山市,岸３丁目,2020-01-18,22,その他の住宅（３階建て以下共同住宅等）,駐車（輪）場,キーなし,なし,自動二輪（50cc超）
708,窃盗,オートバイ盗,東大和,三ツ木交番,132233,東京都,武蔵村山市,中原４丁目,2020-07-25,13,その他の住宅（３階建て以下共同住宅等）,駐車（輪）場,キーなし,なし,自動二輪（50cc超）
709,窃盗,オートバイ盗,東大和,高木駐在所,132209,東京都,東大和市,狭山４丁目,2020-05-01,19,４階建て以上共同住宅,駐車（輪）場,キーなし,なし,原動機付自転車（50cc以下）
710,窃盗,オートバイ盗,東大和,高木駐在所,132209,東京都,東大和市,高木１丁目,2019-05-24,08,その他の住宅（３階建て以下共同住宅等）,駐車（輪）場,キーなし,なし,原動機付自転車（50cc以下）
711,窃盗,オートバイ盗,東大和,蔵敷駐在所,132209,東京都,東大和市,蔵敷２丁目,2020-08-10,19,一戸建住宅,駐車（輪）場,キーなし,なし,自動二輪（50cc超）
712,窃盗,オートバイ盗,東大和,残堀駐在所,132233,東京都,武蔵村山市,伊奈平４丁目,2020-03-05,20,その他の住宅（３階建て以下共同住宅等）,駐車（輪）場,キーなし,なし,自動二輪（50cc超）
713,窃盗,オートバイ盗,青梅,東青梅駅前交番,132055,東京都,青梅市,勝沼２丁目,2020-02-03,12,一戸建住宅,駐車（輪）場,キーなし,なし,自動二輪（50cc超）
714,窃盗,オートバイ盗,青梅,千ケ瀬駐在所,132055,東京都,青梅市,千ヶ瀬町２丁目,2020-01-28,08,その他の住宅（３階建て以下共同住宅等）,駐車（輪）場,キーなし,なし,自動二輪（50cc超）
715,窃盗,オートバイ盗,青梅,千ケ瀬駐在所,132055,東京都,青梅市,千ヶ瀬町３丁目,2020-02-23,13,その他,駐車（輪）場,キーなし,なし,自動二輪（50cc超）
716,窃盗,オートバイ盗,青梅,下長淵駐在所,132055,東京都,青梅市,長淵４丁目,2020-02-08,14,駐車（輪）場,駐車（輪）場,キーなし,なし,自動二輪（50cc超）
717,窃盗,オートバイ盗,青梅,河辺駐在所,132055,東京都,青梅市,河辺町１丁目,2020-11-05,19,４階建て以上共同住宅,駐車（輪）場,キーなし,なし,原動機付自転車（50cc以下）
718,窃盗,オートバイ盗,青梅,友田駐在所,132055,東京都,青梅市,友田町３丁目,2016-10-20,11,その他の住宅（３階建て以下共同住宅等）,駐車（輪）場,キーなし,なし,原動機付自転車（50cc以下）
719,窃盗,オートバイ盗,青梅,大門駐在所,132055,東京都,青梅市,大門２丁目,2020-01-29,18,その他の住宅（３階建て以下共同住宅等）,その他,キーなし,なし,自動二輪（50cc超）
720,窃盗,オートバイ盗,青梅,今寺駐在所,132055,東京都,青梅市,今寺４丁目,2020-07-01,18,その他の住宅（３階建て以下共同住宅等）,駐車（輪）場,キーなし,なし,原動機付自転車（50cc以下）
721,窃盗,オートバイ盗,青梅,今寺駐在所,132055,東京都,青梅市,今寺４丁目,2020-10-29,15,その他の住宅（３階建て以下共同住宅等）,駐車（輪）場,キーなし,なし,自動二輪（50cc超）
722,窃盗,オートバイ盗,青梅,今寺駐在所,132055,東京都,青梅市,藤橋２丁目,2020-05-31,19,駐車（輪）場,駐車（輪）場,キーなし,なし,原動機付自転車（50cc以下）
723,窃盗,オートバイ盗,青梅,新町交番,132055,東京都,青梅市,新町３丁目,2020-07-04,14,その他の住宅（３階建て以下共同住宅等）,駐車（輪）場,キーなし,なし,原動機付自転車（50cc以下）
724,窃盗,オートバイ盗,青梅,新町交番,132055,東京都,青梅市,新町３丁目,2020-12-16,07,その他の住宅（３階建て以下共同住宅等）,駐車（輪）場,キーなし,なし,原動機付自転車（50cc以下）
725,窃盗,オートバイ盗,青梅,新町交番,132055,東京都,青梅市,野上町３丁目,2020-03-01,15,その他の住宅（３階建て以下共同住宅等）,駐車（輪）場,キーなし,なし,原動機付自転車（50cc以下）
726,窃盗,オートバイ盗,青梅,東成木駐在所,132055,東京都,青梅市,成木２丁目,2019-12-23,08,道路上,その他,キーなし,なし,原動機付自転車（50cc以下）
727,窃盗,オートバイ盗,青梅,東成木駐在所,132055,東京都,青梅市,成木３丁目,2020-01-10,12,その他,駐車（輪）場,キーなし,なし,原動機付自転車（50cc以下）
728,窃盗,オートバイ盗,青梅,畑中駐在所,132055,東京都,青梅市,畑中２丁目,2020-12-22,08,その他の住宅（３階建て以下共同住宅等）,駐車（輪）場,キーなし,なし,原動機付自転車（50cc以下）
729,窃盗,オートバイ盗,五日市,五日市駅前交番,132284,東京都,あきる野市,舘谷台,2020-06-08,12,駐車（輪）場,駐車（輪）場,キーなし,なし,原動機付自転車（50cc以下）
730,窃盗,オートバイ盗,五日市,五日市駅前交番,132284,東京都,あきる野市,舘谷台,2020-06-09,18,駐車（輪）場,駐車（輪）場,キーなし,なし,原動機付自転車（50cc以下）
731,窃盗,オートバイ盗,五日市,伊奈駐在所,132284,東京都,あきる野市,伊奈,2020-02-09,17,一戸建住宅,駐車（輪）場,キーなし,なし,自動二輪（50cc超）
732,窃盗,オートバイ盗,五日市,山田駐在所,132284,東京都,あきる野市,伊奈,2020-01-22,05,駐車（輪）場,駐車（輪）場,キーなし,なし,原動機付自転車（50cc以下）
733,窃盗,オートバイ盗,福生,福生駅前交番,132187,東京都,福生市,南田園１丁目,2020-04-02,19,一戸建住宅,その他,キーなし,なし,自動二輪（50cc超）
734,窃盗,オートバイ盗,福生,福生駅前交番,132187,東京都,福生市,武蔵野台２丁目,2020-10-02,23,一戸建住宅,その他,キーなし,なし,自動二輪（50cc超）
735,窃盗,オートバイ盗,福生,横田交番,132187,東京都,福生市,大字熊川,2020-04-18,12,その他の住宅（３階建て以下共同住宅等）,駐車（輪）場,キーなし,なし,自動二輪（50cc超）
736,窃盗,オートバイ盗,福生,内出交番,132187,東京都,福生市,大字熊川,2017-06-15,14,４階建て以上共同住宅,その他,キーなし,あり,自動二輪（50cc超）
737,窃盗,オートバイ盗,福生,内出交番,132187,東京都,福生市,大字熊川,2020-03-15,15,その他の住宅（３階建て以下共同住宅等）,駐車（輪）場,キーなし,なし,原動機付自転車（50cc以下）
738,窃盗,オートバイ盗,福生,内出交番,132187,東京都,福生市,大字熊川,2020-04-08,19,その他の住宅（３階建て以下共同住宅等）,駐車（輪）場,キーなし,なし,原動機付自転車（50cc以下）
739,窃盗,オートバイ盗,福生,中福生駐在所,132187,東京都,福生市,北田園２丁目,2020-11-05,18,４階建て以上共同住宅,駐車（輪）場,キーなし,なし,自動二輪（50cc超）
740,窃盗,オートバイ盗,福生,羽村西駐在所,132276,東京都,羽村市,羽西１丁目,2020-04-21,21,その他の住宅（３階建て以下共同住宅等）,駐車（輪）場,キーなし,なし,原動機付自転車（50cc以下）
741,窃盗,オートバイ盗,福生,神明台交番,132276,東京都,羽村市,神明台３丁目,2020-01-26,06,４階建て以上共同住宅,駐車（輪）場,キーなし,なし,自動二輪（50cc超）
742,窃盗,オートバイ盗,福生,神明台交番,132276,東京都,羽村市,神明台３丁目,2020-01-30,20,４階建て以上共同住宅,駐車（輪）場,キーなし,なし,自動二輪（50cc超）
743,窃盗,オートバイ盗,福生,神明台交番,132276,東京都,羽村市,神明台３丁目,2020-07-01,17,一戸建住宅,その他,キーなし,なし,原動機付自転車（50cc以下）
744,窃盗,オートバイ盗,福生,野辺駐在所,132284,東京都,あきる野市,野辺,2020-12-07,10,駐車（輪）場,駐車（輪）場,キーなし,なし,自動二輪（50cc超）
745,窃盗,オートバイ盗,福生,五ノ神駐在所,132276,東京都,羽村市,富士見平１丁目,2020-05-08,17,４階建て以上共同住宅,その他,キーなし,なし,原動機付自転車（50cc以下）
746,窃盗,オートバイ盗,八王子,西八王子駅前交番,132012,東京都,八王子市,千人町２丁目,2020-01-01,不明,４階建て以上共同住宅,駐車（輪）場,キーなし,なし,原動機付自転車（50cc以下）
747,窃盗,オートバイ盗,八王子,中野交番,132012,東京都,八王子市,八幡町,2020-03-02,18,４階建て以上共同住宅,駐車（輪）場,キーなし,なし,原動機付自転車（50cc以下）
748,窃盗,オートバイ盗,八王子,富士森交番,132012,東京都,八王子市,緑町,2019-12-26,09,駐車（輪）場,駐車（輪）場,キーなし,なし,原動機付自転車（50cc以下）
749,窃盗,オートバイ盗,八王子,富士森交番,132012,東京都,八王子市,台町１丁目,2020-02-06,09,一戸建住宅,駐車（輪）場,キーなし,なし,原動機付自転車（50cc以下）
750,窃盗,オートバイ盗,八王子,富士森交番,132012,東京都,八王子市,台町３丁目,2020-12-11,00,その他の住宅（３階建て以下共同住宅等）,駐車（輪）場,キーなし,なし,自動二輪（50cc超）
751,窃盗,オートバイ盗,八王子,八王子駅南口交番,132012,東京都,八王子市,子安町２丁目,2020-10-27,23,４階建て以上共同住宅,駐車（輪）場,キーなし,なし,原動機付自転車（50cc以下）
752,窃盗,オートバイ盗,八王子,八王子駅北口交番,132012,東京都,八王子市,旭町,2019-09-17,09,その他,駐車（輪）場,キーなし,なし,原動機付自転車（50cc以下）
753,窃盗,オートバイ盗,八王子,八王子駅北口交番,132012,東京都,八王子市,旭町,2020-09-22,12,駐車（輪）場,駐車（輪）場,キーなし,なし,原動機付自転車（50cc以下）
754,窃盗,オートバイ盗,八王子,八王子駅北口交番,132012,東京都,八王子市,旭町,2020-11-08,14,駐車（輪）場,駐車（輪）場,キーなし,なし,原動機付自転車（50cc以下）
755,窃盗,オートバイ盗,八王子,八王子駅北口交番,132012,東京都,八王子市,旭町,2020-12-02,12,駐車（輪）場,駐車（輪）場,キーなし,なし,原動機付自転車（50cc以下）
756,窃盗,オートバイ盗,八王子,八王子駅北口交番,132012,東京都,八王子市,旭町,2020-12-05,08,駐車（輪）場,駐車（輪）場,キーなし,なし,自動二輪（50cc超）
757,窃盗,オートバイ盗,八王子,八王子駅北口交番,132012,東京都,八王子市,東町,2019-12-22,04,その他,その他,キーなし,なし,原動機付自転車（50cc以下）
758,窃盗,オートバイ盗,八王子,稲荷坂交番,132012,東京都,八王子市,中野山王１丁目,2019-08-08,12,駐車（輪）場,駐車（輪）場,キーなし,なし,自動二輪（50cc超）
759,窃盗,オートバイ盗,八王子,小宮町駐在所,132012,東京都,八王子市,小宮町,2020-09-29,22,その他の住宅（３階建て以下共同住宅等）,駐車（輪）場,キーなし,なし,自動二輪（50cc超）
760,窃盗,オートバイ盗,八王子,石川駐在所,132012,東京都,八王子市,石川町,2020-10-03,00,一戸建住宅,駐車（輪）場,キーなし,なし,原動機付自転車（50cc以下）
761,窃盗,オートバイ盗,八王子,石川駐在所,132012,東京都,八王子市,宇津木町,2020-09-29,21,一戸建住宅,駐車（輪）場,キーなし,なし,自動二輪（50cc超）
762,窃盗,オートバイ盗,八王子,犬目交番,132012,東京都,八王子市,楢原町,2020-03-01,不明,その他の住宅（３階建て以下共同住宅等）,駐車（輪）場,キーなし,なし,原動機付自転車（50cc以下）
763,窃盗,オートバイ盗,八王子,犬目交番,132012,東京都,八王子市,犬目町,2020-04-28,19,その他の住宅（３階建て以下共同住宅等）,駐車（輪）場,キーなし,なし,自動二輪（50cc超）
764,窃盗,オートバイ盗,八王子,犬目交番,132012,東京都,八王子市,楢原町,2020-03-27,10,その他の住宅（３階建て以下共同住宅等）,駐車（輪）場,キーなし,なし,原動機付自転車（50cc以下）
765,窃盗,オートバイ盗,八王子,丹木駐在所,132012,東京都,八王子市,丹木町１丁目,2019-07-01,08,その他の住宅（３階建て以下共同住宅等）,駐車（輪）場,キーなし,なし,原動機付自転車（50cc以下）
766,窃盗,オートバイ盗,八王子,丹木駐在所,132012,東京都,八王子市,丹木町１丁目,2019-08-01,不明,その他,駐車（輪）場,キーなし,なし,原動機付自転車（50cc以下）
767,窃盗,オートバイ盗,八王子,久保山駐在所,132012,東京都,八王子市,久保山町１丁目,2020-06-03,18,４階建て以上共同住宅,駐車（輪）場,キーなし,なし,自動二輪（50cc超）
768,窃盗,オートバイ盗,町田,町田駅前交番,132098,東京都,町田市,森野１丁目,2020-01-27,07,駐車（輪）場,駐車（輪）場,キーなし,なし,原動機付自転車（50cc以下）
769,窃盗,オートバイ盗,町田,町田駅前交番,132098,東京都,町田市,森野１丁目,2020-07-14,08,駐車（輪）場,駐車（輪）場,キーなし,なし,原動機付自転車（50cc以下）
770,窃盗,オートバイ盗,町田,町田駅前交番,132098,東京都,町田市,森野１丁目,2020-09-28,17,駐車（輪）場,駐車（輪）場,キーなし,なし,原動機付自転車（50cc以下）
771,窃盗,オートバイ盗,町田,町田駅前交番,132098,東京都,町田市,森野２丁目,2019-01-13,20,４階建て以上共同住宅,駐車（輪）場,キーなし,なし,原動機付自転車（50cc以下）
772,窃盗,オートバイ盗,町田,町田駅前交番,132098,東京都,町田市,森野２丁目,2020-05-15,09,４階建て以上共同住宅,駐車（輪）場,キーなし,なし,原動機付自転車（50cc以下）
773,窃盗,オートバイ盗,町田,中町交番,132098,東京都,町田市,中町１丁目,2020-05-28,11,４階建て以上共同住宅,駐車（輪）場,キーなし,なし,原動機付自転車（50cc以下）
774,窃盗,オートバイ盗,町田,中町交番,132098,東京都,町田市,中町２丁目,2018-01-15,00,４階建て以上共同住宅,駐車（輪）場,キーなし,なし,自動二輪（50cc超）
775,窃盗,オートバイ盗,町田,中町交番,132098,東京都,町田市,森野５丁目,2020-05-20,07,４階建て以上共同住宅,駐車（輪）場,キーなし,なし,自動二輪（50cc超）
776,窃盗,オートバイ盗,町田,中町交番,132098,東京都,町田市,高ヶ坂３丁目,2020-03-31,19,駐車（輪）場,駐車（輪）場,キーなし,なし,原動機付自転車（50cc以下）
777,窃盗,オートバイ盗,町田,原町田交番,132098,東京都,町田市,森野５丁目,2019-09-11,00,その他の住宅（３階建て以下共同住宅等）,駐車（輪）場,キーなし,なし,自動二輪（50cc超）
778,窃盗,オートバイ盗,町田,金森交番,132098,東京都,町田市,金森３丁目,2020-06-19,23,一戸建住宅,駐車（輪）場,キーなし,なし,自動二輪（50cc超）
779,窃盗,オートバイ盗,町田,金森交番,132098,東京都,町田市,金森７丁目,2020-09-13,17,一戸建住宅,駐車（輪）場,キーなし,なし,自動二輪（50cc超）
780,窃盗,オートバイ盗,町田,金森交番,132098,東京都,町田市,金井７丁目,2018-02-01,19,４階建て以上共同住宅,駐車（輪）場,キーなし,なし,原動機付自転車（50cc以下）
781,窃盗,オートバイ盗,町田,金森交番,132098,東京都,町田市,金森東１丁目,2020-07-02,18,その他,その他,キーなし,なし,原動機付自転車（50cc以下）
782,窃盗,オートバイ盗,町田,鶴間交番,132098,東京都,町田市,鶴間３丁目,2019-09-10,00,４階建て以上共同住宅,駐車（輪）場,キーなし,なし,自動二輪（50cc超）
783,窃盗,オートバイ盗,町田,鶴間交番,132098,東京都,町田市,南町田５丁目,2016-10-10,00,道路上,その他,キーなし,なし,原動機付自転車（50cc以下）
784,窃盗,オートバイ盗,町田,成瀬駐在所,132098,東京都,町田市,成瀬１丁目,2020-06-09,17,その他の住宅（３階建て以下共同住宅等）,駐車（輪）場,キーなし,なし,原動機付自転車（50cc以下）
785,窃盗,オートバイ盗,町田,成瀬駐在所,132098,東京都,町田市,成瀬２丁目,2020-03-12,20,その他の住宅（３階建て以下共同住宅等）,駐車（輪）場,キーなし,なし,原動機付自転車（50cc以下）
786,窃盗,オートバイ盗,町田,成瀬駐在所,132098,東京都,町田市,成瀬７丁目,2020-09-28,21,４階建て以上共同住宅,駐車（輪）場,キーなし,なし,原動機付自転車（50cc以下）
787,窃盗,オートバイ盗,町田,成瀬駐在所,132098,東京都,町田市,西成瀬２丁目,2020-03-10,12,その他の住宅（３階建て以下共同住宅等）,駐車（輪）場,キーなし,なし,原動機付自転車（50cc以下）
788,窃盗,オートバイ盗,町田,南大谷駐在所,132098,東京都,町田市,南大谷,2020-06-14,09,駐車（輪）場,駐車（輪）場,キーなし,なし,原動機付自転車（50cc以下）
789,窃盗,オートバイ盗,町田,南大谷駐在所,132098,東京都,町田市,南大谷,2020-09-20,09,その他の住宅（３階建て以下共同住宅等）,その他,キーなし,なし,自動二輪（50cc超）
790,窃盗,オートバイ盗,町田,玉川学園駐在所,132098,東京都,町田市,玉川学園５丁目,2020-09-24,18,一戸建住宅,駐車（輪）場,キーなし,なし,原動機付自転車（50cc以下）
791,窃盗,オートバイ盗,町田,本町田交番,132098,東京都,町田市,本町田,2020-05-30,21,４階建て以上共同住宅,駐車（輪）場,キーなし,なし,原動機付自転車（50cc以下）
792,窃盗,オートバイ盗,町田,本町田交番,132098,東京都,町田市,本町田,2020-07-26,16,その他の住宅（３階建て以下共同住宅等）,駐車（輪）場,キーなし,なし,原動機付自転車（50cc以下）
793,窃盗,オートバイ盗,町田,本町田交番,132098,東京都,町田市,本町田,2020-09-21,18,４階建て以上共同住宅,駐車（輪）場,キーなし,なし,自動二輪（50cc超）
794,窃盗,オートバイ盗,町田,本町田交番,132098,東京都,町田市,本町田,2020-09-23,21,一戸建住宅,駐車（輪）場,キーなし,なし,原動機付自転車（50cc以下）
795,窃盗,オートバイ盗,町田,本町田交番,132098,東京都,町田市,本町田,2020-10-12,01,道路上,その他,キーなし,なし,自動二輪（50cc超）
796,窃盗,オートバイ盗,町田,本町田交番,132098,東京都,町田市,本町田,2020-11-17,07,一戸建住宅,駐車（輪）場,キーなし,なし,自動二輪（50cc超）
797,窃盗,オートバイ盗,町田,鶴川駅前交番,132098,東京都,町田市,野津田町,2020-10-09,00,一戸建住宅,駐車（輪）場,キーなし,なし,自動二輪（50cc超）
798,窃盗,オートバイ盗,町田,大蔵駐在所,132098,東京都,町田市,大蔵町,2020-05-21,23,その他,駐車（輪）場,キーなし,なし,原動機付自転車（50cc以下）
799,窃盗,オートバイ盗,町田,大蔵駐在所,132098,東京都,町田市,大蔵町,2020-05-25,11,その他の住宅（３階建て以下共同住宅等）,駐車（輪）場,キーなし,なし,原動機付自転車（50cc以下）
800,窃盗,オートバイ盗,町田,大蔵駐在所,132098,東京都,町田市,大蔵町,2020-07-07,15,４階建て以上共同住宅,駐車（輪）場,キーなし,なし,自動二輪（50cc超）
801,窃盗,オートバイ盗,町田,真光寺駐在所,132098,東京都,町田市,真光寺町,2020-06-14,20,その他の住宅（３階建て以下共同住宅等）,駐車（輪）場,キーなし,なし,自動二輪（50cc超）
802,窃盗,オートバイ盗,町田,真光寺駐在所,132098,東京都,町田市,真光寺３丁目,2020-03-04,19,その他の住宅（３階建て以下共同住宅等）,駐車（輪）場,キーなし,なし,自動二輪（50cc超）
803,窃盗,オートバイ盗,町田,真光寺駐在所,132098,東京都,町田市,広袴２丁目,2020-10-08,17,その他の住宅（３階建て以下共同住宅等）,駐車（輪）場,キーなし,なし,自動二輪（50cc超）
804,窃盗,オートバイ盗,町田,野津田駐在所,132098,東京都,町田市,野津田町,2020-05-15,21,一戸建住宅,駐車（輪）場,キーなし,なし,原動機付自転車（50cc以下）
805,窃盗,オートバイ盗,町田,野津田駐在所,132098,東京都,町田市,野津田町,2020-10-28,00,一戸建住宅,駐車（輪）場,キーなし,なし,原動機付自転車（50cc以下）
806,窃盗,オートバイ盗,町田,小野路駐在所,132098,東京都,町田市,小野路町,2020-05-12,16,その他の住宅（３階建て以下共同住宅等）,駐車（輪）場,キーなし,なし,原動機付自転車（50cc以下）
807,窃盗,オートバイ盗,町田,図師駐在所,132098,東京都,町田市,図師町,2020-02-12,15,その他,駐車（輪）場,キーなし,なし,原動機付自転車（50cc以下）
808,窃盗,オートバイ盗,町田,図師駐在所,132098,東京都,町田市,図師町,2020-02-28,21,一戸建住宅,駐車（輪）場,キーなし,なし,原動機付自転車（50cc以下）
809,窃盗,オートバイ盗,町田,図師駐在所,132098,東京都,町田市,図師町,2020-03-06,14,一戸建住宅,その他,キーなし,あり,自動二輪（50cc超）
810,窃盗,オートバイ盗,町田,図師駐在所,132098,東京都,町田市,図師町,2020-04-03,07,一戸建住宅,駐車（輪）場,キーなし,なし,自動二輪（50cc超）
811,窃盗,オートバイ盗,町田,図師駐在所,132098,東京都,町田市,図師町,2020-04-23,19,その他の住宅（３階建て以下共同住宅等）,駐車（輪）場,キーなし,なし,自動二輪（50cc超）
812,窃盗,オートバイ盗,町田,図師駐在所,132098,東京都,町田市,図師町,2020-04-23,20,一戸建住宅,駐車（輪）場,キーなし,なし,自動二輪（50cc超）
813,窃盗,オートバイ盗,町田,図師駐在所,132098,東京都,町田市,図師町,2020-09-14,13,駐車（輪）場,駐車（輪）場,キーなし,なし,自動二輪（50cc超）
814,窃盗,オートバイ盗,町田,図師駐在所,132098,東京都,町田市,図師町,2020-09-30,06,一戸建住宅,駐車（輪）場,キーなし,なし,自動二輪（50cc超）
815,窃盗,オートバイ盗,町田,木曽交番,132098,東京都,町田市,本町田,2020-02-22,16,４階建て以上共同住宅,駐車（輪）場,キーなし,あり,自動二輪（50cc超）
816,窃盗,オートバイ盗,町田,木曽交番,132098,東京都,町田市,本町田,2020-03-30,01,４階建て以上共同住宅,駐車（輪）場,キーなし,なし,原動機付自転車（50cc以下）
817,窃盗,オートバイ盗,町田,木曽交番,132098,東京都,町田市,本町田,2020-04-03,20,４階建て以上共同住宅,駐車（輪）場,キーなし,あり,自動二輪（50cc超）
818,窃盗,オートバイ盗,町田,木曽交番,132098,東京都,町田市,本町田,2020-04-04,22,駐車（輪）場,駐車（輪）場,キーなし,あり,自動二輪（50cc超）
819,窃盗,オートバイ盗,町田,木曽交番,132098,東京都,町田市,本町田,2020-12-08,07,４階建て以上共同住宅,駐車（輪）場,キーなし,あり,自動二輪（50cc超）
820,窃盗,オートバイ盗,町田,木曽交番,132098,東京都,町田市,木曽西５丁目,2020-10-11,18,その他の住宅（３階建て以下共同住宅等）,駐車（輪）場,キーなし,なし,自動二輪（50cc超）
821,窃盗,オートバイ盗,町田,木曽交番,132098,東京都,町田市,木曽東１丁目,2019-08-30,13,４階建て以上共同住宅,駐車（輪）場,キーなし,なし,原動機付自転車（50cc以下）
822,窃盗,オートバイ盗,町田,木曽交番,132098,東京都,町田市,木曽東１丁目,2020-04-21,22,道路上,その他,キーなし,なし,自動二輪（50cc超）
823,窃盗,オートバイ盗,町田,木曽交番,132098,東京都,町田市,木曽東３丁目,2018-09-16,16,４階建て以上共同住宅,駐車（輪）場,キーなし,なし,自動二輪（50cc超）
824,窃盗,オートバイ盗,町田,木曽交番,132098,東京都,町田市,木曽東３丁目,2020-10-27,18,その他の住宅（３階建て以下共同住宅等）,駐車（輪）場,キーなし,あり,自動二輪（50cc超）
825,窃盗,オートバイ盗,町田,木曽交番,132098,東京都,町田市,木曽東４丁目,2020-01-14,19,４階建て以上共同住宅,駐車（輪）場,キーなし,なし,原動機付自転車（50cc以下）
826,窃盗,オートバイ盗,町田,木曽交番,132098,東京都,町田市,木曽東４丁目,2020-04-06,07,４階建て以上共同住宅,駐車（輪）場,キーなし,なし,原動機付自転車（50cc以下）
827,窃盗,オートバイ盗,町田,木曽交番,132098,東京都,町田市,木曽東４丁目,2020-06-24,23,４階建て以上共同住宅,駐車（輪）場,キーなし,なし,原動機付自転車（50cc以下）
828,窃盗,オートバイ盗,町田,木曽交番,132098,東京都,町田市,木曽東４丁目,2020-09-11,12,４階建て以上共同住宅,駐車（輪）場,キーなし,なし,原動機付自転車（50cc以下）
829,窃盗,オートバイ盗,町田,木曽交番,132098,東京都,町田市,木曽東４丁目,2020-10-09,20,４階建て以上共同住宅,駐車（輪）場,キーなし,なし,原動機付自転車（50cc以下）
830,窃盗,オートバイ盗,町田,木曽交番,132098,東京都,町田市,木曽東４丁目,2020-11-09,01,その他の住宅（３階建て以下共同住宅等）,駐車（輪）場,キーなし,なし,原動機付自転車（50cc以下）
831,窃盗,オートバイ盗,町田,常盤駐在所,132098,東京都,町田市,常盤町,2020-04-09,19,その他の住宅（３階建て以下共同住宅等）,駐車（輪）場,キーなし,なし,原動機付自転車（50cc以下）
832,窃盗,オートバイ盗,町田,常盤駐在所,132098,東京都,町田市,常盤町,2020-05-24,22,その他の住宅（３階建て以下共同住宅等）,駐車（輪）場,キーなし,なし,自動二輪（50cc超）
833,窃盗,オートバイ盗,町田,小山田駐在所,132098,東京都,町田市,上小山田町,2020-03-03,13,４階建て以上共同住宅,駐車（輪）場,キーなし,なし,原動機付自転車（50cc以下）
834,窃盗,オートバイ盗,町田,小山田駐在所,132098,東京都,町田市,小山田桜台１丁目,2020-02-12,19,その他の住宅（３階建て以下共同住宅等）,その他,キーなし,なし,自動二輪（50cc超）
835,窃盗,オートバイ盗,町田,小山田駐在所,132098,東京都,町田市,小山田桜台２丁目,2020-06-23,18,４階建て以上共同住宅,駐車（輪）場,キーなし,なし,自動二輪（50cc超）
836,窃盗,オートバイ盗,町田,鶴川交番,132098,東京都,町田市,真光寺１丁目,2020-10-13,16,一戸建住宅,その他,キーなし,なし,自動二輪（50cc超）
837,窃盗,オートバイ盗,町田,つくし野駅前交番,132098,東京都,町田市,小川４丁目,2020-05-05,21,その他の住宅（３階建て以下共同住宅等）,駐車（輪）場,キーなし,なし,原動機付自転車（50cc以下）
838,窃盗,オートバイ盗,町田,山崎交番,132098,東京都,町田市,山崎町,2020-02-21,22,４階建て以上共同住宅,駐車（輪）場,キーなし,なし,自動二輪（50cc超）
839,窃盗,オートバイ盗,町田,山崎交番,132098,東京都,町田市,山崎町,2020-03-14,19,４階建て以上共同住宅,駐車（輪）場,キーなし,なし,原動機付自転車（50cc以下）
840,窃盗,オートバイ盗,町田,山崎交番,132098,東京都,町田市,山崎町,2020-03-31,12,駐車（輪）場,駐車（輪）場,キーなし,なし,自動二輪（50cc超）
841,窃盗,オートバイ盗,町田,山崎交番,132098,東京都,町田市,山崎町,2020-04-02,16,４階建て以上共同住宅,駐車（輪）場,キーなし,なし,自動二輪（50cc超）
842,窃盗,オートバイ盗,町田,山崎交番,132098,東京都,町田市,山崎町,2020-04-25,14,４階建て以上共同住宅,駐車（輪）場,キーなし,なし,自動二輪（50cc超）
843,窃盗,オートバイ盗,町田,山崎交番,132098,東京都,町田市,山崎町,2020-05-30,12,４階建て以上共同住宅,駐車（輪）場,キーなし,なし,自動二輪（50cc超）
844,窃盗,オートバイ盗,町田,山崎交番,132098,東京都,町田市,山崎町,2020-11-01,19,その他の住宅（３階建て以下共同住宅等）,駐車（輪）場,キーなし,なし,自動二輪（50cc超）
845,窃盗,オートバイ盗,町田,山崎交番,132098,東京都,町田市,山崎町,2020-12-16,18,４階建て以上共同住宅,駐車（輪）場,キーなし,なし,自動二輪（50cc超）
846,窃盗,オートバイ盗,町田,山崎交番,132098,東京都,町田市,山崎町,2020-12-16,22,４階建て以上共同住宅,駐車（輪）場,キーなし,なし,原動機付自転車（50cc以下）
847,窃盗,オートバイ盗,町田,藤の台団地交番,132098,東京都,町田市,藤の台１丁目,2020-12-07,07,４階建て以上共同住宅,駐車（輪）場,キーなし,なし,原動機付自転車（50cc以下）
848,窃盗,オートバイ盗,町田,藤の台団地交番,132098,東京都,町田市,本町田,2016-12-01,18,４階建て以上共同住宅,駐車（輪）場,キーなし,なし,自動二輪（50cc超）
849,窃盗,オートバイ盗,町田,藤の台団地交番,132098,東京都,町田市,本町田,2020-04-17,19,４階建て以上共同住宅,駐車（輪）場,キーなし,なし,自動二輪（50cc超）
850,窃盗,オートバイ盗,町田,藤の台団地交番,132098,東京都,町田市,金井１丁目,2020-03-09,21,一戸建住宅,その他,キーなし,あり,自動二輪（50cc超）
851,窃盗,オートバイ盗,町田,藤の台団地交番,132098,東京都,町田市,金井１丁目,2020-08-15,17,道路上,その他,キーなし,なし,自動二輪（50cc超）
852,窃盗,オートバイ盗,町田,藤の台団地交番,132098,東京都,町田市,金井２丁目,2019-08-15,21,４階建て以上共同住宅,その他,キーなし,なし,自動二輪（50cc超）
853,窃盗,オートバイ盗,町田,藤の台団地交番,132098,東京都,町田市,金井５丁目,2020-02-15,00,駐車（輪）場,駐車（輪）場,キーなし,なし,原動機付自転車（50cc以下）
854,窃盗,オートバイ盗,町田,成瀬台駐在所,132098,東京都,町田市,成瀬が丘２丁目,2020-03-10,19,一戸建住宅,駐車（輪）場,キーなし,なし,原動機付自転車（50cc以下）
855,窃盗,オートバイ盗,町田,成瀬駅前交番,132098,東京都,町田市,小川２丁目,2020-01-20,17,その他,その他,キーなし,なし,自動二輪（50cc超）
856,窃盗,オートバイ盗,町田,成瀬駅前交番,132098,東京都,町田市,小川２丁目,2020-05-10,12,４階建て以上共同住宅,駐車（輪）場,キーなし,なし,自動二輪（50cc超）
857,窃盗,オートバイ盗,町田,成瀬駅前交番,132098,東京都,町田市,成瀬６丁目,2020-09-01,18,駐車（輪）場,駐車（輪）場,キーなし,なし,自動二輪（50cc超）
858,窃盗,オートバイ盗,町田,成瀬駅前交番,132098,東京都,町田市,南成瀬４丁目,2020-04-03,19,その他の住宅（３階建て以下共同住宅等）,駐車（輪）場,キーなし,なし,自動二輪（50cc超）
859,窃盗,オートバイ盗,町田,成瀬駅前交番,132098,東京都,町田市,南成瀬４丁目,2020-11-02,12,その他の住宅（３階建て以下共同住宅等）,その他,キーなし,なし,自動二輪（50cc超）
860,窃盗,オートバイ盗,町田,成瀬駅前交番,132098,東京都,町田市,南成瀬５丁目,2020-11-20,17,道路上,その他,キーなし,なし,原動機付自転車（50cc以下）
861,窃盗,オートバイ盗,町田,成瀬駅前交番,132098,東京都,町田市,西成瀬３丁目,2020-09-01,23,駐車（輪）場,駐車（輪）場,キーなし,なし,自動二輪（50cc超）
862,窃盗,オートバイ盗,町田,忠生駐在所,132098,東京都,町田市,忠生３丁目,2020-03-18,13,その他の住宅（３階建て以下共同住宅等）,駐車（輪）場,キーなし,なし,自動二輪（50cc超）
863,窃盗,オートバイ盗,町田,忠生駐在所,132098,東京都,町田市,忠生４丁目,2020-03-19,12,一戸建住宅,駐車（輪）場,キーなし,あり,自動二輪（50cc超）
864,窃盗,オートバイ盗,町田,三輪駐在所,132098,東京都,町田市,三輪町,2020-03-08,08,その他の住宅（３階建て以下共同住宅等）,駐車（輪）場,キーなし,なし,原動機付自転車（50cc以下）
865,窃盗,オートバイ盗,町田,高ヶ坂駐在所,132098,東京都,町田市,高ヶ坂３丁目,2020-03-19,22,４階建て以上共同住宅,駐車（輪）場,キーなし,なし,原動機付自転車（50cc以下）
866,窃盗,オートバイ盗,町田,高ヶ坂駐在所,132098,東京都,町田市,高ヶ坂３丁目,2020-03-28,13,４階建て以上共同住宅,駐車（輪）場,キーなし,なし,原動機付自転車（50cc以下）
867,窃盗,オートバイ盗,町田,高ヶ坂駐在所,132098,東京都,町田市,高ヶ坂３丁目,2020-04-07,15,４階建て以上共同住宅,駐車（輪）場,キーなし,なし,原動機付自転車（50cc以下）
868,窃盗,オートバイ盗,町田,高ヶ坂駐在所,132098,東京都,町田市,高ヶ坂３丁目,2020-04-28,20,４階建て以上共同住宅,駐車（輪）場,キーなし,なし,原動機付自転車（50cc以下）
869,窃盗,オートバイ盗,町田,高ヶ坂駐在所,132098,東京都,町田市,高ヶ坂４丁目,2020-02-16,17,その他の住宅（３階建て以下共同住宅等）,駐車（輪）場,キーなし,なし,原動機付自転車（50cc以下）
870,窃盗,オートバイ盗,町田,高ヶ坂駐在所,132098,東京都,町田市,高ヶ坂４丁目,2020-03-01,23,一戸建住宅,駐車（輪）場,キーなし,なし,原動機付自転車（50cc以下）
871,窃盗,オートバイ盗,町田,高ヶ坂駐在所,132098,東京都,町田市,高ヶ坂７丁目,2019-10-15,20,その他の住宅（３階建て以下共同住宅等）,駐車（輪）場,キーなし,なし,原動機付自転車（50cc以下）
872,窃盗,オートバイ盗,町田,高ヶ坂駐在所,132098,東京都,町田市,高ヶ坂７丁目,2020-03-10,18,一戸建住宅,駐車（輪）場,キーなし,なし,原動機付自転車（50cc以下）
873,窃盗,オートバイ盗,町田,忠生地区交番,132098,東京都,町田市,下小山田町,2020-10-27,18,一戸建住宅,駐車（輪）場,キーなし,あり,自動二輪（50cc超）
874,窃盗,オートバイ盗,町田,忠生地区交番,132098,東京都,町田市,忠生１丁目,2020-01-18,09,４階建て以上共同住宅,駐車（輪）場,キーなし,なし,自動二輪（50cc超）
875,窃盗,オートバイ盗,町田,忠生地区交番,132098,東京都,町田市,忠生１丁目,2020-02-28,23,４階建て以上共同住宅,駐車（輪）場,キーなし,なし,原動機付自転車（50cc以下）
876,窃盗,オートバイ盗,町田,忠生地区交番,132098,東京都,町田市,忠生１丁目,2020-03-31,20,その他の住宅（３階建て以下共同住宅等）,駐車（輪）場,キーなし,なし,自動二輪（50cc超）
877,窃盗,オートバイ盗,町田,忠生地区交番,132098,東京都,町田市,忠生１丁目,2020-10-15,12,その他,駐車（輪）場,キーなし,なし,自動二輪（50cc超）
878,窃盗,オートバイ盗,町田,忠生地区交番,132098,東京都,町田市,忠生２丁目,2020-04-17,17,一戸建住宅,駐車（輪）場,キーなし,なし,自動二輪（50cc超）
879,窃盗,オートバイ盗,町田,忠生地区交番,132098,東京都,町田市,忠生２丁目,2020-05-17,00,４階建て以上共同住宅,駐車（輪）場,キーなし,なし,自動二輪（50cc超）
880,窃盗,オートバイ盗,町田,忠生地区交番,132098,東京都,町田市,忠生３丁目,2020-09-18,07,駐車（輪）場,駐車（輪）場,キーなし,なし,原動機付自転車（50cc以下）
881,窃盗,オートバイ盗,町田,忠生地区交番,132098,東京都,町田市,山崎町,2020-01-14,17,４階建て以上共同住宅,駐車（輪）場,キーなし,なし,原動機付自転車（50cc以下）
882,窃盗,オートバイ盗,町田,忠生地区交番,132098,東京都,町田市,山崎町,2020-02-27,15,４階建て以上共同住宅,駐車（輪）場,キーなし,なし,自動二輪（50cc超）
883,窃盗,オートバイ盗,町田,忠生地区交番,132098,東京都,町田市,山崎町,2020-02-29,17,一戸建住宅,駐車（輪）場,キーなし,なし,原動機付自転車（50cc以下）
884,窃盗,オートバイ盗,町田,忠生地区交番,132098,東京都,町田市,山崎町,2020-04-23,17,その他の住宅（３階建て以下共同住宅等）,駐車（輪）場,キーなし,なし,自動二輪（50cc超）
885,窃盗,オートバイ盗,町田,忠生地区交番,132098,東京都,町田市,山崎町,2020-10-18,13,その他,駐車（輪）場,キーなし,なし,原動機付自転車（50cc以下）
886,窃盗,オートバイ盗,町田,忠生地区交番,132098,東京都,町田市,小山田桜台２丁目,2020-07-17,17,４階建て以上共同住宅,駐車（輪）場,キーなし,なし,自動二輪（50cc超）
887,窃盗,オートバイ盗,町田,忠生地区交番,132098,東京都,町田市,木曽西１丁目,2020-11-28,18,その他の住宅（３階建て以下共同住宅等）,駐車（輪）場,キーなし,なし,自動二輪（50cc超）
888,窃盗,オートバイ盗,町田,忠生地区交番,132098,東京都,町田市,木曽西４丁目,2020-06-01,00,一戸建住宅,駐車（輪）場,キーなし,なし,自動二輪（50cc超）
889,窃盗,オートバイ盗,町田,忠生地区交番,132098,東京都,町田市,木曽東２丁目,2020-05-15,11,４階建て以上共同住宅,駐車（輪）場,キーなし,なし,原動機付自転車（50cc以下）
890,窃盗,オートバイ盗,町田,忠生地区交番,132098,東京都,町田市,木曽東２丁目,2020-05-17,00,４階建て以上共同住宅,駐車（輪）場,キーなし,なし,原動機付自転車（50cc以下）
891,窃盗,オートバイ盗,町田,忠生地区交番,132098,東京都,町田市,木曽東２丁目,2020-12-03,18,４階建て以上共同住宅,駐車（輪）場,キーなし,なし,自動二輪（50cc超）
892,窃盗,オートバイ盗,町田,忠生地区交番,132098,東京都,町田市,木曽東３丁目,2018-12-31,17,４階建て以上共同住宅,駐車（輪）場,キーなし,なし,原動機付自転車（50cc以下）
893,窃盗,オートバイ盗,町田,忠生地区交番,132098,東京都,町田市,根岸２丁目,2020-10-12,11,その他,駐車（輪）場,キーなし,なし,原動機付自転車（50cc以下）
894,窃盗,オートバイ盗,日野,日野駅前交番,132128,東京都,日野市,大坂上１丁目,2020-04-05,19,駐車（輪）場,駐車（輪）場,キーなし,なし,原動機付自転車（50cc以下）
895,窃盗,オートバイ盗,日野,日野駅前交番,132128,東京都,日野市,日野本町１丁目,2020-09-18,18,その他の住宅（３階建て以下共同住宅等）,駐車（輪）場,キーなし,なし,原動機付自転車（50cc以下）
896,窃盗,オートバイ盗,日野,豊田駅前交番,132128,東京都,日野市,旭が丘１丁目,2020-10-19,00,４階建て以上共同住宅,駐車（輪）場,キーなし,なし,原動機付自転車（50cc以下）
897,窃盗,オートバイ盗,日野,多摩平交番,132128,東京都,日野市,旭が丘２丁目,2020-08-23,17,その他の住宅（３階建て以下共同住宅等）,駐車（輪）場,キーなし,なし,自動二輪（50cc超）
898,窃盗,オートバイ盗,日野,多摩平交番,132128,東京都,日野市,多摩平２丁目,2020-03-13,17,４階建て以上共同住宅,駐車（輪）場,キーなし,なし,自動二輪（50cc超）
899,窃盗,オートバイ盗,日野,多摩平交番,132128,東京都,日野市,多摩平３丁目,2020-08-21,01,その他の住宅（３階建て以下共同住宅等）,駐車（輪）場,キーなし,なし,自動二輪（50cc超）
900,窃盗,オートバイ盗,日野,日野橋駐在所,132128,東京都,日野市,万願寺２丁目,2020-09-19,23,その他の住宅（３階建て以下共同住宅等）,駐車（輪）場,キーなし,なし,自動二輪（50cc超）
901,窃盗,オートバイ盗,日野,高幡不動駅南口交番,132128,東京都,日野市,大字新井,2018-02-01,07,その他の住宅（３階建て以下共同住宅等）,駐車（輪）場,キーなし,なし,原動機付自転車（50cc以下）
902,窃盗,オートバイ盗,日野,高幡不動駅南口交番,132128,東京都,日野市,高幡,2020-02-09,19,駐車（輪）場,駐車（輪）場,キーなし,なし,原動機付自転車（50cc以下）
903,窃盗,オートバイ盗,日野,高幡不動駅南口交番,132128,東京都,日野市,高幡,2020-03-07,15,その他,駐車（輪）場,キーなし,なし,原動機付自転車（50cc以下）
904,窃盗,オートバイ盗,日野,高幡不動駅南口交番,132128,東京都,日野市,高幡,2020-09-26,00,駐車（輪）場,駐車（輪）場,キーなし,なし,原動機付自転車（50cc以下）
905,窃盗,オートバイ盗,日野,百草園交番,132128,東京都,日野市,落川,2019-12-24,16,４階建て以上共同住宅,駐車（輪）場,キーなし,なし,自動二輪（50cc超）
906,窃盗,オートバイ盗,日野,百草園交番,132128,東京都,日野市,三沢１丁目,2020-08-31,12,その他の住宅（３階建て以下共同住宅等）,駐車（輪）場,キーなし,なし,原動機付自転車（50cc以下）
907,窃盗,オートバイ盗,日野,百草団地交番,132128,東京都,日野市,百草,2020-02-01,22,４階建て以上共同住宅,駐車（輪）場,キーなし,なし,自動二輪（50cc超）
908,窃盗,オートバイ盗,昭島,昭島駅前交番,132071,東京都,昭島市,上川原町１丁目,2020-05-23,12,その他の住宅（３階建て以下共同住宅等）,駐車（輪）場,キーなし,なし,原動機付自転車（50cc以下）
909,窃盗,オートバイ盗,昭島,福島交番,132071,東京都,昭島市,東町４丁目,2020-09-06,16,その他の住宅（３階建て以下共同住宅等）,その他,キーなし,なし,原動機付自転車（50cc以下）
910,窃盗,オートバイ盗,昭島,堀向駐在所,132071,東京都,昭島市,田中町,2020-01-29,15,その他,駐車（輪）場,キーなし,なし,原動機付自転車（50cc以下）
911,窃盗,オートバイ盗,昭島,堀向駐在所,132071,東京都,昭島市,美堀町１丁目,2020-10-20,08,その他の住宅（３階建て以下共同住宅等）,駐車（輪）場,キーなし,なし,原動機付自転車（50cc以下）
912,窃盗,オートバイ盗,昭島,堀向駐在所,132071,東京都,昭島市,美堀町２丁目,2020-10-04,19,その他の住宅（３階建て以下共同住宅等）,駐車（輪）場,キーなし,なし,原動機付自転車（50cc以下）
913,窃盗,オートバイ盗,昭島,小荷田交番,132071,東京都,昭島市,緑町５丁目,2020-03-21,13,一戸建住宅,その他,キーなし,なし,原動機付自転車（50cc以下）
914,窃盗,オートバイ盗,昭島,小荷田交番,132071,東京都,昭島市,美堀町５丁目,2020-04-21,22,４階建て以上共同住宅,駐車（輪）場,キーなし,なし,原動機付自転車（50cc以下）
915,窃盗,オートバイ盗,昭島,拝島駅前交番,132071,東京都,昭島市,緑町２丁目,2018-09-11,不明,４階建て以上共同住宅,駐車（輪）場,キーなし,なし,自動二輪（50cc超）
916,窃盗,オートバイ盗,昭島,拝島駅前交番,132071,東京都,昭島市,美堀町５丁目,2020-04-22,21,４階建て以上共同住宅,駐車（輪）場,キーなし,なし,自動二輪（50cc超）
917,窃盗,オートバイ盗,立川,立川駅北口交番,132021,東京都,立川市,曙町１丁目,2020-12-14,10,その他,駐車（輪）場,キーなし,なし,原動機付自転車（50cc以下）
918,窃盗,オートバイ盗,立川,立川駅北口交番,132021,東京都,立川市,緑町,2020-03-01,00,４階建て以上共同住宅,駐車（輪）場,キーなし,なし,自動二輪（50cc超）
919,窃盗,オートバイ盗,立川,立川駅北口交番,132152,東京都,国立市,富士見台２丁目,2020-02-24,09,その他,駐車（輪）場,キーなし,なし,自動二輪（50cc超）
920,窃盗,オートバイ盗,立川,高松町交番,132021,東京都,立川市,高松町２丁目,2020-05-06,19,道路上,その他,キーなし,なし,自動二輪（50cc超）
921,窃盗,オートバイ盗,立川,谷保交番,132152,東京都,国立市,泉５丁目,2020-12-19,20,一戸建住宅,その他,キーなし,なし,自動二輪（50cc超）
922,窃盗,オートバイ盗,立川,天王橋交番,132021,東京都,立川市,上砂町１丁目,2020-03-11,18,４階建て以上共同住宅,駐車（輪）場,キーなし,なし,原動機付自転車（50cc以下）
923,窃盗,オートバイ盗,立川,天王橋交番,132021,東京都,立川市,上砂町１丁目,2020-12-02,15,４階建て以上共同住宅,駐車（輪）場,キーなし,なし,原動機付自転車（50cc以下）
924,窃盗,オートバイ盗,立川,砂川八番交番,132021,東京都,立川市,幸町４丁目,2019-12-12,16,４階建て以上共同住宅,駐車（輪）場,キーなし,なし,原動機付自転車（50cc以下）
925,窃盗,オートバイ盗,立川,砂川八番交番,132021,東京都,立川市,幸町５丁目,2020-03-01,15,その他の住宅（３階建て以下共同住宅等）,駐車（輪）場,キーなし,なし,原動機付自転車（50cc以下）
926,窃盗,オートバイ盗,府中,栄町交番,132063,東京都,府中市,晴見町１丁目,2020-04-09,12,４階建て以上共同住宅,駐車（輪）場,キーなし,なし,原動機付自転車（50cc以下）
927,窃盗,オートバイ盗,府中,美好町交番,132063,東京都,府中市,美好町２丁目,2020-06-10,09,４階建て以上共同住宅,駐車（輪）場,キーなし,なし,原動機付自転車（50cc以下）
928,窃盗,オートバイ盗,府中,美好町交番,132063,東京都,府中市,美好町３丁目,2020-08-25,09,その他の住宅（３階建て以下共同住宅等）,駐車（輪）場,キーなし,なし,原動機付自転車（50cc以下）
929,窃盗,オートバイ盗,府中,美好町交番,132063,東京都,府中市,美好町３丁目,2020-10-21,08,駐車（輪）場,駐車（輪）場,キーなし,なし,原動機付自転車（50cc以下）
930,窃盗,オートバイ盗,府中,西原町交番,132063,東京都,府中市,西原町１丁目,2020-06-19,21,駐車（輪）場,駐車（輪）場,キーなし,なし,原動機付自転車（50cc以下）
931,窃盗,オートバイ盗,府中,本宿交番,132063,東京都,府中市,日新町５丁目,2020-01-16,18,駐車（輪）場,駐車（輪）場,キーなし,なし,原動機付自転車（50cc以下）
932,窃盗,オートバイ盗,府中,中河原交番,132063,東京都,府中市,四谷２丁目,2020-12-18,12,その他の住宅（３階建て以下共同住宅等）,駐車（輪）場,キーなし,なし,自動二輪（50cc超）
933,窃盗,オートバイ盗,府中,大国魂交番,132063,東京都,府中市,府中町２丁目,2020-01-12,10,その他,その他,キーなし,あり,原動機付自転車（50cc以下）
934,窃盗,オートバイ盗,府中,大国魂交番,132063,東京都,府中市,緑町２丁目,2020-10-06,11,道路上,その他,キーなし,あり,原動機付自転車（50cc以下）
935,窃盗,オートバイ盗,府中,車返団地駐在所,132063,東京都,府中市,押立町２丁目,2020-10-11,19,４階建て以上共同住宅,駐車（輪）場,キーなし,なし,原動機付自転車（50cc以下）
936,窃盗,オートバイ盗,府中,車返団地駐在所,132063,東京都,府中市,押立町４丁目,2020-02-19,18,４階建て以上共同住宅,その他,キーなし,なし,原動機付自転車（50cc以下）
937,窃盗,オートバイ盗,府中,車返団地駐在所,132063,東京都,府中市,白糸台５丁目,2020-10-26,11,４階建て以上共同住宅,駐車（輪）場,キーなし,なし,原動機付自転車（50cc以下）
938,窃盗,オートバイ盗,小金井,前原交番,132101,東京都,小金井市,前原町３丁目,2020-04-01,00,駐車（輪）場,駐車（輪）場,キーなし,なし,原動機付自転車（50cc以下）
939,窃盗,オートバイ盗,小金井,貫井南町交番,132101,東京都,小金井市,貫井南町２丁目,2020-06-06,08,一戸建住宅,駐車（輪）場,キーなし,なし,原動機付自転車（50cc以下）
940,窃盗,オートバイ盗,小金井,本多交番,132144,東京都,国分寺市,本多１丁目,2020-10-18,21,４階建て以上共同住宅,駐車（輪）場,キーなし,なし,自動二輪（50cc超）
941,窃盗,オートバイ盗,田無,田無駅前交番,132292,東京都,西東京市,田無町３丁目,2020-01-10,17,４階建て以上共同住宅,駐車（輪）場,キーなし,なし,原動機付自転車（50cc以下）
942,窃盗,オートバイ盗,田無,柳沢駅前交番,132292,東京都,西東京市,南町２丁目,2020-11-12,00,一戸建住宅,その他,キーなし,なし,自動二輪（50cc超）
943,窃盗,オートバイ盗,田無,坂下交番,132292,東京都,西東京市,柳沢２丁目,2019-07-05,10,４階建て以上共同住宅,駐車（輪）場,キーなし,なし,原動機付自転車（50cc以下）
944,窃盗,オートバイ盗,田無,坂下交番,132292,東京都,西東京市,柳沢２丁目,2020-11-20,22,４階建て以上共同住宅,駐車（輪）場,キーなし,なし,自動二輪（50cc超）
945,窃盗,オートバイ盗,田無,坂下交番,132292,東京都,西東京市,柳沢３丁目,2020-07-11,17,４階建て以上共同住宅,駐車（輪）場,キーなし,なし,原動機付自転車（50cc以下）
946,窃盗,オートバイ盗,田無,東伏見交番,132292,東京都,西東京市,富士町１丁目,2019-12-16,16,その他の住宅（３階建て以下共同住宅等）,その他,キーなし,なし,自動二輪（50cc超）
947,窃盗,オートバイ盗,田無,泉町交番,132292,東京都,西東京市,泉町１丁目,2020-05-11,15,４階建て以上共同住宅,その他,キーなし,なし,原動機付自転車（50cc以下）
948,窃盗,オートバイ盗,田無,南沢交番,132225,東京都,東久留米市,本町４丁目,2020-08-21,16,道路上,その他,キーなし,なし,自動二輪（50cc超）
949,窃盗,オートバイ盗,田無,上の原交番,132225,東京都,東久留米市,小山２丁目,2020-03-24,15,その他の住宅（３階建て以下共同住宅等）,駐車（輪）場,キーなし,なし,原動機付自転車（50cc以下）
950,窃盗,オートバイ盗,田無,ひばりが丘駅前交番,132292,東京都,西東京市,ひばりが丘北２丁目,2020-09-04,23,その他の住宅（３階建て以下共同住宅等）,駐車（輪）場,キーなし,なし,自動二輪（50cc超）
951,窃盗,オートバイ盗,田無,ひばりが丘駅前交番,132292,東京都,西東京市,谷戸町２丁目,2020-04-04,17,その他の住宅（３階建て以下共同住宅等）,駐車（輪）場,キーなし,あり,原動機付自転車（50cc以下）
952,窃盗,オートバイ盗,田無,下里駐在所,132225,東京都,東久留米市,下里４丁目,2020-10-17,12,４階建て以上共同住宅,駐車（輪）場,キーなし,なし,自動二輪（50cc超）
953,窃盗,オートバイ盗,田無,東久留米駅前交番,132225,東京都,東久留米市,浅間町２丁目,2019-05-14,18,４階建て以上共同住宅,駐車（輪）場,キーなし,なし,原動機付自転車（50cc以下）
954,窃盗,オートバイ盗,田無,東久留米駅前交番,132225,東京都,東久留米市,浅間町３丁目,2019-02-21,不明,一戸建住宅,駐車（輪）場,キーなし,なし,原動機付自転車（50cc以下）
955,窃盗,オートバイ盗,東村山,東村山駅前交番,132136,東京都,東村山市,恩多町４丁目,2020-12-01,22,その他の住宅（３階建て以下共同住宅等）,その他,キーなし,なし,自動二輪（50cc超）
956,窃盗,オートバイ盗,東村山,東村山駅前交番,132136,東京都,東村山市,諏訪町１丁目,2019-10-20,16,４階建て以上共同住宅,駐車（輪）場,キーなし,なし,原動機付自転車（50cc以下）
957,窃盗,オートバイ盗,東村山,東村山駅前交番,132136,東京都,東村山市,野口町１丁目,2020-08-02,14,一戸建住宅,その他,キーなし,なし,原動機付自転車（50cc以下）
958,窃盗,オートバイ盗,東村山,久米川駅前交番,132136,東京都,東村山市,栄町３丁目,2020-12-08,23,４階建て以上共同住宅,駐車（輪）場,キーなし,なし,原動機付自転車（50cc以下）
959,窃盗,オートバイ盗,東村山,久米川駅前交番,132136,東京都,東村山市,本町４丁目,2020-07-23,17,４階建て以上共同住宅,駐車（輪）場,キーなし,なし,原動機付自転車（50cc以下）
960,窃盗,オートバイ盗,東村山,清瀬駅前交番,132217,東京都,清瀬市,松山１丁目,2018-06-28,08,４階建て以上共同住宅,駐車（輪）場,キーなし,なし,原動機付自転車（50cc以下）
961,窃盗,オートバイ盗,東村山,清瀬駅前交番,132217,東京都,清瀬市,元町１丁目,2020-12-02,12,その他,駐車（輪）場,キーなし,なし,原動機付自転車（50cc以下）
962,窃盗,オートバイ盗,東村山,廻田駐在所,132136,東京都,東村山市,廻田町４丁目,2014-04-01,不明,４階建て以上共同住宅,駐車（輪）場,キーなし,なし,自動二輪（50cc超）
963,窃盗,オートバイ盗,東村山,秋津駅前交番,132217,東京都,清瀬市,野塩５丁目,2017-01-01,不明,その他の住宅（３階建て以下共同住宅等）,駐車（輪）場,キーなし,なし,原動機付自転車（50cc以下）
964,窃盗,オートバイ盗,東村山,旭が丘交番,132217,東京都,清瀬市,旭が丘５丁目,2020-02-12,19,４階建て以上共同住宅,駐車（輪）場,キーなし,なし,原動機付自転車（50cc以下）
965,窃盗,オートバイ盗,東村山,竹丘駐在所,132217,東京都,清瀬市,竹丘２丁目,2018-12-21,不明,４階建て以上共同住宅,駐車（輪）場,キーなし,なし,自動二輪（50cc超）
966,窃盗,オートバイ盗,東村山,下清戸駐在所,132217,東京都,清瀬市,中清戸４丁目,2020-12-12,22,その他の住宅（３階建て以下共同住宅等）,駐車（輪）場,キーなし,なし,自動二輪（50cc超）
967,窃盗,オートバイ盗,武蔵野,八幡宮西交番,132039,東京都,武蔵野市,吉祥寺北町３丁目,2020-12-12,17,駐車（輪）場,駐車（輪）場,キーなし,なし,自動二輪（50cc超）
968,窃盗,オートバイ盗,武蔵野,武蔵境駅南口交番,132039,東京都,武蔵野市,境南町２丁目,2020-09-09,10,４階建て以上共同住宅,駐車（輪）場,キーなし,なし,原動機付自転車（50cc以下）
969,窃盗,オートバイ盗,三鷹,東野交番,132047,東京都,三鷹市,井口１丁目,2020-02-15,01,４階建て以上共同住宅,駐車（輪）場,キーなし,あり,自動二輪（50cc超）
970,窃盗,オートバイ盗,三鷹,大沢交番,132047,東京都,三鷹市,大沢３丁目,2020-04-28,21,一戸建住宅,駐車（輪）場,キーなし,なし,自動二輪（50cc超）
971,窃盗,オートバイ盗,三鷹,三鷹台交番,132047,東京都,三鷹市,牟礼１丁目,2020-04-23,21,４階建て以上共同住宅,駐車（輪）場,キーなし,なし,原動機付自転車（50cc以下）
972,窃盗,オートバイ盗,三鷹,北野駐在所,132047,東京都,三鷹市,北野３丁目,2020-11-12,19,駐車（輪）場,駐車（輪）場,キーなし,なし,自動二輪（50cc超）
973,窃盗,オートバイ盗,三鷹,井之頭公園駅前交番,132047,東京都,三鷹市,牟礼４丁目,2015-05-15,12,４階建て以上共同住宅,駐車（輪）場,キーなし,あり,自動二輪（50cc超）
974,窃盗,オートバイ盗,三鷹,上連雀交番,132047,東京都,三鷹市,上連雀９丁目,2020-07-06,17,その他の住宅（３階建て以下共同住宅等）,駐車（輪）場,キーなし,なし,自動二輪（50cc超）
975,窃盗,オートバイ盗,調布,布田交番,132080,東京都,調布市,染地２丁目,2016-06-01,00,道路上,その他,キーなし,なし,原動機付自転車（50cc以下）
976,窃盗,オートバイ盗,調布,つつじケ丘駅前交番,132080,東京都,調布市,西つつじケ丘４丁目,2020-08-01,00,その他の住宅（３階建て以下共同住宅等）,駐車（輪）場,キーなし,なし,原動機付自転車（50cc以下）
977,窃盗,オートバイ盗,調布,仙川交番,132080,東京都,調布市,若葉町１丁目,2019-12-31,14,駐車（輪）場,駐車（輪）場,キーなし,なし,原動機付自転車（50cc以下）
978,窃盗,オートバイ盗,調布,京王多摩川駅前交番,132080,東京都,調布市,多摩川５丁目,2020-06-09,19,駐車（輪）場,駐車（輪）場,キーなし,なし,自動二輪（50cc超）
979,窃盗,オートバイ盗,調布,上石原交番,132080,東京都,調布市,富士見町１丁目,2015-01-10,10,駐車（輪）場,駐車（輪）場,キーなし,なし,自動二輪（50cc超）
980,窃盗,オートバイ盗,調布,菊野台交番,132080,東京都,調布市,菊野台３丁目,2015-09-20,00,その他の住宅（３階建て以下共同住宅等）,その他,キーなし,なし,自動二輪（50cc超）
981,窃盗,オートバイ盗,調布,狛江交番,132195,東京都,狛江市,東和泉１丁目,2020-01-01,00,駐車（輪）場,駐車（輪）場,キーなし,なし,自動二輪（50cc超）
982,窃盗,オートバイ盗,調布,調布駅前交番,132080,東京都,調布市,小島町２丁目,2020-05-25,12,道路上,その他,キーなし,なし,原動機付自転車（50cc以下）
983,窃盗,オートバイ盗,調布,飛田給駅前交番,132080,東京都,調布市,飛田給２丁目,2016-08-20,16,駐車（輪）場,駐車（輪）場,キーなし,なし,原動機付自転車（50cc以下）
984,窃盗,オートバイ盗,小平,花小金井駅前交番,132110,東京都,小平市,花小金井１丁目,2020-06-29,13,駐車（輪）場,駐車（輪）場,キーなし,なし,原動機付自転車（50cc以下）
985,窃盗,オートバイ盗,小平,学園東交番,132110,東京都,小平市,喜平町３丁目,2020-07-31,06,４階建て以上共同住宅,駐車（輪）場,キーなし,なし,自動二輪（50cc超）
986,窃盗,オートバイ盗,小平,学園東交番,132110,東京都,小平市,回田町,2020-09-07,06,４階建て以上共同住宅,駐車（輪）場,キーなし,あり,自動二輪（50cc超）
987,窃盗,オートバイ盗,小平,小平駅前交番,132110,東京都,小平市,美園町２丁目,2020-05-27,18,その他の住宅（３階建て以下共同住宅等）,駐車（輪）場,キーなし,なし,原動機付自転車（50cc以下）
988,窃盗,オートバイ盗,小平,小川駅前交番,132110,東京都,小平市,小川東町１丁目,2020-11-01,17,その他の住宅（３階建て以下共同住宅等）,駐車（輪）場,キーなし,なし,自動二輪（50cc超）
989,窃盗,オートバイ盗,小平,小川駅前交番,132110,東京都,小平市,小川東町２丁目,2020-05-26,00,４階建て以上共同住宅,駐車（輪）場,キーなし,なし,自動二輪（50cc超）
990,窃盗,オートバイ盗,小平,大沼町交番,132110,東京都,小平市,大沼町３丁目,2020-06-17,09,その他の住宅（３階建て以下共同住宅等）,駐車（輪）場,キーなし,あり,原動機付自転車（50cc以下）
991,窃盗,オートバイ盗,小平,大沼町交番,132110,東京都,小平市,大沼町７丁目,2019-09-01,12,４階建て以上共同住宅,駐車（輪）場,キーなし,なし,原動機付自転車（50cc以下）
992,窃盗,オートバイ盗,小平,大沼町交番,132110,東京都,小平市,大沼町７丁目,2020-06-12,09,４階建て以上共同住宅,駐車（輪）場,キーなし,なし,自動二輪（50cc超）
993,窃盗,オートバイ盗,小平,大沼町交番,132110,東京都,小平市,花小金井４丁目,2020-02-27,16,その他の住宅（３階建て以下共同住宅等）,駐車（輪）場,キーなし,なし,自動二輪（50cc超）
994,窃盗,オートバイ盗,小平,大沼町交番,132110,東京都,小平市,花小金井５丁目,2020-03-07,17,その他の住宅（３階建て以下共同住宅等）,駐車（輪）場,キーなし,なし,自動二輪（50cc超）
