,ί–Ό,θϋ,Ηx@i”­¶’nj,Ηπ”ΤE’“έi”­¶’nj,s‹ζ’¬‘ΊƒR[ƒhi”­¶’nj,“s“Ή•{§i”­¶’nj,s‹ζ’¬‘Ίi”­¶’nj,’¬’–Ϊi”­¶’nj,”­¶”N“ϊinϊj,”­¶inϊj,”­¶κ,”­¶κ‚ΜΪΧ,»‹ΰ”νQ‚Μ—L–³
0,ή“,©“®”Μ”„‹@‚Λ‚η‚Ά,’†‰›,–{’¬π”Τ,131024,“‹“s,’†‰›‹ζ,“ϊ–{‹΄–{’¬‚S’–Ϊ,2020-12-11,14,‚»‚Μ‘Ό,‚»‚Μ‘Ό,‚ ‚θ
1,ή“,©“®”Μ”„‹@‚Λ‚η‚Ά,[μ,Z‹gπ”Τ,131083,“‹“s,]“‹ζ,‰–•l‚Q’–Ϊ,2020-08-19,16,’“Τi—Φjκ,’“Τi—Φjκ,‚ ‚θ
2,ή“,©“®”Μ”„‹@‚Λ‚η‚Ά,[μ,“—zπ”Τ,131083,“‹“s,]“‹ζ,–Ψκ‚U’–Ϊ,2020-11-29,12,‚»‚Μ‘Ό,‚»‚Μ‘Ό,‚ ‚θ
3,ή“,©“®”Μ”„‹@‚Λ‚η‚Ά,[μ,“—zπ”Τ,131083,“‹“s,]“‹ζ,“—z‚R’–Ϊ,2020-08-04,10,“ΉHγ,‚»‚Μ‘Ό,‚ ‚θ
4,ή“,©“®”Μ”„‹@‚Λ‚η‚Ά,[μ,η“cπ”Τ,131083,“‹“s,]“‹ζ,C•Σ,2020-06-03,15,“ΉHγ,‚»‚Μ‘Ό,‚ ‚θ
5,ή“,©“®”Μ”„‹@‚Λ‚η‚Ά,’¬,”Ρ“c‹΄‰w‘Oπ”Τ,131016,“‹“s,η‘γ“c‹ζ,”Ρ“c‹΄‚S’–Ϊ,2020-08-27,18,‚»‚Μ‘Ό,‚»‚Μ‘Ό,‚ ‚θ
6,ή“,©“®”Μ”„‹@‚Λ‚η‚Ά,Ϋ‚Μ“ΰ,”dFϋπ”Τ,131016,“‹“s,η‘γ“c‹ζ,Ϋ‚Μ“ΰ‚P’–Ϊ,2020-02-09,13,‚»‚Μ‘Ό,‚»‚Μ‘Ό,‚ ‚θ
7,ή“,©“®”Μ”„‹@‚Λ‚η‚Ά,_“c,‚¨’ƒ‚Μ…π”Τ,131016,“‹“s,η‘γ“c‹ζ,_“c‹Ρ’¬‚Q’–Ϊ,2020-02-12,0,“ΉHγ,‚»‚Μ‘Ό,‚ ‚θ
8,ή“,©“®”Μ”„‹@‚Λ‚η‚Ά,–Ά‹΄,H—t΄π”Τ,131016,“‹“s,η‘γ“c‹ζ,O_“c‚P’–Ϊ,2020-07-04,15,‚»‚Μ‘Ό,‚»‚Μ‘Ό,‚Θ‚µ
9,ή“,©“®”Μ”„‹@‚Λ‚η‚Ά,–Ά‹΄,H—t΄π”Τ,131016,“‹“s,η‘γ“c‹ζ,O_“c‚R’–Ϊ,2019-12-25,4,“ΉHγ,‚»‚Μ‘Ό,‚Θ‚µ
10,ή“,©“®”Μ”„‹@‚Λ‚η‚Ά,‹vΌ,““ϊ–{‹΄π”Τ,131024,“‹“s,’†‰›‹ζ,““ϊ–{‹΄‚Q’–Ϊ,2020-04-21,17,“ΉHγ,‚»‚Μ‘Ό,‚ ‚θ
11,ή“,©“®”Μ”„‹@‚Λ‚η‚Ά,’z’n,’†‰›sκπ”Τ,131024,“‹“s,’†‰›‹ζ,’z’n‚T’–Ϊ,2020-11-28,10,‚»‚Μ‘Ό,‚»‚Μ‘Ό,‚ ‚θ
12,ή“,©“®”Μ”„‹@‚Λ‚η‚Ά,¤“†,Υ‚Μ–επ”Τ,131032,“‹“s,`‹ζ,Υƒm–ε‚Q’–Ϊ,2020-02-11,10,“ΉHγ,‚»‚Μ‘Ό,‚ ‚θ
13,ή“,©“®”Μ”„‹@‚Λ‚η‚Ά,¤“†,V‹΄O’–Ϊπ”Τ,131032,“‹“s,`‹ζ,ΌV‹΄‚P’–Ϊ,2020-01-04,20,‚»‚Μ‘Ό,‚»‚Μ‘Ό,‚ ‚θ
14,ή“,©“®”Μ”„‹@‚Λ‚η‚Ά,¤“†,V‹΄‰w‘Oπ”Τ,131032,“‹“s,`‹ζ,V‹΄‚Q’–Ϊ,2020-07-06,17,‚»‚Μ‘Ό,‚»‚Μ‘Ό,‚Θ‚µ
15,ή“,©“®”Μ”„‹@‚Λ‚η‚Ά,‚—Φ,”’‹ΰOυ’¬π”Τ,131032,“‹“s,`‹ζ,”’‹ΰ‘δ‚S’–Ϊ,2020-11-25,16,“ΉHγ,‚»‚Μ‘Ό,‚ ‚θ
16,ή“,©“®”Μ”„‹@‚Λ‚η‚Ά,–ƒ•z,Z–{–ΨZ’–Ϊπ”Τ,131032,“‹“s,`‹ζ,Z–{–Ψ‚T’–Ϊ,2020-06-11,13,‚»‚Μ‘Ό,‚»‚Μ‘Ό,‚ ‚θ
17,ή“,©“®”Μ”„‹@‚Λ‚η‚Ά,Τβ,ΒRκ’–Ϊπ”Τ,131032,“‹“s,`‹ζ,“μΒR‚Q’–Ϊ,2020-03-19,15,‚»‚Μ‘Ό,‚»‚Μ‘Ό,‚ ‚θ
18,ή“,©“®”Μ”„‹@‚Λ‚η‚Ά,“‹pέ,“s‹΄π”Τ,131083,“‹“s,]“‹ζ,“‰_‚Q’–Ϊ,2020-01-05,15,‚»‚Μ‘Ό,‚»‚Μ‘Ό,‚ ‚θ
19,ή“,©“®”Μ”„‹@‚Λ‚η‚Ά,“‹pέ,’C–¤π”Τ,131083,“‹“s,]“‹ζ,’C–¤‚R’–Ϊ,2020-04-01,9,“ΉHγ,‚»‚Μ‘Ό,‚ ‚θ
20,ή“,©“®”Μ”„‹@‚Λ‚η‚Ά,“‹pέ,V–Ψκ‰w‘Oπ”Τ,131083,“‹“s,]“‹ζ,V–Ψκ‚P’–Ϊ,2020-01-18,17,‚»‚Μ‘Ό,‚»‚Μ‘Ό,‚ ‚θ
21,ή“,©“®”Μ”„‹@‚Λ‚η‚Ά,“‹pέ,V–Ψκ‰w‘Oπ”Τ,131083,“‹“s,]“‹ζ,V–Ψκ‚R’–Ϊ,2020-01-17,18,‚»‚Μ‘Ό,‚»‚Μ‘Ό,‚ ‚θ
22,ή“,©“®”Μ”„‹@‚Λ‚η‚Ά,•iμ,‘δκπ”Τ,131091,“‹“s,•iμ‹ζ,–k•iμ‚P’–Ϊ,2020-06-24,11,’“Τi—Φjκ,’“Τi—Φjκ,‚ ‚θ
23,ή“,©“®”Μ”„‹@‚Λ‚η‚Ά,•iμ,Β•¨‰΅’‰w‘Oπ”Τ,131091,“‹“s,•iμ‹ζ,“μ•iμ‚U’–Ϊ,2020-12-04,16,“ΉHγ,‚»‚Μ‘Ό,‚ ‚θ
24,ή“,©“®”Μ”„‹@‚Λ‚η‚Ά,‘εδ,—§‰ομπ”Τ,131091,“‹“s,•iμ‹ζ,“‘εδ‚Q’–Ϊ,2020-09-08,11,‚»‚Μ‘Ό,‚»‚Μ‘Ό,‚ ‚θ
25,ή“,©“®”Μ”„‹@‚Λ‚η‚Ά,‘εθ,ά”½“c‰w‘Oπ”Τ,131091,“‹“s,•iμ‹ζ,‘εθ‚T’–Ϊ,2020-06-25,13,‚»‚Μ‘Ό,‚»‚Μ‘Ό,‚ ‚θ
26,ή“,©“®”Μ”„‹@‚Λ‚η‚Ά,‘εθ,ά”½“c‰w‘Oπ”Τ,131091,“‹“s,•iμ‹ζ,Όά”½“c‚P’–Ϊ,2020-12-25,11,“ΉHγ,‚»‚Μ‘Ό,‚ ‚θ
27,ή“,©“®”Μ”„‹@‚Λ‚η‚Ά,“c‰€’²•z,“c‰€’²•z‰w‘Oπ”Τ,131113,“‹“s,‘ε“c‹ζ,“c‰€’²•z‚T’–Ϊ,2020-12-01,17,“ΉHγ,‚»‚Μ‘Ό,‚ ‚θ
28,ή“,©“®”Μ”„‹@‚Λ‚η‚Ά,—“c,Ό—“cπ”Τ,131113,“‹“s,‘ε“c‹ζ,Ό—“c‚S’–Ϊ,2020-09-12,10,“ΉHγ,‚»‚Μ‘Ό,‚ ‚θ
29,ή“,©“®”Μ”„‹@‚Λ‚η‚Ά,—“c,GFπ”Τ,131113,“‹“s,‘ε“c‹ζ,’‡Z‹½‚R’–Ϊ,2020-11-04,3,‚»‚Μ‘Ό,‚»‚Μ‘Ό,‚ ‚θ
30,ή“,©“®”Μ”„‹@‚Λ‚η‚Ά,—“c,–kβο’Jπ”Τ,131113,“‹“s,‘ε“c‹ζ,Όβο’J‚R’–Ϊ,2020-02-18,15,“ΉHγ,‚»‚Μ‘Ό,‚ ‚θ
31,ή“,©“®”Μ”„‹@‚Λ‚η‚Ά,’rγ,ƒKƒX‹΄π”Τ,131113,“‹“s,‘ε“c‹ζ,‰ΊΫq‚P’–Ϊ,2020-02-03,15,‚»‚Μ‘Ό,‚»‚Μ‘Ό,‚ ‚θ
32,ή“,©“®”Μ”„‹@‚Λ‚η‚Ά,Ά“c’J,O¬’ƒ‰®π”Τ,131121,“‹“s,Ά“c’J‹ζ,‘Ύq“°‚S’–Ϊ,2020-01-22,9,‚»‚Μ‘Ό,‚»‚Μ‘Ό,‚ ‚θ
33,ή“,©“®”Μ”„‹@‚Λ‚η‚Ά,Ά“c’J,γ”nπ”Τ,131121,“‹“s,Ά“c’J‹ζ,‹ξ‘ς‚P’–Ϊ,2020-09-08,8,“ΉHγ,‚»‚Μ‘Ό,‚ ‚θ
34,ή“,©“®”Μ”„‹@‚Λ‚η‚Ά,–k‘ς,’W“‡’Κπ”Τ,131121,“‹“s,Ά“c’J‹ζ,’rK‚S’–Ϊ,2020-08-10,7,“ΉHγ,‚»‚Μ‘Ό,‚ ‚θ
35,ή“,©“®”Μ”„‹@‚Λ‚η‚Ά,–k‘ς,–Ύ‘ε‘O‰w‘Oπ”Τ,131121,“‹“s,Ά“c’J‹ζ,Ό΄‚P’–Ϊ,2020-08-28,18,“ΉHγ,‚»‚Μ‘Ό,‚ ‚θ
36,ή“,©“®”Μ”„‹@‚Λ‚η‚Ά,‹Κμ,“‹Κμπ”Τ,131121,“‹“s,Ά“c’J‹ζ,“‹Κμ‚Q’–Ϊ,2020-08-18,15,“ΉHγ,‚»‚Μ‘Ό,‚ ‚θ
37,ή“,©“®”Μ”„‹@‚Λ‚η‚Ά,‹Κμ,”φR‘δ‰w‘Oπ”Τ,131121,“‹“s,Ά“c’J‹ζ,“™X—Ν‚R’–Ϊ,2019-12-28,17,‚»‚Μ‘Ό,‚»‚Μ‘Ό,‚ ‚θ
38,ή“,©“®”Μ”„‹@‚Λ‚η‚Ά,¬ι,‘ct’J‘ε‘ π”Τ,131121,“‹“s,Ά“c’J‹ζ,‹m‚U’–Ϊ,2020-03-25,15,“ΉHγ,‚»‚Μ‘Ό,‚ ‚θ
39,ή“,©“®”Μ”„‹@‚Λ‚η‚Ά,¬ι,‘ct’J‘ε‘ π”Τ,131121,“‹“s,Ά“c’J‹ζ,‘ct’J‚P’–Ϊ,2020-06-15,14,‚»‚Μ‘Ό,‚»‚Μ‘Ό,‚ ‚θ
40,ή“,©“®”Μ”„‹@‚Λ‚η‚Ά,¬ι,‰GRπ”Τ,131121,“‹“s,Ά“c’J‹ζ,–k‰GR‚P’–Ϊ,2020-03-08,11,“ΉHγ,‚»‚Μ‘Ό,‚Θ‚µ
41,ή“,©“®”Μ”„‹@‚Λ‚η‚Ά,¬ι,‘ε‘ “ρ’–Ϊπ”Τ,131121,“‹“s,Ά“c’J‹ζ,‘ε‘ ‚R’–Ϊ,2020-06-23,9,‚»‚Μ‘Ό,‚»‚Μ‘Ό,‚ ‚θ
42,ή“,©“®”Μ”„‹@‚Λ‚η‚Ά,¬ι,‰–{’“έ,131121,“‹“s,Ά“c’J‹ζ,‰–{‚P’–Ϊ,2020-12-16,16,‚»‚Μ‘Ό,‚»‚Μ‘Ό,‚ ‚θ
43,ή“,©“®”Μ”„‹@‚Λ‚η‚Ά,¬ι,μ‘½©‰w‘Oπ”Τ,131121,“‹“s,Ά“c’J‹ζ,μ‘½©‚S’–Ϊ,2020-09-01,16,‚»‚Μ‘Ό,‚»‚Μ‘Ό,‚ ‚θ
44,ή“,©“®”Μ”„‹@‚Λ‚η‚Ά,”θ•¶’J,w|‘εw‰w‘Oπ”Τ,131105,“‹“s,–Ϊ•‹ζ,”θ•¶’J‚S’–Ϊ,2020-06-27,18,‚»‚Μ‘Ό,‚»‚Μ‘Ό,‚ ‚θ
45,ή“,©“®”Μ”„‹@‚Λ‚η‚Ά,a’J,“ΉΊβγπ”Τ,131130,“‹“s,a’J‹ζ,_ς’¬,2020-01-01,14,’“Τi—Φjκ,’“Τi—Φjκ,‚ ‚θ
46,ή“,©“®”Μ”„‹@‚Λ‚η‚Ά,΄h,_‹{‘Oπ”Τ,131130,“‹“s,a’J‹ζ,_‹{‘O‚P’–Ϊ,2020-01-24,16,‚»‚Μ‘Ό,‚»‚Μ‘Ό,‚Θ‚µ
47,ή“,©“®”Μ”„‹@‚Λ‚η‚Ά,Vh,Vh‰wΌϋπ”Τ,131041,“‹“s,Vh‹ζ,ΌVh‚P’–Ϊ,2020-02-12,21,‚»‚Μ‘Ό,‚»‚Μ‘Ό,‚ ‚θ
48,ή“,©“®”Μ”„‹@‚Λ‚η‚Ά,Λ’Λ,‰Ί—‡‰w‘Oπ”Τ,131041,“‹“s,Vh‹ζ,‰Ί—‡‚P’–Ϊ,2020-08-28,12,‚»‚Μ‘Ό,‚»‚Μ‘Ό,‚ ‚θ
49,ή“,©“®”Μ”„‹@‚Λ‚η‚Ά,l’J,δ‰‘‘ε’Κπ”Τ,131041,“‹“s,Vh‹ζ,Vh‚Q’–Ϊ,2020-06-24,10,“ΉHγ,‚»‚Μ‘Ό,‚ ‚θ
50,ή“,©“®”Μ”„‹@‚Λ‚η‚Ά,l’J,‰Τ‰€π”Τ,131041,“‹“s,Vh‹ζ,Vh‚T’–Ϊ,2020-09-04,16,“ΉHγ,‚»‚Μ‘Ό,‚ ‚θ
51,ή“,©“®”Μ”„‹@‚Λ‚η‚Ά,’†–μ,‘ξ“c’Κπ”Τ,131148,“‹“s,’†–μ‹ζ,’†–μ‚T’–Ϊ,2020-09-02,12,‚»‚Μ‘Ό,‚»‚Μ‘Ό,‚ ‚θ
52,ή“,©“®”Μ”„‹@‚Λ‚η‚Ά,’†–μ,’†–μ‰w‘Oπ”Τ,131148,“‹“s,’†–μ‹ζ,’†–μ‚T’–Ϊ,2020-02-24,10,‚»‚Μ‘Ό,‚»‚Μ‘Ό,‚ ‚θ
53,ή“,©“®”Μ”„‹@‚Λ‚η‚Ά,’†–μ,’†–μ‰w‘Oπ”Τ,131148,“‹“s,’†–μ‹ζ,’†–μ‚T’–Ϊ,2020-09-03,13,‚»‚Μ‘Ό,‚»‚Μ‘Ό,‚ ‚θ
54,ή“,©“®”Μ”„‹@‚Λ‚η‚Ά,’†–μ,“η‰®‰΅’π”Τ,131148,“‹“s,’†–μ‹ζ,–{’¬‚R’–Ϊ,2020-01-22,10,‚»‚Μ‘Ό,‚»‚Μ‘Ό,‚ ‚θ
55,ή“,©“®”Μ”„‹@‚Λ‚η‚Ά,–μ•ϋ,–μ•ϋ‰w‘Oπ”Τ,131148,“‹“s,’†–μ‹ζ,–μ•ϋ‚T’–Ϊ,2020-08-28,14,“ΉHγ,‚»‚Μ‘Ό,‚ ‚θ
56,ή“,©“®”Μ”„‹@‚Λ‚η‚Ά,–μ•ϋ,λ‹{‰w‘Oπ”Τ,131148,“‹“s,’†–μ‹ζ,λ‹{‚S’–Ϊ,2020-08-19,15,’“Τi—Φjκ,’“Τi—Φjκ,‚ ‚θ
57,ή“,©“®”Μ”„‹@‚Λ‚η‚Ά,–μ•ϋ,λ‹{‰w‘Oπ”Τ,131148,“‹“s,’†–μ‹ζ,λ‹{‚S’–Ϊ,2020-08-25,10,’“Τi—Φjκ,’“Τi—Φjκ,‚ ‚θ
58,ή“,©“®”Μ”„‹@‚Λ‚η‚Ά,™•ΐ,‚‰~›π”Τ,131156,“‹“s,™•ΐ‹ζ,‚‰~›“μ‚T’–Ϊ,2020-09-10,11,“ΉHγ,‚»‚Μ‘Ό,‚ ‚θ
59,ή“,©“®”Μ”„‹@‚Λ‚η‚Ά,™•ΐ,‚‰~›“μl’–Ϊπ”Τ,131156,“‹“s,™•ΐ‹ζ,‚‰~›–k‚Q’–Ϊ,2020-09-01,18,“ΉHγ,‚»‚Μ‘Ό,‚ ‚θ
60,ή“,©“®”Μ”„‹@‚Λ‚η‚Ά,™•ΐ,‚‰~›“μl’–Ϊπ”Τ,131156,“‹“s,™•ΐ‹ζ,‚‰~›“μ‚S’–Ϊ,2020-09-10,17,“ΉHγ,‚»‚Μ‘Ό,‚ ‚θ
61,ή“,©“®”Μ”„‹@‚Λ‚η‚Ά,™•ΐ,‚‰~›‰w‘Oπ”Τ,131156,“‹“s,™•ΐ‹ζ,‚‰~›–k‚R’–Ϊ,2020-09-15,0,“ΉHγ,‚»‚Μ‘Ό,‚ ‚θ
62,ή“,©“®”Μ”„‹@‚Λ‚η‚Ά,™•ΐ,‚‰~›‰w‘Oπ”Τ,131156,“‹“s,™•ΐ‹ζ,‚‰~›–k‚S’–Ϊ,2020-09-15,13,’“Τi—Φjκ,’“Τi—Φjκ,‚ ‚θ
63,ή“,©“®”Μ”„‹@‚Λ‚η‚Ά,™•ΐ,‚‰~›‰w‘Oπ”Τ,131156,“‹“s,™•ΐ‹ζ,‚‰~›–k‚S’–Ϊ,2020-09-18,15,’“Τi—Φjκ,’“Τi—Φjκ,‚ ‚θ
64,ή“,©“®”Μ”„‹@‚Λ‚η‚Ά,™•ΐ,‚‰~›‰w‘Oπ”Τ,131156,“‹“s,™•ΐ‹ζ,‚‰~›“μ‚R’–Ϊ,2020-09-17,11,“ΉHγ,‚»‚Μ‘Ό,‚ ‚θ
65,ή“,©“®”Μ”„‹@‚Λ‚η‚Ά,™•ΐ,Ά²’J–kπ”Τ,131156,“‹“s,™•ΐ‹ζ,Ά²’J–k‚S’–Ϊ,2020-09-10,14,“ΉHγ,‚»‚Μ‘Ό,‚ ‚θ
66,ή“,©“®”Μ”„‹@‚Λ‚η‚Ά,™•ΐ,Ά²’J‰w‘Oπ”Τ,131156,“‹“s,™•ΐ‹ζ,Ά²’J–k‚P’–Ϊ,2020-09-10,11,“ΉHγ,‚»‚Μ‘Ό,‚ ‚θ
67,ή“,©“®”Μ”„‹@‚Λ‚η‚Ά,™•ΐ,Ά²’J‰w‘Oπ”Τ,131156,“‹“s,™•ΐ‹ζ,Ά²’J–k‚Q’–Ϊ,2020-09-22,15,“ΉHγ,‚»‚Μ‘Ό,‚ ‚θ
68,ή“,©“®”Μ”„‹@‚Λ‚η‚Ά,™•ΐ,Ά²’J‰w‘Oπ”Τ,131156,“‹“s,™•ΐ‹ζ,Ά²’J“μ‚Q’–Ϊ,2020-03-11,8,‚»‚Μ‘Ό,’“Τi—Φjκ,‚ ‚θ
69,ή“,©“®”Μ”„‹@‚Λ‚η‚Ά,‚δΛ,Ό‰¬“μπ”Τ,131156,“‹“s,™•ΐ‹ζ,ΌΑ‚R’–Ϊ,2020-07-23,13,“ΉHγ,‚»‚Μ‘Ό,‚ ‚θ
70,ή“,©“®”Μ”„‹@‚Λ‚η‚Ά,‚δΛ,‰Ί‚δΛπ”Τ,131156,“‹“s,™•ΐ‹ζ,‰Ί‚δΛ‚P’–Ϊ,2020-10-25,18,“ΉHγ,‚»‚Μ‘Ό,‚ ‚θ
71,ή“,©“®”Μ”„‹@‚Λ‚η‚Ά,‚δΛ,‚δΛΌπ”Τ,131156,“‹“s,™•ΐ‹ζ,‚δΛ“‚P’–Ϊ,2020-04-30,10,“ΉHγ,‚»‚Μ‘Ό,‚ ‚θ
72,ή“,©“®”Μ”„‹@‚Λ‚η‚Ά,‰¬E,‰¬Eά’–Ϊπ”Τ,131156,“‹“s,™•ΐ‹ζ,‰¬E‚T’–Ϊ,2020-11-09,11,“ΉHγ,‚»‚Μ‘Ό,‚ ‚θ
73,ή“,©“®”Μ”„‹@‚Λ‚η‚Ά,‰¬E,‰¬E‰w–kϋπ”Τ,131156,“‹“s,™•ΐ‹ζ,“Vΐ‚R’–Ϊ,2020-08-10,9,“ΉHγ,‚»‚Μ‘Ό,‚ ‚θ
74,ή“,©“®”Μ”„‹@‚Λ‚η‚Ά,‰¬E,‰¬E‰w–kϋπ”Τ,131156,“‹“s,™•ΐ‹ζ,γ‰¬‚P’–Ϊ,2020-08-13,15,“ΉHγ,‚»‚Μ‘Ό,‚ ‚θ
75,ή“,©“®”Μ”„‹@‚Λ‚η‚Ά,‰¬E,‰¬E‰w–kϋπ”Τ,131156,“‹“s,™•ΐ‹ζ,γ‰¬‚P’–Ϊ,2020-09-28,11,“ΉHγ,‚»‚Μ‘Ό,‚ ‚θ
76,ή“,©“®”Μ”„‹@‚Λ‚η‚Ά,‰¬E,‰¬E‰w–kϋπ”Τ,131156,“‹“s,™•ΐ‹ζ,γ‰¬‚Q’–Ϊ,2020-09-25,16,“ΉHγ,‚»‚Μ‘Ό,‚ ‚θ
77,ή“,©“®”Μ”„‹@‚Λ‚η‚Ά,‰¬E,‰¬E‰w–kϋπ”Τ,131156,“‹“s,™•ΐ‹ζ,γ‰¬‚Q’–Ϊ,2020-10-01,12,“ΉHγ,‚»‚Μ‘Ό,‚ ‚θ
78,ή“,©“®”Μ”„‹@‚Λ‚η‚Ά,‰¬E,γδ‘‰w‘Oπ”Τ,131156,“‹“s,™•ΐ‹ζ,γδ‘‚R’–Ϊ,2020-09-06,17,‚»‚Μ‘Ό,‚»‚Μ‘Ό,‚ ‚θ
79,ή“,©“®”Μ”„‹@‚Λ‚η‚Ά,‰¬E,γδ‘‰w‘Oπ”Τ,131156,“‹“s,™•ΐ‹ζ,γδ‘‚R’–Ϊ,2020-12-06,21,‚»‚Μ‘Ό,‚»‚Μ‘Ό,‚ ‚θ
80,ή“,©“®”Μ”„‹@‚Λ‚η‚Ά,•xβ,t“ϊπ”Τ,131059,“‹“s,•¶‹‹ζ,¬Ξμ‚Q’–Ϊ,2020-09-01,16,‚»‚Μ‘Ό,‚»‚Μ‘Ό,‚ ‚θ
81,ή“,©“®”Μ”„‹@‚Λ‚η‚Ά,•xβ,t“ϊπ”Τ,131059,“‹“s,•¶‹‹ζ,γy‚P’–Ϊ,2020-01-01,10,‚»‚Μ‘Ό,‚»‚Μ‘Ό,‚ ‚θ
82,ή“,©“®”Μ”„‹@‚Λ‚η‚Ά,•xβ,¬Ξμδ“a’¬π”Τ,131059,“‹“s,•¶‹‹ζ,ηΞ‚R’–Ϊ,2020-02-26,11,“ΉHγ,‚»‚Μ‘Ό,‚ ‚θ
83,ή“,©“®”Μ”„‹@‚Λ‚η‚Ά,•xβ,γyπ”Τ,131059,“‹“s,•¶‹‹ζ,t“ϊ‚P’–Ϊ,2019-12-31,11,‚»‚Μ‘Ό,‚»‚Μ‘Ό,‚Θ‚µ
84,ή“,©“®”Μ”„‹@‚Λ‚η‚Ά,‘ƒ›,M\’Λπ”Τ,131164,“‹“s,–L“‡‹ζ,‘ƒ›‚S’–Ϊ,2020-11-02,12,‚»‚Μ‘Ό,‚»‚Μ‘Ό,‚ ‚θ
85,ή“,©“®”Μ”„‹@‚Λ‚η‚Ά,‘ƒ›,M\’Λπ”Τ,131164,“‹“s,–L“‡‹ζ,Ό‘ƒ›‚R’–Ϊ,2020-11-05,17,“ΉHγ,‚»‚Μ‘Ό,‚ ‚θ
86,ή“,©“®”Μ”„‹@‚Λ‚η‚Ά,‘ƒ›,‘ε’Λ‰w‘Oπ”Τ,131164,“‹“s,–L“‡‹ζ,–k‘ε’Λ‚P’–Ϊ,2020-02-15,18,’“Τi—Φjκ,’“Τi—Φjκ,‚ ‚θ
87,ή“,©“®”Μ”„‹@‚Λ‚η‚Ά,‘ƒ›,‘ε’Λ‰w‘Oπ”Τ,131164,“‹“s,–L“‡‹ζ,–k‘ε’Λ‚Q’–Ϊ,2020-02-15,18,’“Τi—Φjκ,’“Τi—Φjκ,‚ ‚θ
88,ή“,©“®”Μ”„‹@‚Λ‚η‚Ά,‘ƒ›,‘ε’Λ‰w‘Oπ”Τ,131164,“‹“s,–L“‡‹ζ,–k‘ε’Λ‚Q’–Ϊ,2020-11-10,12,‚»‚Μ‘Ό,‚»‚Μ‘Ό,‚ ‚θ
89,ή“,©“®”Μ”„‹@‚Λ‚η‚Ά,‘ƒ›,‘ε’Λ‰w‘Oπ”Τ,131164,“‹“s,–L“‡‹ζ,“μ‘ε’Λ‚P’–Ϊ,2020-08-13,12,‚»‚Μ‘Ό,’“Τi—Φjκ,‚ ‚θ
90,ή“,©“®”Μ”„‹@‚Λ‚η‚Ά,‘ƒ›,‘ε’Λ‰w‘Oπ”Τ,131164,“‹“s,–L“‡‹ζ,“μ‘ε’Λ‚P’–Ϊ,2020-08-17,16,’“Τi—Φjκ,’“Τi—Φjκ,‚ ‚θ
91,ή“,©“®”Μ”„‹@‚Λ‚η‚Ά,‘ƒ›,‘ε’Λ‰w‘Oπ”Τ,131164,“‹“s,–L“‡‹ζ,“μ‘ε’Λ‚P’–Ϊ,2020-08-17,16,“ΉHγ,‚»‚Μ‘Ό,‚ ‚θ
92,ή“,©“®”Μ”„‹@‚Λ‚η‚Ά,‘ƒ›,‘ε’Λ‰w‘Oπ”Τ,131164,“‹“s,–L“‡‹ζ,“μ‘ε’Λ‚P’–Ϊ,2020-08-17,20,“ΉHγ,‚»‚Μ‘Ό,‚ ‚θ
93,ή“,©“®”Μ”„‹@‚Λ‚η‚Ά,‘ƒ›,‘ε’Λ‰w‘Oπ”Τ,131164,“‹“s,–L“‡‹ζ,“μ‘ε’Λ‚P’–Ϊ,2020-11-18,13,‚»‚Μ‘Ό,‚»‚Μ‘Ό,‚ ‚θ
94,ή“,©“®”Μ”„‹@‚Λ‚η‚Ά,‘ƒ›,‘ƒ›V“cπ”Τ,131164,“‹“s,–L“‡‹ζ,γ’r‘ά‚P’–Ϊ,2020-11-20,12,“ΉHγ,‚»‚Μ‘Ό,‚ ‚θ
95,ή“,©“®”Μ”„‹@‚Λ‚η‚Ά,‘ƒ›,‘ƒ›V“cπ”Τ,131164,“‹“s,–L“‡‹ζ,–k‘ε’Λ‚R’–Ϊ,2020-11-10,12,‚»‚Μ‘Ό,‚»‚Μ‘Ό,‚ ‚θ
96,ή“,©“®”Μ”„‹@‚Λ‚η‚Ά,‘ƒ›,‘ƒ›V“cπ”Τ,131164,“‹“s,–L“‡‹ζ,Ό‘ƒ›‚P’–Ϊ,2020-11-10,10,‚»‚Μ‘Ό,‚»‚Μ‘Ό,‚ ‚θ
97,ή“,©“®”Μ”„‹@‚Λ‚η‚Ά,’r‘ά,’r‘ά“ρ–”π”Τ,131164,“‹“s,–L“‡‹ζ,’r‘ά‚Q’–Ϊ,2020-09-07,18,“ΉHγ,‚»‚Μ‘Ό,‚ ‚θ
98,ή“,©“®”Μ”„‹@‚Λ‚η‚Ά,’r‘ά,γ’r‘άπ”Τ,131164,“‹“s,–L“‡‹ζ,γ’r‘ά‚S’–Ϊ,2020-11-17,11,“ΉHγ,‚»‚Μ‘Ό,‚ ‚θ
99,ή“,©“®”Μ”„‹@‚Λ‚η‚Ά,’r‘ά,μ‰z’Κπ”Τ,131164,“‹“s,–L“‡‹ζ,’r‘ά‚R’–Ϊ,2020-09-02,16,’“Τi—Φjκ,’“Τi—Φjκ,‚ ‚θ
100,ή“,©“®”Μ”„‹@‚Λ‚η‚Ά,’r‘ά,μ‰z’Κπ”Τ,131164,“‹“s,–L“‡‹ζ,’r‘ά‚R’–Ϊ,2020-09-02,16,“ΉHγ,‚»‚Μ‘Ό,‚ ‚θ
101,ή“,©“®”Μ”„‹@‚Λ‚η‚Ά,’r‘ά,•½a’Κπ”Τ,131164,“‹“s,–L“‡‹ζ,’r‘ά‚P’–Ϊ,2020-10-14,13,“ΉHγ,‚»‚Μ‘Ό,‚ ‚θ
102,ή“,©“®”Μ”„‹@‚Λ‚η‚Ά,’r‘ά,•½a’Κπ”Τ,131164,“‹“s,–L“‡‹ζ,’r‘ά‚P’–Ϊ,2020-10-15,18,“ΉHγ,‚»‚Μ‘Ό,‚ ‚θ
103,ή“,©“®”Μ”„‹@‚Λ‚η‚Ά,’r‘ά,•½a’Κπ”Τ,131164,“‹“s,–L“‡‹ζ,’r‘ά‚Q’–Ϊ,2020-09-25,10,‚»‚Μ‘Ό,‚»‚Μ‘Ό,‚ ‚θ
104,ή“,©“®”Μ”„‹@‚Λ‚η‚Ά,’r‘ά,•½a’Κπ”Τ,131164,“‹“s,–L“‡‹ζ,’r‘ά‚Q’–Ϊ,2020-10-16,10,“ΉHγ,‚»‚Μ‘Ό,‚ ‚θ
105,ή“,©“®”Μ”„‹@‚Λ‚η‚Ά,–Ϊ”’,“μ’r‘άπ”Τ,131164,“‹“s,–L“‡‹ζ,“μ’r‘ά‚P’–Ϊ,2020-10-05,12,‚»‚Μ‘Ό,‚»‚Μ‘Ό,‚ ‚θ
106,ή“,©“®”Μ”„‹@‚Λ‚η‚Ά,–Ϊ”’,“’·θ‰w‘Oπ”Τ,131164,“‹“s,–L“‡‹ζ,’·θ‚T’–Ϊ,2020-02-04,9,‚»‚Μ‘Ό,‚»‚Μ‘Ό,‚Θ‚µ
107,ή“,©“®”Μ”„‹@‚Λ‚η‚Ά,–Ϊ”’,—v’¬π”Τ,131164,“‹“s,–L“‡‹ζ,—v’¬‚P’–Ϊ,2020-10-01,6,‚»‚Μ‘Ό,‚»‚Μ‘Ό,‚ ‚θ
108,ή“,©“®”Μ”„‹@‚Λ‚η‚Ά,–Ϊ”’,ημπ”Τ,131164,“‹“s,–L“‡‹ζ,—v’¬‚R’–Ϊ,2019-12-30,11,“ΉHγ,‚»‚Μ‘Ό,‚ ‚θ
109,ή“,©“®”Μ”„‹@‚Λ‚η‚Ά,‘κ–μμ,”Β‹΄‰w“ϋπ”Τ,131172,“‹“s,–k‹ζ,‘κ–μμ‚Q’–Ϊ,2020-01-15,12,“ΉHγ,‚»‚Μ‘Ό,‚ ‚θ
110,ή“,©“®”Μ”„‹@‚Λ‚η‚Ά,‘κ–μμ,”Β‹΄‰w“ϋπ”Τ,131172,“‹“s,–k‹ζ,‘κ–μμ‚V’–Ϊ,2020-11-11,11,“ΉHγ,‚»‚Μ‘Ό,‚ ‚θ
111,ή“,©“®”Μ”„‹@‚Λ‚η‚Ά,‘κ–μμ,ΌƒP΄π”Τ,131172,“‹“s,–k‹ζ,ΌƒP΄‚P’–Ϊ,2020-11-18,8,“ΉHγ,‚»‚Μ‘Ό,‚ ‚θ
112,ή“,©“®”Μ”„‹@‚Λ‚η‚Ά,‘κ–μμ,“c’[‚‘δπ”Τ,131172,“‹“s,–k‹ζ,’†—Ά‚Q’–Ϊ,2020-10-27,11,“ΉHγ,‚»‚Μ‘Ό,‚ ‚θ
113,ή“,©“®”Μ”„‹@‚Λ‚η‚Ά,‘κ–μμ,’†—Άπ”Τ,131172,“‹“s,–k‹ζ,“c’[‚S’–Ϊ,2020-09-01,9,“ΉHγ,‚»‚Μ‘Ό,‚ ‚θ
114,ή“,©“®”Μ”„‹@‚Λ‚η‚Ά,‰¤q,‰¤qά’–Ϊπ”Τ,131172,“‹“s,–k‹ζ,–L“‡‚S’–Ϊ,2020-06-29,9,‚»‚Μ‘Ό,‚»‚Μ‘Ό,‚ ‚θ
115,ή“,©“®”Μ”„‹@‚Λ‚η‚Ά,‰¤q,\π’‡΄π”Τ,131172,“‹“s,–k‹ζ,“\π‚U’–Ϊ,2020-10-19,8,“ΉHγ,‚»‚Μ‘Ό,‚ ‚θ
116,ή“,©“®”Μ”„‹@‚Λ‚η‚Ά,”Β‹΄,•½”φπ”Τ,131199,“‹“s,”Β‹΄‹ζ,”Β‹΄‚Q’–Ϊ,2020-01-15,0,‚»‚Μ‘Ό,‚»‚Μ‘Ό,‚Θ‚µ
117,ή“,©“®”Μ”„‹@‚Λ‚η‚Ά,”Β‹΄,•½”φπ”Τ,131199,“‹“s,”Β‹΄‹ζ,”Β‹΄‚Q’–Ϊ,2020-02-24,15,‚»‚Μ‘Ό,‚»‚Μ‘Ό,‚Θ‚µ
118,ή“,©“®”Μ”„‹@‚Λ‚η‚Ά,”Β‹΄,•½”φπ”Τ,131199,“‹“s,”Β‹΄‹ζ,”Β‹΄‚Q’–Ϊ,2020-02-26,11,‚»‚Μ‘Ό,‚»‚Μ‘Ό,‚Θ‚µ
119,ή“,©“®”Μ”„‹@‚Λ‚η‚Ά,”Β‹΄,F–μ’¬π”Τ,131199,“‹“s,”Β‹΄‹ζ,“μ’¬,2020-09-07,12,“ΉHγ,‚»‚Μ‘Ό,‚ ‚θ
120,ή“,©“®”Μ”„‹@‚Λ‚η‚Ά,”Β‹΄,‘εR’¬π”Τ,131199,“‹“s,”Β‹΄‹ζ,‘εR‹ΰδ’¬,2020-04-22,9,“ΉHγ,‚»‚Μ‘Ό,‚ ‚θ
121,ή“,©“®”Μ”„‹@‚Λ‚η‚Ά,”Β‹΄,‘εR’¬π”Τ,131199,“‹“s,”Β‹΄‹ζ,‘εR’¬,2020-10-05,16,‚»‚Μ‘Ό,‚»‚Μ‘Ό,‚ ‚θ
122,ή“,©“®”Μ”„‹@‚Λ‚η‚Ά,”Β‹΄,’†”Β‹΄π”Τ,131199,“‹“s,”Β‹΄‹ζ,‘o—t’¬,2020-04-22,9,’“Τi—Φjκ,’“Τi—Φjκ,‚ ‚θ
123,ή“,©“®”Μ”„‹@‚Λ‚η‚Ά,”Β‹΄,’†”Β‹΄π”Τ,131199,“‹“s,”Β‹΄‹ζ,‘o—t’¬,2020-09-09,14,’“Τi—Φjκ,’“Τi—Φjκ,‚ ‚θ
124,ή“,©“®”Μ”„‹@‚Λ‚η‚Ά,—ϋ”n,•xm©‘δ‰w‘Oπ”Τ,131202,“‹“s,—ϋ”n‹ζ,Ρδ‚R’–Ϊ,2020-04-15,14,“ΉHγ,‚»‚Μ‘Ό,‚ ‚θ
125,ή“,©“®”Μ”„‹@‚Λ‚η‚Ά,Ξ_δ,Ξ_δφ‰€‰w‘Oπ”Τ,131202,“‹“s,—ϋ”n‹ζ,Ξ_δ’¬‚R’–Ϊ,2020-06-14,21,“ΉHγ,‚»‚Μ‘Ό,‚ ‚θ
126,ή“,©“®”Μ”„‹@‚Λ‚η‚Ά,Ξ_δ,Ξ_δφ‰€‰w‘Oπ”Τ,131202,“‹“s,—ϋ”n‹ζ,Ξ_δ’¬‚R’–Ϊ,2020-06-28,21,“ΉHγ,‚»‚Μ‘Ό,‚ ‚θ
127,ή“,©“®”Μ”„‹@‚Λ‚η‚Ά,‚“‡•½,Ό‰@‘Oπ”Τ,131199,“‹“s,”Β‹΄‹ζ,l—t‚Q’–Ϊ,2020-04-16,11,‚»‚Μ‘Ό,‚»‚Μ‘Ό,‚ ‚θ
128,ή“,©“®”Μ”„‹@‚Λ‚η‚Ά,υ‚‹u,’J΄π”Τ,131202,“‹“s,—ϋ”n‹ζ,‚Ό‚R’–Ϊ,2020-05-16,8,‚»‚Μ‘Ό,‚»‚Μ‘Ό,‚ ‚θ
129,ή“,©“®”Μ”„‹@‚Λ‚η‚Ά,γ–μ,‘δ“π”Τ,131067,“‹“s,‘δ“‹ζ,‘δ“‚Q’–Ϊ,2020-02-05,18,‚»‚Μ‘Ό,‚»‚Μ‘Ό,‚Θ‚µ
130,ή“,©“®”Μ”„‹@‚Λ‚η‚Ά,γ–μ,δ“k’¬π”Τ,131067,“‹“s,‘δ“‹ζ,‘δ“‚Q’–Ϊ,2020-03-19,0,“ΉHγ,‚»‚Μ‘Ό,‚ ‚θ
131,ή“,©“®”Μ”„‹@‚Λ‚η‚Ά,γ–μ,φ‰€‘Oπ”Τ,131067,“‹“s,‘δ“‹ζ,γ–μ‚U’–Ϊ,2020-07-17,13,‚»‚Μ‘Ό,‚»‚Μ‘Ό,‚ ‚θ
132,ή“,©“®”Μ”„‹@‚Λ‚η‚Ά,γ–μ,γ–μ‰wπ”Τ,131067,“‹“s,‘δ“‹ζ,γ–μ‚V’–Ϊ,2020-08-06,11,“ΉHγ,‚»‚Μ‘Ό,‚ ‚θ
133,ή“,©“®”Μ”„‹@‚Λ‚η‚Ά,‰Ί’J,Oƒm—Φπ”Τ,131067,“‹“s,‘δ“‹ζ,—³ς‚R’–Ϊ,2020-02-18,12,“ΉHγ,‚»‚Μ‘Ό,‚ ‚θ
134,ή“,©“®”Μ”„‹@‚Λ‚η‚Ά,‰Ί’J,Oƒm—Φπ”Τ,131067,“‹“s,‘δ“‹ζ,—³ς‚R’–Ϊ,2020-11-25,10,“ΉHγ,‚»‚Μ‘Ό,‚ ‚θ
135,ή“,©“®”Μ”„‹@‚Λ‚η‚Ά,‰Ί’J,“ό’JΌπ”Τ,131067,“‹“s,‘δ“‹ζ,‰Ί’J‚P’–Ϊ,2020-05-06,17,“ΉHγ,‚»‚Μ‘Ό,‚ ‚θ
136,ή“,©“®”Μ”„‹@‚Λ‚η‚Ά,‘ ‘O,‘ ‘O“ρ’–Ϊπ”Τ,131067,“‹“s,‘δ“‹ζ,υ‚R’–Ϊ,2020-07-24,15,“ΉHγ,‚»‚Μ‘Ό,‚ ‚θ
137,ή“,©“®”Μ”„‹@‚Λ‚η‚Ά,“μηZ,“μηZ‰w“ϋπ”Τ,131181,“‹“s,rμ‹ζ,“μηZ‚V’–Ϊ,2020-10-05,20,‚»‚Μ‘Ό,‚»‚Μ‘Ό,‚ ‚θ
138,ή“,©“®”Μ”„‹@‚Λ‚η‚Ά,rμ,““ϊ•ι—Άπ”Τ,131181,“‹“s,rμ‹ζ,““ϊ•ι—Ά‚Q’–Ϊ,2020-07-22,18,‚»‚Μ‘Ό,‚»‚Μ‘Ό,‚ ‚θ
139,ή“,©“®”Μ”„‹@‚Λ‚η‚Ά,rμ,’¬‰®π”Τ,131181,“‹“s,rμ‹ζ,’¬‰®‚R’–Ϊ,2020-04-26,20,‚»‚Μ‘Ό,‚»‚Μ‘Ό,‚ ‚θ
140,ή“,©“®”Μ”„‹@‚Λ‚η‚Ά,rμ,“ϊ•ι—Ά‰w‘Oπ”Τ,131181,“‹“s,rμ‹ζ,Ό“ϊ•ι—Ά‚Q’–Ϊ,2020-10-27,12,’“Τi—Φjκ,’“Τi—Φjκ,‚ ‚θ
141,ή“,©“®”Μ”„‹@‚Λ‚η‚Ά,rμ,Ό“ϊ•ι—Ά‰w‘Oπ”Τ,131181,“‹“s,rμ‹ζ,Ό“ϊ•ι—Ά‚S’–Ϊ,2020-04-14,15,’“Τi—Φjκ,’“Τi—Φjκ,‚ ‚θ
142,ή“,©“®”Μ”„‹@‚Λ‚η‚Ά,rμ,Ό“ϊ•ι—Ά‰w‘Oπ”Τ,131181,“‹“s,rμ‹ζ,Ό“ϊ•ι—Ά‚T’–Ϊ,2020-10-27,12,‚»‚Μ‘Ό,‚»‚Μ‘Ό,‚ ‚θ
143,ή“,©“®”Μ”„‹@‚Λ‚η‚Ά,ηZ,’¬π”Τ,131211,“‹“s,‘«—§‹ζ,ηZ’¬,2020-09-25,17,‚»‚Μ‘Ό,‚»‚Μ‘Ό,‚ ‚θ
144,ή“,©“®”Μ”„‹@‚Λ‚η‚Ά,ΌVδ,”~“cµ’–Ϊπ”Τ,131211,“‹“s,‘«—§‹ζ,”~“‡‚P’–Ϊ,2020-10-12,15,’“Τi—Φjκ,’“Τi—Φjκ,‚ ‚θ
145,ή“,©“®”Μ”„‹@‚Λ‚η‚Ά,ΌVδ,–{–Ψπ”Τ,131211,“‹“s,‘«—§‹ζ,ΌVδ–{’¬‚S’–Ϊ,2020-04-22,9,‚»‚Μ‘Ό,‚»‚Μ‘Ό,‚ ‚θ
146,ή“,©“®”Μ”„‹@‚Λ‚η‚Ά,»£,’†‰›–{’¬π”Τ,131211,“‹“s,‘«—§‹ζ,’†‰›–{’¬‚T’–Ϊ,2020-03-09,8,‚»‚Μ‘Ό,‚»‚Μ‘Ό,‚ ‚θ
147,ή“,©“®”Μ”„‹@‚Λ‚η‚Ά,»£,’†‰›–{’¬π”Τ,131211,“‹“s,‘«—§‹ζ,•½–μ‚Q’–Ϊ,2020-10-29,11,“ΉHγ,‚»‚Μ‘Ό,‚Θ‚µ
148,ή“,©“®”Μ”„‹@‚Λ‚η‚Ά,»£,‘«—§l’–Ϊπ”Τ,131211,“‹“s,‘«—§‹ζ,‘«—§‚P’–Ϊ,2020-12-07,1,‚»‚Μ‘Ό,’“Τi—Φjκ,‚Θ‚µ
149,ή“,©“®”Μ”„‹@‚Λ‚η‚Ά,»£,‘«—§l’–Ϊπ”Τ,131211,“‹“s,‘«—§‹ζ,‘«—§‚S’–Ϊ,2020-11-30,20,‚»‚Μ‘Ό,‚»‚Μ‘Ό,‚ ‚θ
150,ή“,©“®”Μ”„‹@‚Λ‚η‚Ά,’|‚Μ’Λ,•Ϋ–ΨΤπ”Τ,131211,“‹“s,‘«—§‹ζ,•Ϋ–ΨΤ‚P’–Ϊ,2020-11-30,19,‚»‚Μ‘Ό,‚»‚Μ‘Ό,‚ ‚θ
151,ή“,©“®”Μ”„‹@‚Λ‚η‚Ά,’|‚Μ’Λ,Ό•Ϋ–ΨΤπ”Τ,131211,“‹“s,‘«—§‹ζ,‰Τ”¨‚S’–Ϊ,2020-05-11,18,‚»‚Μ‘Ό,‚»‚Μ‘Ό,‚ ‚θ
152,ή“,©“®”Μ”„‹@‚Λ‚η‚Ά,ι“,iJ‹΄π”Τ,131083,“‹“s,]“‹ζ,‘ε“‡‚S’–Ϊ,2020-04-02,10,‚»‚Μ‘Ό,‚»‚Μ‘Ό,‚ ‚θ
153,ή“,©“®”Μ”„‹@‚Λ‚η‚Ά,ι“,‹TΛπ”Τ,131083,“‹“s,]“‹ζ,‹TΛ‚Q’–Ϊ,2020-11-13,3,‚»‚Μ‘Ό,‚»‚Μ‘Ό,‚ ‚θ
154,ή“,©“®”Μ”„‹@‚Λ‚η‚Ά,–{,‹eμ“ρ’–Ϊπ”Τ,131075,“‹“s,–n“c‹ζ,—§μ‚P’–Ϊ,2020-03-05,15,’“Τi—Φjκ,’“Τi—Φjκ,‚ ‚θ
155,ή“,©“®”Μ”„‹@‚Λ‚η‚Ά,–{,‹Ρ…’¬‰w“μϋπ”Τ,131075,“‹“s,–n“c‹ζ,]“‹΄‚S’–Ϊ,2020-06-16,9,’“Τi—Φjκ,’“Τi—Φjκ,‚ ‚θ
156,ή“,©“®”Μ”„‹@‚Λ‚η‚Ά,–{,Ύ–βπ”Τ,131075,“‹“s,–n“c‹ζ,ό“‡‚P’–Ϊ,2020-12-18,8,‚»‚Μ‘Ό,‚»‚Μ‘Ό,‚ ‚θ
157,ή“,©“®”Μ”„‹@‚Λ‚η‚Ά,ό“‡,¬‘Ίδπ”Τ,131075,“‹“s,–n“c‹ζ,—§‰Τ‚S’–Ϊ,2020-11-23,13,“ΉHγ,‚»‚Μ‘Ό,‚ ‚θ
158,ή“,©“®”Μ”„‹@‚Λ‚η‚Ά,ό“‡,‹“‡“ρ’–Ϊπ”Τ,131075,“‹“s,–n“c‹ζ,‹“‡‚R’–Ϊ,2020-11-07,10,“ΉHγ,‚»‚Μ‘Ό,‚ ‚θ
159,ή“,©“®”Μ”„‹@‚Λ‚η‚Ά,‹T—L,¬›π”Τ,131229,“‹“s,‹ό‹ζ,¬›‚Q’–Ϊ,2020-05-13,6,‚»‚Μ‘Ό,‚»‚Μ‘Ό,‚ ‚θ
160,ή“,©“®”Μ”„‹@‚Λ‚η‚Ά,‹T—L,Δ–”π”Τ,131229,“‹“s,‹ό‹ζ,Δ–”‚S’–Ϊ,2020-09-16,18,‚»‚Μ‘Ό,‚»‚Μ‘Ό,‚ ‚θ
161,ή“,©“®”Μ”„‹@‚Λ‚η‚Ά,‹T—L,‹ΰ’¬‰w–kϋπ”Τ,131229,“‹“s,‹ό‹ζ,“‹ΰ’¬‚P’–Ϊ,2020-05-01,22,‚»‚Μ‘Ό,‚»‚Μ‘Ό,‚ ‚θ
162,ή“,©“®”Μ”„‹@‚Λ‚η‚Ά,‹T—L,…³φ‰€‘Oπ”Τ,131229,“‹“s,‹ό‹ζ,…³φ‰€,2020-01-18,14,‚»‚Μ‘Ό,‚»‚Μ‘Ό,‚ ‚θ
163,ή“,©“®”Μ”„‹@‚Λ‚η‚Ά,‹T—L,…³φ‰€‘Oπ”Τ,131229,“‹“s,‹ό‹ζ,…³φ‰€,2020-05-28,17,‚»‚Μ‘Ό,‚»‚Μ‘Ό,‚ ‚θ
164,ή“,©“®”Μ”„‹@‚Λ‚η‚Ά,‹ό,—§Ξ‰w‘Oπ”Τ,131229,“‹“s,‹ό‹ζ,—§Ξ‚T’–Ϊ,2020-05-01,17,‚»‚Μ‘Ό,’“Τi—Φjκ,‚ ‚θ
165,ή“,©“®”Μ”„‹@‚Λ‚η‚Ά,¬Όμ,”‘ ‹΄π”Τ,131237,“‹“s,]Λμ‹ζ,‘ε™‚S’–Ϊ,2020-05-25,23,‚»‚Μ‘Ό,‚»‚Μ‘Ό,‚ ‚θ
166,ή“,©“®”Μ”„‹@‚Λ‚η‚Ά,¬Όμ,κ”V]π”Τ,131237,“‹“s,]Λμ‹ζ,κ”V]‚T’–Ϊ,2020-01-31,18,“ΉHγ,‚»‚Μ‘Ό,‚ ‚θ
167,ή“,©“®”Μ”„‹@‚Λ‚η‚Ά,¬Όμ,]‰w‘Oπ”Τ,131237,“‹“s,]Λμ‹ζ,“]‚P’–Ϊ,2020-08-19,19,‚»‚Μ‘Ό,‚»‚Μ‘Ό,‚ ‚θ
168,ή“,©“®”Μ”„‹@‚Λ‚η‚Ά,¬Όμ,]‰w‘Oπ”Τ,131237,“‹“s,]Λμ‹ζ,“]‚P’–Ϊ,2020-10-21,19,‚»‚Μ‘Ό,‚»‚Μ‘Ό,‚ ‚θ
169,ή“,©“®”Μ”„‹@‚Λ‚η‚Ά,¬β,“ρ–‡‹΄π”Τ,131237,“‹“s,]Λμ‹ζ,“Ό–{‚Q’–Ϊ,2020-02-25,13,’“Τi—Φjκ,’“Τi—Φjκ,‚ ‚θ
170,ή“,©“®”Μ”„‹@‚Λ‚η‚Ά,¬β,]Λμπ”Τ,131237,“‹“s,]Λμ‹ζ,–k¬β‚P’–Ϊ,2020-08-29,18,‚»‚Μ‘Ό,‚»‚Μ‘Ό,‚ ‚θ
171,ή“,©“®”Μ”„‹@‚Λ‚η‚Ά,¬β,]Λμπ”Τ,131237,“‹“s,]Λμ‹ζ,–k¬β‚P’–Ϊ,2020-09-17,18,‚»‚Μ‘Ό,‚»‚Μ‘Ό,‚ ‚θ
172,ή“,©“®”Μ”„‹@‚Λ‚η‚Ά,¬β,­π”Τ,131237,“‹“s,]Λμ‹ζ,­‚Q’–Ϊ,2020-01-16,13,’“Τi—Φjκ,’“Τi—Φjκ,‚ ‚θ
173,ή“,©“®”Μ”„‹@‚Λ‚η‚Ά,‹Ό,‘D–x‰w‘Oπ”Τ,131237,“‹“s,]Λμ‹ζ,‘D–x‚S’–Ϊ,2019-12-17,4,‚»‚Μ‘Ό,‚»‚Μ‘Ό,‚ ‚θ
174,ή“,©“®”Μ”„‹@‚Λ‚η‚Ά,‚”φ,‚”φ‰w‘Oπ”Τ,132012,“‹“s,”‰¤qs,U“c’¬‚R’–Ϊ,2020-08-12,16,“ΉHγ,‚»‚Μ‘Ό,‚ ‚θ
175,ή“,©“®”Μ”„‹@‚Λ‚η‚Ά,‚”φ,•ΐ–Ψ’¬π”Τ,132012,“‹“s,”‰¤qs,U“c’¬‚R’–Ϊ,2020-08-21,15,“ΉHγ,‚»‚Μ‘Ό,‚ ‚θ
176,ή“,©“®”Μ”„‹@‚Λ‚η‚Ά,‚”φ,•ΐ–Ψ’¬π”Τ,132012,“‹“s,”‰¤qs,U“c’¬‚R’–Ϊ,2020-08-24,15,“ΉHγ,‚»‚Μ‘Ό,‚ ‚θ
177,ή“,©“®”Μ”„‹@‚Λ‚η‚Ά,‚”φ,‚ί‚¶‚λ‘δπ”Τ,132012,“‹“s,”‰¤qs,­“c’¬,2020-09-30,12,“ΉHγ,‚»‚Μ‘Ό,‚ ‚θ
178,ή“,©“®”Μ”„‹@‚Λ‚η‚Ά,‚”φ,’·–[’¬π”Τ,132012,“‹“s,”‰¤qs,’·–[’¬,2020-09-21,16,“ΉHγ,‚»‚Μ‘Ό,‚ ‚θ
179,ή“,©“®”Μ”„‹@‚Λ‚η‚Ά,‚”φ,‚”φ‰Ί’“έ,132012,“‹“s,”‰¤qs,“μσμ’¬,2020-03-24,8,‚»‚Μ‘Ό,‚»‚Μ‘Ό,‚ ‚θ
180,ή“,©“®”Μ”„‹@‚Λ‚η‚Ά,‘½–€’†‰›,‰iRl’–Ϊπ”Τ,132241,“‹“s,‘½–€s,z–K‚T’–Ϊ,2020-06-13,19,‚»‚Μ‘Ό,‚»‚Μ‘Ό,‚ ‚θ
181,ή“,©“®”Μ”„‹@‚Λ‚η‚Ά,‘½–€’†‰›,‰iRl’–Ϊπ”Τ,132241,“‹“s,‘½–€s,z–K‚T’–Ϊ,2020-11-18,21,‚»‚Μ‘Ό,‚»‚Μ‘Ό,‚ ‚θ
182,ή“,©“®”Μ”„‹@‚Λ‚η‚Ά,‘½–€’†‰›,‘εΫπ”Τ,132250,“‹“s,ξιs,“’·ΐ,2020-09-07,14,‚»‚Μ‘Ό,‚»‚Μ‘Ό,‚ ‚θ
183,ή“,©“®”Μ”„‹@‚Λ‚η‚Ά,‘½–€’†‰›,ΉƒP‹u’“έ,132241,“‹“s,‘½–€s,Aυ›‚T’–Ϊ,2020-10-22,8,‚»‚Μ‘Ό,‚»‚Μ‘Ό,‚ ‚θ
184,ή“,©“®”Μ”„‹@‚Λ‚η‚Ά,‘½–€’†‰›,ό—z‘δ’“έ,132250,“‹“s,ξιs,ό—z‘δ‚S’–Ϊ,2020-11-02,9,‚»‚Μ‘Ό,‚»‚Μ‘Ό,‚ ‚θ
185,ή“,©“®”Μ”„‹@‚Λ‚η‚Ά,“‘εa,‚―‚β‚«’Κπ”Τ,132209,“‹“s,“‘εas,’‡΄‚Q’–Ϊ,2020-10-02,17,“ΉHγ,‚»‚Μ‘Ό,‚ ‚θ
186,ή“,©“®”Μ”„‹@‚Λ‚η‚Ά,“‘εa,Oƒc–Ψπ”Τ,132233,“‹“s,•‘ ‘ΊRs,Oƒc–Ψ‚S’–Ϊ,2020-02-27,12,‚»‚Μ‘Ό,‚»‚Μ‘Ό,‚ ‚θ
187,ή“,©“®”Μ”„‹@‚Λ‚η‚Ά,“‘εa,Oƒc–Ψπ”Τ,132233,“‹“s,•‘ ‘ΊRs,’†΄‚S’–Ϊ,2020-07-14,7,‚»‚Μ‘Ό,‚»‚Μ‘Ό,‚Θ‚µ
188,ή“,©“®”Μ”„‹@‚Λ‚η‚Ά,Β”~,‰Ί’·•£’“έ,132055,“‹“s,Β”~s,’·•£‚R’–Ϊ,2020-10-27,12,“ΉHγ,‚»‚Μ‘Ό,‚Θ‚µ
189,ή“,©“®”Μ”„‹@‚Λ‚η‚Ά,Β”~,‰Ί’·•£’“έ,132055,“‹“s,Β”~s,’·•£‚S’–Ϊ,2020-07-01,13,“ΉHγ,‚»‚Μ‘Ό,‚Θ‚µ
190,ή“,©“®”Μ”„‹@‚Λ‚η‚Ά,Β”~,V’¬π”Τ,132055,“‹“s,Β”~s,V’¬‚U’–Ϊ,2020-04-14,15,“ΉHγ,‚»‚Μ‘Ό,‚ ‚θ
191,ή“,©“®”Μ”„‹@‚Λ‚η‚Ά,•¶,‰΅“cπ”Τ,132187,“‹“s,•¶s,‘εFμ,2020-07-10,18,‚»‚Μ‘Ό,‚»‚Μ‘Ό,‚ ‚θ
192,ή“,©“®”Μ”„‹@‚Λ‚η‚Ά,•¶,‰΅“cπ”Τ,132187,“‹“s,•¶s,•‘ –μ‘δ‚P’–Ϊ,2020-07-13,15,‚»‚Μ‘Ό,‚»‚Μ‘Ό,‚ ‚θ
193,ή“,©“®”Μ”„‹@‚Λ‚η‚Ά,•¶,‰΅“cπ”Τ,132187,“‹“s,•¶s,•‘ –μ‘δ‚P’–Ϊ,2020-07-14,13,‚»‚Μ‘Ό,‚»‚Μ‘Ό,‚ ‚θ
194,ή“,©“®”Μ”„‹@‚Λ‚η‚Ά,•¶,“ΰoπ”Τ,132187,“‹“s,•¶s,‘εFμ,2020-07-17,15,‚»‚Μ‘Ό,‚»‚Μ‘Ό,‚ ‚θ
195,ή“,©“®”Μ”„‹@‚Λ‚η‚Ά,•¶,” ƒPθ’“έ,133035,“‹“s,•δ’¬,‘ε” ƒPθ,2020-07-14,9,“ΉHγ,‚»‚Μ‘Ό,‚ ‚θ
196,ή“,©“®”Μ”„‹@‚Λ‚η‚Ά,•¶,Hμ‰w‘Oπ”Τ,132284,“‹“s,‚ ‚«‚ι–μs,Hμ‚S’–Ϊ,2020-08-02,12,“ΉHγ,‚»‚Μ‘Ό,‚ ‚θ
197,ή“,©“®”Μ”„‹@‚Λ‚η‚Ά,•¶,Hμ‰w‘Oπ”Τ,132284,“‹“s,‚ ‚«‚ι–μs,Hμ‚U’–Ϊ,2020-08-25,12,‚»‚Μ‘Ό,‚»‚Μ‘Ό,‚ ‚θ
198,ή“,©“®”Μ”„‹@‚Λ‚η‚Ά,”‰¤q,Ό”‰¤q‰w‘Oπ”Τ,132012,“‹“s,”‰¤qs,ηl’¬‚Q’–Ϊ,2020-08-11,15,“ΉHγ,‚»‚Μ‘Ό,‚ ‚θ
199,ή“,©“®”Μ”„‹@‚Λ‚η‚Ά,”‰¤q,Ό”‰¤q‰w‘Oπ”Τ,132012,“‹“s,”‰¤qs,ηl’¬‚Q’–Ϊ,2020-11-05,17,“ΉHγ,‚»‚Μ‘Ό,‚ ‚θ
200,ή“,©“®”Μ”„‹@‚Λ‚η‚Ά,”‰¤q,Ό”‰¤q‰w‘Oπ”Τ,132012,“‹“s,”‰¤qs,ηl’¬‚R’–Ϊ,2020-11-11,17,“ΉHγ,‚»‚Μ‘Ό,‚ ‚θ
201,ή“,©“®”Μ”„‹@‚Λ‚η‚Ά,”‰¤q,Ό”‰¤q‰w‘Oπ”Τ,132012,“‹“s,”‰¤qs,ηl’¬‚S’–Ϊ,2020-08-05,18,“ΉHγ,‚»‚Μ‘Ό,‚ ‚θ
202,ή“,©“®”Μ”„‹@‚Λ‚η‚Ά,”‰¤q,Ό”‰¤q‰w‘Oπ”Τ,132012,“‹“s,”‰¤qs,ηl’¬‚S’–Ϊ,2020-08-11,15,“ΉHγ,‚»‚Μ‘Ό,‚ ‚θ
203,ή“,©“®”Μ”„‹@‚Λ‚η‚Ά,”‰¤q,’Η•π”Τ,132012,“‹“s,”‰¤qs,’Η•’¬,2020-10-29,12,“ΉHγ,‚»‚Μ‘Ό,‚ ‚θ
204,ή“,©“®”Μ”„‹@‚Λ‚η‚Ά,”‰¤q,’Η•π”Τ,132012,“‹“s,”‰¤qs,’Η•’¬,2020-11-09,14,“ΉHγ,‚»‚Μ‘Ό,‚ ‚θ
205,ή“,©“®”Μ”„‹@‚Λ‚η‚Ά,”‰¤q,’Η•π”Τ,132012,“‹“s,”‰¤qs,’Η•’¬,2020-11-09,15,“ΉHγ,‚»‚Μ‘Ό,‚ ‚θ
206,ή“,©“®”Μ”„‹@‚Λ‚η‚Ά,”‰¤q,’Η•π”Τ,132012,“‹“s,”‰¤qs,¬–ε’¬,2020-11-05,13,“ΉHγ,‚»‚Μ‘Ό,‚ ‚θ
207,ή“,©“®”Μ”„‹@‚Λ‚η‚Ά,”‰¤q,’Η•π”Τ,132012,“‹“s,”‰¤qs,ηl’¬‚P’–Ϊ,2020-11-12,8,“ΉHγ,‚»‚Μ‘Ό,‚ ‚θ
208,ή“,©“®”Μ”„‹@‚Λ‚η‚Ά,”‰¤q,’Η•π”Τ,132012,“‹“s,”‰¤qs,ηl’¬‚P’–Ϊ,2020-11-12,10,“ΉHγ,‚»‚Μ‘Ό,‚ ‚θ
209,ή“,©“®”Μ”„‹@‚Λ‚η‚Ά,”‰¤q,’†–μπ”Τ,132012,“‹“s,”‰¤qs,’†–μγ’¬‚P’–Ϊ,2020-07-11,19,“ΉHγ,‚»‚Μ‘Ό,‚ ‚θ
210,ή“,©“®”Μ”„‹@‚Λ‚η‚Ά,”‰¤q,”‰¤q‰w“μϋπ”Τ,132012,“‹“s,”‰¤qs,›’¬,2020-09-03,11,’“Τi—Φjκ,’“Τi—Φjκ,‚ ‚θ
211,ή“,©“®”Μ”„‹@‚Λ‚η‚Ά,”‰¤q,”‰¤q‰w“μϋπ”Τ,132012,“‹“s,”‰¤qs,qΐ’¬‚P’–Ϊ,2020-09-04,8,“ΉHγ,‚»‚Μ‘Ό,‚ ‚θ
212,ή“,©“®”Μ”„‹@‚Λ‚η‚Ά,”‰¤q,”‰¤q‰w“μϋπ”Τ,132012,“‹“s,”‰¤qs,qΐ’¬‚P’–Ϊ,2020-09-04,13,“ΉHγ,‚»‚Μ‘Ό,‚ ‚θ
213,ή“,©“®”Μ”„‹@‚Λ‚η‚Ά,”‰¤q,”‰¤q‰w“μϋπ”Τ,132012,“‹“s,”‰¤qs,qΐ’¬‚P’–Ϊ,2020-09-23,12,“ΉHγ,‚»‚Μ‘Ό,‚ ‚θ
214,ή“,©“®”Μ”„‹@‚Λ‚η‚Ά,”‰¤q,”‰¤q‰w“μϋπ”Τ,132012,“‹“s,”‰¤qs,qΐ’¬‚P’–Ϊ,2020-09-23,15,“ΉHγ,‚»‚Μ‘Ό,‚ ‚θ
215,ή“,©“®”Μ”„‹@‚Λ‚η‚Ά,”‰¤q,”‰¤q‰w“μϋπ”Τ,132012,“‹“s,”‰¤qs,qΐ’¬‚P’–Ϊ,2020-09-24,15,“ΉHγ,‚»‚Μ‘Ό,‚ ‚θ
216,ή“,©“®”Μ”„‹@‚Λ‚η‚Ά,”‰¤q,”‰¤q‰w“μϋπ”Τ,132012,“‹“s,”‰¤qs,qΐ’¬‚P’–Ϊ,2020-09-25,16,“ΉHγ,‚»‚Μ‘Ό,‚ ‚θ
217,ή“,©“®”Μ”„‹@‚Λ‚η‚Ά,”‰¤q,”‰¤q‰w“μϋπ”Τ,132012,“‹“s,”‰¤qs,qΐ’¬‚Q’–Ϊ,2020-09-10,10,“ΉHγ,‚»‚Μ‘Ό,‚ ‚θ
218,ή“,©“®”Μ”„‹@‚Λ‚η‚Ά,”‰¤q,”‰¤q‰w“μϋπ”Τ,132012,“‹“s,”‰¤qs,qΐ’¬‚R’–Ϊ,2020-09-10,17,“ΉHγ,‚»‚Μ‘Ό,‚ ‚θ
219,ή“,©“®”Μ”„‹@‚Λ‚η‚Ά,”‰¤q,”‰¤q‰w“μϋπ”Τ,132012,“‹“s,”‰¤qs,qΐ’¬‚R’–Ϊ,2020-10-28,15,“ΉHγ,‚»‚Μ‘Ό,‚ ‚θ
220,ή“,©“®”Μ”„‹@‚Λ‚η‚Ά,”‰¤q,”‰¤q‰w“μϋπ”Τ,132012,“‹“s,”‰¤qs,qΐ’¬‚R’–Ϊ,2020-10-28,16,“ΉHγ,‚»‚Μ‘Ό,‚ ‚θ
221,ή“,©“®”Μ”„‹@‚Λ‚η‚Ά,”‰¤q,”‰¤q‰w“μϋπ”Τ,132012,“‹“s,”‰¤qs,qΐ’¬‚S’–Ϊ,2020-09-04,15,“ΉHγ,‚»‚Μ‘Ό,‚ ‚θ
222,ή“,©“®”Μ”„‹@‚Λ‚η‚Ά,”‰¤q,”‰¤q‰w“μϋπ”Τ,132012,“‹“s,”‰¤qs,›’¬,2020-08-28,10,“ΉHγ,‚»‚Μ‘Ό,‚ ‚θ
223,ή“,©“®”Μ”„‹@‚Λ‚η‚Ά,”‰¤q,”‰¤q‰w“μϋπ”Τ,132012,“‹“s,”‰¤qs,›’¬,2020-11-25,18,“ΉHγ,‚»‚Μ‘Ό,‚Θ‚µ
224,ή“,©“®”Μ”„‹@‚Λ‚η‚Ά,”‰¤q,”‰¤q‰w“μϋπ”Τ,132012,“‹“s,”‰¤qs,–’¬,2020-08-28,17,“ΉHγ,‚»‚Μ‘Ό,‚ ‚θ
225,ή“,©“®”Μ”„‹@‚Λ‚η‚Ά,”‰¤q,”‰¤q‰w–kϋπ”Τ,132012,“‹“s,”‰¤qs,V’¬,2020-08-26,9,’“Τi—Φjκ,’“Τi—Φjκ,‚ ‚θ
226,ή“,©“®”Μ”„‹@‚Λ‚η‚Ά,”‰¤q,”‰¤q‰w–kϋπ”Τ,132012,“‹“s,”‰¤qs,V’¬,2020-10-18,17,“ΉHγ,‚»‚Μ‘Ό,‚ ‚θ
227,ή“,©“®”Μ”„‹@‚Λ‚η‚Ά,”‰¤q,”‰¤q‰w–kϋπ”Τ,132012,“‹“s,”‰¤qs,–Ύ_’¬‚S’–Ϊ,2020-08-18,17,‚»‚Μ‘Ό,‚»‚Μ‘Ό,‚ ‚θ
228,ή“,©“®”Μ”„‹@‚Λ‚η‚Ά,”‰¤q,”‰¤q‰w–kϋπ”Τ,132012,“‹“s,”‰¤qs,–Ύ_’¬‚S’–Ϊ,2020-10-15,15,“ΉHγ,‚»‚Μ‘Ό,‚ ‚θ
229,ή“,©“®”Μ”„‹@‚Λ‚η‚Ά,”‰¤q,”‰¤q‰w–kϋπ”Τ,132012,“‹“s,”‰¤qs,‰΅R’¬,2020-10-22,16,“ΉHγ,‚»‚Μ‘Ό,‚ ‚θ
230,ή“,©“®”Μ”„‹@‚Λ‚η‚Ά,”‰¤q,³‰΅Rπ”Τ,132012,“‹“s,”‰¤qs,“c’¬,2020-09-14,13,“ΉHγ,‚»‚Μ‘Ό,‚ ‚θ
231,ή“,©“®”Μ”„‹@‚Λ‚η‚Ά,”‰¤q,³‰΅Rπ”Τ,132012,“‹“s,”‰¤qs,³‰΅R’¬‚P’–Ϊ,2020-09-16,16,“ΉHγ,‚»‚Μ‘Ό,‚ ‚θ
232,ή“,©“®”Μ”„‹@‚Λ‚η‚Ά,”‰¤q,³‰΅Rπ”Τ,132012,“‹“s,”‰¤qs,³‰΅R’¬‚Q’–Ϊ,2020-09-11,9,“ΉHγ,‚»‚Μ‘Ό,‚ ‚θ
233,ή“,©“®”Μ”„‹@‚Λ‚η‚Ά,”‰¤q,‹{‰Ί’“έ,132012,“‹“s,”‰¤qs,Λ’¬,2020-09-15,22,‚»‚Μ‘Ό,‚»‚Μ‘Ό,‚ ‚θ
234,ή“,©“®”Μ”„‹@‚Λ‚η‚Ά,”‰¤q,–k”‰¤qπ”Τ,132012,“‹“s,”‰¤qs,‚‘q’¬,2020-09-17,15,“ΉHγ,‚»‚Μ‘Ό,‚Θ‚µ
235,ή“,©“®”Μ”„‹@‚Λ‚η‚Ά,”‰¤q,¶“ό’¬’“έ,132012,“‹“s,”‰¤qs,’J–μ’¬,2020-04-09,12,“ΉHγ,‚»‚Μ‘Ό,‚ ‚θ
236,ή“,©“®”Μ”„‹@‚Λ‚η‚Ά,’¬“c,‹ΰXπ”Τ,132098,“‹“s,’¬“cs,‹ΰX‚Q’–Ϊ,2019-12-31,12,‚»‚Μ‘Ό,‚»‚Μ‘Ό,‚Θ‚µ
237,ή“,©“®”Μ”„‹@‚Λ‚η‚Ά,’¬“c,–μ’Γ“c’“έ,132098,“‹“s,’¬“cs,–μ’Γ“c’¬,2020-03-05,11,‚»‚Μ‘Ό,‚»‚Μ‘Ό,‚ ‚θ
238,ή“,©“®”Μ”„‹@‚Λ‚η‚Ά,’¬“c,¬–μH’“έ,132098,“‹“s,’¬“cs,¬–μH’¬,2020-02-28,10,‚»‚Μ‘Ό,‚»‚Μ‘Ό,‚ ‚θ
239,ή“,©“®”Μ”„‹@‚Λ‚η‚Ά,Ί“‡,–xό’“έ,132071,“‹“s,Ί“‡s,•‘ –μ‚R’–Ϊ,2020-10-29,17,‚»‚Μ‘Ό,‚»‚Μ‘Ό,‚ ‚θ
240,ή“,©“®”Μ”„‹@‚Λ‚η‚Ά,Ί“‡,“’†_‰w‘Oπ”Τ,132071,“‹“s,Ί“‡s,•“‡’¬,2020-10-01,13,‚»‚Μ‘Ό,‚»‚Μ‘Ό,‚ ‚θ
241,ή“,©“®”Μ”„‹@‚Λ‚η‚Ά,—§μ,‹Ρ’¬π”Τ,132021,“‹“s,—§μs,‹Ρ’¬‚P’–Ϊ,2020-04-04,18,‚»‚Μ‘Ό,‚»‚Μ‘Ό,‚ ‚θ
242,ή“,©“®”Μ”„‹@‚Λ‚η‚Ά,—§μ,—§“ϊ‹΄π”Τ,132021,“‹“s,—§μs,‹Ρ’¬‚U’–Ϊ,2020-09-04,10,“ΉHγ,‚»‚Μ‘Ό,‚ ‚θ
243,ή“,©“®”Μ”„‹@‚Λ‚η‚Ά,—§μ,—§μ‰w“μϋπ”Τ,132021,“‹“s,—§μs,Δθ’¬‚Q’–Ϊ,2020-07-10,14,“ΉHγ,‚»‚Μ‘Ό,‚ ‚θ
244,ή“,©“®”Μ”„‹@‚Λ‚η‚Ά,—§μ,—§μ‰w–kϋπ”Τ,132021,“‹“s,—§μs,’¬‚Q’–Ϊ,2020-09-02,16,“ΉHγ,‚»‚Μ‘Ό,‚ ‚θ
245,ή“,©“®”Μ”„‹@‚Λ‚η‚Ά,—§μ,—§μ‰w–kϋπ”Τ,132021,“‹“s,—§μs,’¬‚Q’–Ϊ,2020-09-23,17,“ΉHγ,‚»‚Μ‘Ό,‚ ‚θ
246,ή“,©“®”Μ”„‹@‚Λ‚η‚Ά,—§μ,“V‰¤‹΄π”Τ,132021,“‹“s,—§μs,Ό»’¬‚P’–Ϊ,2020-07-26,18,“ΉHγ,‚»‚Μ‘Ό,‚ ‚θ
247,ή“,©“®”Μ”„‹@‚Λ‚η‚Ά,—§μ,“V‰¤‹΄π”Τ,132021,“‹“s,—§μs,Ό»’¬‚U’–Ϊ,2020-07-02,23,“ΉHγ,‚»‚Μ‘Ό,‚ ‚θ
248,ή“,©“®”Μ”„‹@‚Λ‚η‚Ά,•{’†,”όD’¬π”Τ,132063,“‹“s,•{’†s,•Π’¬‚P’–Ϊ,2020-10-27,10,‚»‚Μ‘Ό,‚»‚Μ‘Ό,‚ ‚θ
249,ή“,©“®”Μ”„‹@‚Λ‚η‚Ά,•{’†,¥­π”Τ,132063,“‹“s,•{’†s,¬–φ’¬‚U’–Ϊ,2020-07-15,11,“ΉHγ,‚»‚Μ‘Ό,‚ ‚θ
250,ή“,©“®”Μ”„‹@‚Λ‚η‚Ά,•{’†,‘ζά’†wZ‘Oπ”Τ,132063,“‹“s,•{’†s,V’¬‚P’–Ϊ,2020-11-12,15,“ΉHγ,‚»‚Μ‘Ό,‚ ‚θ
251,ή“,©“®”Μ”„‹@‚Λ‚η‚Ά,•{’†,‘ε‘°π”Τ,132063,“‹“s,•{’†s,‹{Ό’¬‚R’–Ϊ,2020-10-19,9,“ΉHγ,‚»‚Μ‘Ό,‚ ‚θ
252,ή“,©“®”Μ”„‹@‚Λ‚η‚Ά,•{’†,‘ε‘°π”Τ,132063,“‹“s,•{’†s,‹{Ό’¬‚S’–Ϊ,2020-10-19,10,“ΉHγ,‚»‚Μ‘Ό,‚ ‚θ
253,ή“,©“®”Μ”„‹@‚Λ‚η‚Ά,•{’†,‘ε‘°π”Τ,132063,“‹“s,•{’†s,‹{Ό’¬‚S’–Ϊ,2020-10-27,10,“ΉHγ,‚»‚Μ‘Ό,‚ ‚θ
254,ή“,©“®”Μ”„‹@‚Λ‚η‚Ά,¬‹ΰδ,“¬‹ΰδ‰w‘Oπ”Τ,132101,“‹“s,¬‹ΰδs,–μ’¬‚Q’–Ϊ,2020-08-20,0,“ΉHγ,‚»‚Μ‘Ό,‚ ‚θ
255,ή“,©“®”Μ”„‹@‚Λ‚η‚Ά,¬‹ΰδ,Ρδ“μ’¬π”Τ,132144,“‹“s,‘•›s,“μ’¬‚P’–Ϊ,2019-09-26,16,‚»‚Μ‘Ό,‚»‚Μ‘Ό,‚ ‚θ
256,ή“,©“®”Μ”„‹@‚Λ‚η‚Ά,¬‹ΰδ,υ’¬π”Τ,132144,“‹“s,‘•›s,“ϊ‹g’¬‚R’–Ϊ,2020-07-22,13,‚»‚Μ‘Ό,‚»‚Μ‘Ό,‚ ‚θ
257,ή“,©“®”Μ”„‹@‚Λ‚η‚Ά,¬‹ΰδ,‘•›‰w“μϋπ”Τ,132144,“‹“s,‘•›s,“μ’¬‚R’–Ϊ,2020-10-30,16,“ΉHγ,‚»‚Μ‘Ό,‚ ‚θ
258,ή“,©“®”Μ”„‹@‚Λ‚η‚Ά,¬‹ΰδ,•‘ ¬‹ΰδ‰w‘Oπ”Τ,132101,“‹“s,¬‹ΰδs,–{’¬‚P’–Ϊ,2020-08-06,9,‚»‚Μ‘Ό,‚»‚Μ‘Ό,‚ ‚θ
259,ή“,©“®”Μ”„‹@‚Λ‚η‚Ά,¬‹ΰδ,•‘ ¬‹ΰδ‰w‘Oπ”Τ,132101,“‹“s,¬‹ΰδs,–{’¬‚P’–Ϊ,2020-08-11,10,‚»‚Μ‘Ό,‚»‚Μ‘Ό,‚ ‚θ
260,ή“,©“®”Μ”„‹@‚Λ‚η‚Ά,¬‹ΰδ,•‘ ¬‹ΰδ‰w‘Oπ”Τ,132101,“‹“s,¬‹ΰδs,–{’¬‚T’–Ϊ,2020-02-17,15,“ΉHγ,‚»‚Μ‘Ό,‚ ‚θ
261,ή“,©“®”Μ”„‹@‚Λ‚η‚Ά,¬‹ΰδ,•‘ ¬‹ΰδ‰w‘Oπ”Τ,132101,“‹“s,¬‹ΰδs,–{’¬‚T’–Ϊ,2020-09-16,16,‚»‚Μ‘Ό,‚»‚Μ‘Ό,‚ ‚θ
262,ή“,©“®”Μ”„‹@‚Λ‚η‚Ά,“c–³,“c–³‰w‘Oπ”Τ,132292,“‹“s,Ό“‹s,“c–³’¬‚Q’–Ϊ,2020-11-16,11,‚»‚Μ‘Ό,‚»‚Μ‘Ό,‚ ‚θ
263,ή“,©“®”Μ”„‹@‚Λ‚η‚Ά,“c–³,“c–³‰w‘Oπ”Τ,132292,“‹“s,Ό“‹s,“μ’¬‚R’–Ϊ,2020-11-17,9,‚»‚Μ‘Ό,‚»‚Μ‘Ό,‚ ‚θ
264,ή“,©“®”Μ”„‹@‚Λ‚η‚Ά,“c–³,“‹v—―•Δ‰w‘Oπ”Τ,132225,“‹“s,“‹v—―•Δs,•Xμ‘δ‚P’–Ϊ,2020-08-09,22,‚»‚Μ‘Ό,‚»‚Μ‘Ό,‚ ‚θ
265,ή“,©“®”Μ”„‹@‚Λ‚η‚Ά,“c–³,“‹v—―•Δ‰w‘Oπ”Τ,132225,“‹“s,“‹v—―•Δs,•Xμ‘δ‚P’–Ϊ,2020-08-14,1,‚»‚Μ‘Ό,‚»‚Μ‘Ό,‚ ‚θ
266,ή“,©“®”Μ”„‹@‚Λ‚η‚Ά,“c–³,“‹v—―•Δ‰w‘Oπ”Τ,132225,“‹“s,“‹v—―•Δs,•Xμ‘δ‚P’–Ϊ,2020-08-29,22,‚»‚Μ‘Ό,‚»‚Μ‘Ό,‚ ‚θ
267,ή“,©“®”Μ”„‹@‚Λ‚η‚Ά,“‘ΊR,‹v•Δμ‰w‘Oπ”Τ,132136,“‹“s,“‘ΊRs,‰h’¬‚Q’–Ϊ,2020-07-04,22,‚»‚Μ‘Ό,‚»‚Μ‘Ό,‚Θ‚µ
268,ή“,©“®”Μ”„‹@‚Λ‚η‚Ά,“‘ΊR,‰Ί΄Λ’“έ,132217,“‹“s,΄£s,’†΄Λ‚T’–Ϊ,2020-09-19,17,‚»‚Μ‘Ό,‚»‚Μ‘Ό,‚ ‚θ
269,ή“,©“®”Μ”„‹@‚Λ‚η‚Ά,•‘ –μ,O‘ι‰w–kϋπ”Τ,132039,“‹“s,•‘ –μs,Ό‹v•Ϋ‚P’–Ϊ,2020-07-27,11,‚»‚Μ‘Ό,‚»‚Μ‘Ό,‚ ‚θ
270,ή“,©“®”Μ”„‹@‚Λ‚η‚Ά,•‘ –μ,””¦’¬π”Τ,132039,“‹“s,•‘ –μs,Φ‘O‚R’–Ϊ,2020-10-22,15,“ΉHγ,‚»‚Μ‘Ό,‚ ‚θ
271,ή“,©“®”Μ”„‹@‚Λ‚η‚Ά,•‘ –μ,””¦’¬π”Τ,132039,“‹“s,•‘ –μs,””¦’¬‚P’–Ϊ,2020-11-04,10,“ΉHγ,‚»‚Μ‘Ό,‚ ‚θ
272,ή“,©“®”Μ”„‹@‚Λ‚η‚Ά,•‘ –μ,χ’ηπ”Τ,132039,“‹“s,•‘ –μs,‹«‚Q’–Ϊ,2020-04-14,21,‚»‚Μ‘Ό,‚»‚Μ‘Ό,‚ ‚θ
273,ή“,©“®”Μ”„‹@‚Λ‚η‚Ά,•‘ –μ,χ’ηπ”Τ,132039,“‹“s,•‘ –μs,‹«‚Q’–Ϊ,2020-08-24,15,‚»‚Μ‘Ό,‚»‚Μ‘Ό,‚ ‚θ
274,ή“,©“®”Μ”„‹@‚Λ‚η‚Ά,•‘ –μ,•‘ ‹«‰w“μϋπ”Τ,132039,“‹“s,•‘ –μs,‹«“μ’¬‚Q’–Ϊ,2020-08-13,8,“ΉHγ,‚»‚Μ‘Ό,‚ ‚θ
275,ή“,©“®”Μ”„‹@‚Λ‚η‚Ά,•‘ –μ,•‘ ‹«‰w“μϋπ”Τ,132039,“‹“s,•‘ –μs,‹«‚Q’–Ϊ,2020-04-14,19,‚»‚Μ‘Ό,‚»‚Μ‘Ό,‚ ‚θ
276,ή“,©“®”Μ”„‹@‚Λ‚η‚Ά,•‘ –μ,—Ξ’¬π”Τ,132039,“‹“s,•‘ –μs,Ό‹v•Ϋ‚R’–Ϊ,2020-10-19,12,‚»‚Μ‘Ό,‚»‚Μ‘Ό,‚ ‚θ
277,ή“,©“®”Μ”„‹@‚Λ‚η‚Ά,O‘ι,’†εμπ”Τ,132047,“‹“s,O‘ιs,’†΄‚Q’–Ϊ,2020-02-10,21,“ΉHγ,‚»‚Μ‘Ό,‚Θ‚µ
278,ή“,©“®”Μ”„‹@‚Λ‚η‚Ά,’²•z,’–•ϋπ”Τ,132195,“‹“s,]s,‹ξδ’¬‚Q’–Ϊ,2020-04-10,17,“ΉHγ,‚»‚Μ‘Ό,‚ ‚θ
279,ή“,©“®”Μ”„‹@‚Λ‚η‚Ά,’²•z,‹e–μ‘δπ”Τ,132080,“‹“s,’²•zs,Ό‚Β‚Β‚¶ƒP‹u‚S’–Ϊ,2020-11-30,19,“ΉHγ,‚»‚Μ‘Ό,‚ ‚θ
280,ή“,©“®”Μ”„‹@‚Λ‚η‚Ά,’²•z,aς‘½–€μπ”Τ,132195,“‹“s,]s,“aς‚Q’–Ϊ,2020-07-04,17,‚»‚Μ‘Ό,‚»‚Μ‘Ό,‚ ‚θ
281,ή“,©“®”Μ”„‹@‚Λ‚η‚Ά,’²•z,aς‘½–€μπ”Τ,132195,“‹“s,]s,“aς‚R’–Ϊ,2020-05-26,16,“ΉHγ,‚»‚Μ‘Ό,‚ ‚θ
282,ή“,©“®”Μ”„‹@‚Λ‚η‚Ά,’²•z,’²•z‰w‘Oπ”Τ,132080,“‹“s,’²•zs,•z“c‚P’–Ϊ,2020-04-13,15,‚»‚Μ‘Ό,‚»‚Μ‘Ό,‚ ‚θ
283,ή“,©“®”Μ”„‹@‚Λ‚η‚Ά,¬•½,¬μ‰w‘Oπ”Τ,132110,“‹“s,¬•½s,¬μ’¬‚P’–Ϊ,2020-06-22,9,‚»‚Μ‘Ό,’“Τi—Φjκ,‚ ‚θ
284,ή“,©“®”Μ”„‹@‚Λ‚η‚Ά,¬}΄,•κ“‡’“έ,134210,“‹“s,¬}΄‘Ί,,2020-10-11,16,‚»‚Μ‘Ό,‚»‚Μ‘Ό,‚ ‚θ
